"","effect","group","level","term","estimate","std.error","conf.low","conf.high"
"1","ran_vals","distrito_nombre2","10101-Carmen","(Intercept)",1605.2198300682,53.1339907938798,1501.07912175731,1709.36053837909
"2","ran_vals","distrito_nombre2","10102-Merced","(Intercept)",-144.840292224214,53.1339907938798,-248.981000535102,-40.6995839133273
"3","ran_vals","distrito_nombre2","10103-Hospital","(Intercept)",-49.3466819840056,53.1339907938798,-153.487390294893,54.7940263268815
"4","ran_vals","distrito_nombre2","10104-Catedral","(Intercept)",60.152860216385,53.1339907938798,-43.9878480945022,164.293568527272
"5","ran_vals","distrito_nombre2","10105-Zapote","(Intercept)",-130.390619401534,53.1339907938798,-234.531327712421,-26.2499110906468
"6","ran_vals","distrito_nombre2","10106-San Francisco de Dos Ríos","(Intercept)",-204.157678586381,53.1339907938798,-308.298386897268,-100.016970275493
"7","ran_vals","distrito_nombre2","10107-Uruca","(Intercept)",-369.721178693238,53.1339907938798,-473.861887004125,-265.580470382351
"8","ran_vals","distrito_nombre2","10108-Mata Redonda","(Intercept)",-90.9110909825603,53.1339907938798,-195.051799293447,13.2296173283269
"9","ran_vals","distrito_nombre2","10109-Pavas","(Intercept)",-290.755220064337,53.1339907938798,-394.895928375225,-186.61451175345
"10","ran_vals","distrito_nombre2","10110-Hatillo","(Intercept)",-176.464024965526,53.1339907938798,-280.604733276414,-72.3233166546392
"11","ran_vals","distrito_nombre2","10111-San Sebastián","(Intercept)",-208.785903387933,53.1339907938798,-312.92661169882,-104.645195077045
"12","ran_vals","distrito_nombre2","10201-Escazú","(Intercept)",200.090743937973,53.1339907938798,95.9500356270858,304.23145224886
"13","ran_vals","distrito_nombre2","10202-San Antonio","(Intercept)",-155.670999013031,53.1339907938798,-259.811707323919,-51.5302907021442
"14","ran_vals","distrito_nombre2","10203-San Rafael","(Intercept)",-44.419744924943,53.1339907938798,-148.56045323583,59.7209633859442
"15","ran_vals","distrito_nombre2","10301-Desamparados","(Intercept)",261.319857717995,53.1339907938798,157.179149407108,365.460566028882
"16","ran_vals","distrito_nombre2","10302-San Miguel","(Intercept)",39.4302033186491,53.1339907938798,-64.7105049922381,143.570911629536
"17","ran_vals","distrito_nombre2","10303-San Juan de Dios","(Intercept)",-69.4494446877624,53.1339907938798,-173.59015299865,34.6912636231248
"18","ran_vals","distrito_nombre2","10304-San Rafael Arriba","(Intercept)",47.9628851105911,53.1339907938798,-56.1778232002961,152.103593421478
"19","ran_vals","distrito_nombre2","10305-San Antonio","(Intercept)",91.6435024953692,53.1339907938798,-12.497205815518,195.784210806256
"20","ran_vals","distrito_nombre2","10306-Frailes","(Intercept)",3.21943460598498,53.1339907938798,-100.921273704902,107.360142916872
"21","ran_vals","distrito_nombre2","10307-Patarrá","(Intercept)",-46.7528923697718,53.1339907938798,-150.893600680659,57.3878159411154
"22","ran_vals","distrito_nombre2","10308-San Cristóbal","(Intercept)",-50.5521269988744,53.1339907938798,-154.692835309762,53.5885813120128
"23","ran_vals","distrito_nombre2","10309-Rosario","(Intercept)",-46.9491535159096,53.1339907938798,-151.089861826797,57.1915547949776
"24","ran_vals","distrito_nombre2","10310-Damas","(Intercept)",-72.178666007357,53.1339907938798,-176.319374318244,31.9620423035302
"25","ran_vals","distrito_nombre2","10311-San Rafael Abajo","(Intercept)",-55.9229416326757,53.1339907938798,-160.063649943563,48.2177666782115
"26","ran_vals","distrito_nombre2","10312-Gravilias","(Intercept)",40.1056157214347,53.1339907938798,-64.0350925894524,144.246324032322
"27","ran_vals","distrito_nombre2","10313-Los Guido","(Intercept)",-141.876273757671,53.1339907938798,-246.016982068558,-37.735565446784
"28","ran_vals","distrito_nombre2","10401-Santiago","(Intercept)",79.4104061431678,53.1339907938798,-24.7303021677194,183.551114454055
"29","ran_vals","distrito_nombre2","10402-Mercedes Sur","(Intercept)",-49.626694100421,53.1339907938798,-153.767402411308,54.5140142104661
"30","ran_vals","distrito_nombre2","10403-Barbacoas","(Intercept)",79.8665074230081,53.1339907938798,-24.2742008878791,184.007215733895
"31","ran_vals","distrito_nombre2","10404-Grifo Alto","(Intercept)",-10.9669338122919,53.1339907938798,-115.107642123179,93.1737744985952
"32","ran_vals","distrito_nombre2","10405-San Rafael","(Intercept)",-25.0000053594908,53.1339907938798,-129.140713670378,79.1407029513963
"33","ran_vals","distrito_nombre2","10406-Candelarita","(Intercept)",164.578755988084,53.1339907938798,60.4380476771968,268.719464298971
"34","ran_vals","distrito_nombre2","10407-Desamparaditos","(Intercept)",-77.9840521256853,53.1339907938798,-182.124760436572,26.1566561852019
"35","ran_vals","distrito_nombre2","10408-San Antonio","(Intercept)",-26.7766088597056,53.1339907938798,-130.917317170593,77.3640994511816
"36","ran_vals","distrito_nombre2","10409-Chires","(Intercept)",-133.501375296636,53.1339907938798,-237.642083607523,-29.3606669857491
"37","ran_vals","distrito_nombre2","10501-San Marcos","(Intercept)",87.6943165013764,53.1339907938798,-16.4463918095108,191.835024812264
"38","ran_vals","distrito_nombre2","10502-San Lorenzo","(Intercept)",-66.5769747337811,53.1339907938798,-170.717683044668,37.5637335771061
"39","ran_vals","distrito_nombre2","10503-San Carlos","(Intercept)",-21.1173417675966,53.1339907938798,-125.258050078484,83.0233665432905
"40","ran_vals","distrito_nombre2","10601-Aserrí","(Intercept)",50.7823179019432,53.1339907938798,-53.358390408944,154.92302621283
"41","ran_vals","distrito_nombre2","10602-Tarbaca","(Intercept)",250.520007073776,53.1339907938798,146.379298762889,354.660715384664
"42","ran_vals","distrito_nombre2","10603-Vuelta de Jorco","(Intercept)",-52.8746556084544,53.1339907938798,-157.015363919342,51.2660527024328
"43","ran_vals","distrito_nombre2","10604-San Gabriel","(Intercept)",-59.5297884787321,53.1339907938798,-163.670496789619,44.6109198321551
"44","ran_vals","distrito_nombre2","10605-Legua","(Intercept)",-150.847926231319,53.1339907938798,-254.988634542206,-46.7072179204316
"45","ran_vals","distrito_nombre2","10606-Monterrey","(Intercept)",182.035391521454,53.1339907938798,77.8946832105667,286.176099832341
"46","ran_vals","distrito_nombre2","10607-Salitrillos","(Intercept)",-220.08534617868,53.1339907938798,-324.226054489567,-115.944637867793
"47","ran_vals","distrito_nombre2","10701-Colón","(Intercept)",90.6228038452127,53.1339907938798,-13.5179044656744,194.7635121561
"48","ran_vals","distrito_nombre2","10702-Guayabo","(Intercept)",91.1660049358193,53.1339907938798,-12.9747033750679,195.306713246706
"49","ran_vals","distrito_nombre2","10703-Tabarcia","(Intercept)",257.382487058725,53.1339907938798,153.241778747838,361.523195369612
"50","ran_vals","distrito_nombre2","10704-Piedras Negras","(Intercept)",-63.8312044399115,53.1339907938798,-167.971912750799,40.3095038709757
"51","ran_vals","distrito_nombre2","10705-Picagres","(Intercept)",16.2361059323743,53.1339907938798,-87.9046023785129,120.376814243261
"52","ran_vals","distrito_nombre2","10706-Jaris","(Intercept)",-178.34865418029,53.1339907938798,-282.489362491178,-74.2079458694032
"53","ran_vals","distrito_nombre2","10707-Quitirrisí","(Intercept)",-213.227543151918,62.274084854297,-335.282506636531,-91.1725796673045
"54","ran_vals","distrito_nombre2","10801-Guadalupe","(Intercept)",534.433915598485,53.1339907938798,430.293207287598,638.574623909372
"55","ran_vals","distrito_nombre2","10802-San Francisco","(Intercept)",119.943820441658,53.1339907938798,15.8031121307706,224.084528752545
"56","ran_vals","distrito_nombre2","10803-Calle Blancos","(Intercept)",-116.611781154129,53.1339907938798,-220.752489465016,-12.4710728432418
"57","ran_vals","distrito_nombre2","10804-Mata de Plátano","(Intercept)",-205.50147897718,53.1339907938798,-309.642187288067,-101.360770666293
"58","ran_vals","distrito_nombre2","10805-Ipís","(Intercept)",-76.5124565824205,53.1339907938798,-180.653164893308,27.6282517284667
"59","ran_vals","distrito_nombre2","10806-Rancho Redondo","(Intercept)",-45.8320967442749,53.1339907938798,-149.972805055162,58.3086115666123
"60","ran_vals","distrito_nombre2","10807-Purral","(Intercept)",-209.919922582129,53.1339907938798,-314.060630893016,-105.779214271242
"61","ran_vals","distrito_nombre2","10901-Santa Ana","(Intercept)",139.297767903512,53.1339907938798,35.1570595926247,243.438476214399
"62","ran_vals","distrito_nombre2","10902-Salitral","(Intercept)",-59.1153621258414,53.1339907938798,-163.256070436729,45.0253461850458
"63","ran_vals","distrito_nombre2","10903-Pozos","(Intercept)",-59.9629190833031,53.1339907938798,-164.10362739419,44.1777892275841
"64","ran_vals","distrito_nombre2","10904-Uruca","(Intercept)",41.648495032162,53.1339907938798,-62.4922132787252,145.789203343049
"65","ran_vals","distrito_nombre2","10905-Piedades","(Intercept)",8.80642175348006,53.1339907938798,-95.3342865574071,112.947130064367
"66","ran_vals","distrito_nombre2","10906-Brasil","(Intercept)",-70.6744034799915,53.1339907938798,-174.815111790879,33.4663048308957
"67","ran_vals","distrito_nombre2","11001-Alajuelita","(Intercept)",209.849628720895,53.1339907938798,105.708920410008,313.990337031782
"68","ran_vals","distrito_nombre2","11002-San Josecito","(Intercept)",31.3673023054648,53.1339907938798,-72.7734060054224,135.508010616352
"69","ran_vals","distrito_nombre2","11003-San Antonio","(Intercept)",-171.696473337895,53.1339907938798,-275.837181648782,-67.5557650270075
"70","ran_vals","distrito_nombre2","11004-Concepción","(Intercept)",-2.5860519930238,53.1339907938798,-106.726760303911,101.554656317863
"71","ran_vals","distrito_nombre2","11005-San Felipe","(Intercept)",-66.9344056954486,53.1339907938798,-171.075114006336,37.2063026154386
"72","ran_vals","distrito_nombre2","11101-San Isidro","(Intercept)",116.63675550604,53.1339907938798,12.4960471951527,220.777463816927
"73","ran_vals","distrito_nombre2","11102-San Rafael","(Intercept)",11.4860220640409,53.1339907938798,-92.6546862468462,115.626730374928
"74","ran_vals","distrito_nombre2","11103-Dulce Nombre de Jesús","(Intercept)",-5.80687879168519,53.1339907938798,-109.947587102572,98.333829519202
"75","ran_vals","distrito_nombre2","11104-Patalillo","(Intercept)",-52.4675662548644,53.1339907938798,-156.608274565752,51.6731420560228
"76","ran_vals","distrito_nombre2","11105-Cascajal","(Intercept)",-69.8483325235514,53.1339907938798,-173.989040834439,34.2923757873358
"77","ran_vals","distrito_nombre2","11201-San Ignacio","(Intercept)",110.582805833658,53.1339907938798,6.44209752277075,214.723514144545
"78","ran_vals","distrito_nombre2","11202-Guaitil","(Intercept)",76.0670592673952,53.1339907938798,-28.073649043492,180.207767578282
"79","ran_vals","distrito_nombre2","11203-Palmichal","(Intercept)",-116.781562705691,53.1339907938798,-220.922271016578,-12.6408543948035
"80","ran_vals","distrito_nombre2","11204-Cangrejal","(Intercept)",-4.10055423456983,53.1339907938798,-108.241262545457,100.040154076317
"81","ran_vals","distrito_nombre2","11205-Sabanillas","(Intercept)",-65.7677481608023,53.1339907938798,-169.908456471689,38.3729601500849
"82","ran_vals","distrito_nombre2","11301-San Juan","(Intercept)",150.408392913334,53.1339907938798,46.2676846024466,254.549101224221
"83","ran_vals","distrito_nombre2","11302-Cinco Esquinas","(Intercept)",172.817018134325,53.1339907938798,68.6763098234378,276.957726445212
"84","ran_vals","distrito_nombre2","11303-Anselmo Llorente","(Intercept)",-29.9687655179036,53.1339907938798,-134.109473828791,74.1719427929836
"85","ran_vals","distrito_nombre2","11304-León XIII","(Intercept)",-99.5713061525441,53.1339907938798,-203.712014463431,4.56940215834312
"86","ran_vals","distrito_nombre2","11305-Colima","(Intercept)",-193.685339377174,53.1339907938798,-297.826047688061,-89.5446310662868
"87","ran_vals","distrito_nombre2","11401-San Vicente","(Intercept)",185.265318083826,53.1339907938798,81.1246097729389,289.406026394713
"88","ran_vals","distrito_nombre2","11402-San Jerónimo","(Intercept)",-81.4860217205113,53.1339907938798,-185.626730031398,22.6546865903759
"89","ran_vals","distrito_nombre2","11403-La Trinidad","(Intercept)",-103.779296363311,53.1339907938798,-207.920004674198,0.361411947576642
"90","ran_vals","distrito_nombre2","11501-San Pedro","(Intercept)",152.552034628979,53.1339907938798,48.4113263180921,256.692742939866
"91","ran_vals","distrito_nombre2","11502-Sabanilla","(Intercept)",98.2714442001425,53.1339907938798,-5.86926411074467,202.41215251103
"92","ran_vals","distrito_nombre2","11503-Mercedes","(Intercept)",-137.808063519396,53.1339907938798,-241.948771830283,-33.667355208509
"93","ran_vals","distrito_nombre2","11504-San Rafael","(Intercept)",-113.015415309733,53.1339907938798,-217.15612362062,-8.87470699884591
"94","ran_vals","distrito_nombre2","11601-San Pablo","(Intercept)",165.531732138856,53.1339907938798,61.3910238279686,269.672440449743
"95","ran_vals","distrito_nombre2","11602-San Pedro","(Intercept)",-0.444473578208669,53.1339907938798,-104.585181889096,103.696234732679
"96","ran_vals","distrito_nombre2","11603-San Juan de Mata","(Intercept)",30.0927281674408,53.1339907938798,-74.0479801434464,134.233436478328
"97","ran_vals","distrito_nombre2","11604-San Luis","(Intercept)",-74.7367447282123,53.1339907938798,-178.877453039099,29.4039635826749
"98","ran_vals","distrito_nombre2","11605-Carara","(Intercept)",-120.443241999876,53.1339907938798,-224.583950310763,-16.3025336889888
"99","ran_vals","distrito_nombre2","11701-Santa María","(Intercept)",219.886158745419,53.1339907938798,115.745450434532,324.026867056306
"100","ran_vals","distrito_nombre2","11702-Jardín","(Intercept)",-136.803871619633,53.1339907938798,-240.94457993052,-32.6631633087456
"101","ran_vals","distrito_nombre2","11703-Copey","(Intercept)",-83.0822871257921,53.1339907938798,-187.222995436679,21.058421185095
"102","ran_vals","distrito_nombre2","11801-Curridabat","(Intercept)",119.657863697201,53.1339907938798,15.5171553863136,223.798572008088
"103","ran_vals","distrito_nombre2","11802-Granadilla","(Intercept)",-61.6412851351528,53.1339907938798,-165.78199344604,42.4994231757344
"104","ran_vals","distrito_nombre2","11803-Sánchez","(Intercept)",-14.336816478837,53.1339907938798,-118.477524789724,89.8038918320501
"105","ran_vals","distrito_nombre2","11804-Tirrases","(Intercept)",-43.6797620832291,53.1339907938798,-147.820470394116,60.460946227658
"106","ran_vals","distrito_nombre2","11901-San Isidro de El General","(Intercept)",66.6368862773249,53.1339907938798,-37.5038220335623,170.777594588212
"107","ran_vals","distrito_nombre2","11902-El General","(Intercept)",1.60763350996817,53.1339907938798,-102.533074800919,105.748341820855
"108","ran_vals","distrito_nombre2","11903-Daniel Flores","(Intercept)",-0.653975799058055,53.1339907938798,-104.794684109945,103.486732511829
"109","ran_vals","distrito_nombre2","11904-Rivas","(Intercept)",-49.5343266109159,53.1339907938798,-153.675034921803,54.6063816999713
"110","ran_vals","distrito_nombre2","11905-San Pedro","(Intercept)",-53.4979885140994,53.1339907938798,-157.638696824987,50.6427197967877
"111","ran_vals","distrito_nombre2","11906-Platanares","(Intercept)",23.3719912664362,53.1339907938798,-80.7687170444509,127.512699577323
"112","ran_vals","distrito_nombre2","11907-Pejibaye","(Intercept)",275.647760157485,53.1339907938798,171.507051846597,379.788468468372
"113","ran_vals","distrito_nombre2","11908-Cajón","(Intercept)",-5.49247705954572,53.1339907938798,-109.633185370433,98.6482312513415
"114","ran_vals","distrito_nombre2","11909-Barú","(Intercept)",-44.4464655422804,53.1339907938798,-148.587173853168,59.6942427686068
"115","ran_vals","distrito_nombre2","11910-Río Nuevo","(Intercept)",-34.6965669265566,53.1339907938798,-138.837275237444,69.4441413843305
"116","ran_vals","distrito_nombre2","11911-Páramo","(Intercept)",8.45081446751,53.1339907938798,-95.6898938433772,112.591522778397
"117","ran_vals","distrito_nombre2","11912-La Amistad","(Intercept)",-187.393285226292,62.274084854297,-309.448248710906,-65.338321741679
"118","ran_vals","distrito_nombre2","12001-San Pablo","(Intercept)",43.4652074591633,53.1339907938798,-60.6755008517239,147.60591577005
"119","ran_vals","distrito_nombre2","12002-San Andrés","(Intercept)",-114.72242322869,53.1339907938798,-218.863131539577,-10.5817149178031
"120","ran_vals","distrito_nombre2","12003-Llano Bonito","(Intercept)",58.2382617578611,53.1339907938798,-45.9024465530261,162.378970068748
"121","ran_vals","distrito_nombre2","12004-San Isidro","(Intercept)",-36.0040083372063,53.1339907938798,-140.144716648093,68.1366999736809
"122","ran_vals","distrito_nombre2","12005-Santa Cruz","(Intercept)",-17.9385906119214,53.1339907938798,-122.079298922809,86.2021176989658
"123","ran_vals","distrito_nombre2","12006-San Antonio","(Intercept)",66.9615529608036,53.1339907938798,-37.1791553500836,171.102261271691
"124","ran_vals","distrito_nombre2","20101-Alajuela","(Intercept)",397.179663570891,53.1339907938798,293.038955260004,501.320371881779
"125","ran_vals","distrito_nombre2","20102-San José","(Intercept)",-32.1929546150213,53.1339907938798,-136.333662925908,71.9477536958659
"126","ran_vals","distrito_nombre2","20103-Carrizal","(Intercept)",-20.7790319857921,53.1339907938798,-124.919740296679,83.3616763250951
"127","ran_vals","distrito_nombre2","20104-San Antonio","(Intercept)",-2.14962107381525,53.1339907938798,-106.290329384702,101.991087237072
"128","ran_vals","distrito_nombre2","20105-Guácima","(Intercept)",-46.3783332058238,53.1339907938798,-150.519041516711,57.7623751050634
"129","ran_vals","distrito_nombre2","20106-San Isidro","(Intercept)",-77.053123502484,53.1339907938798,-181.193831813371,27.0875848084032
"130","ran_vals","distrito_nombre2","20107-Sabanilla","(Intercept)",-98.6723509324297,53.1339907938798,-202.813059243317,5.4683573784575
"131","ran_vals","distrito_nombre2","20108-San Rafael","(Intercept)",-85.2262319116276,53.1339907938798,-189.366940222515,18.9144763992596
"132","ran_vals","distrito_nombre2","20109-Río Segundo","(Intercept)",79.6729041373313,53.1339907938798,-24.4678041735559,183.813612448218
"133","ran_vals","distrito_nombre2","20110-Desamparados","(Intercept)",-24.1846661598377,53.1339907938798,-128.325374470725,79.9560421510494
"134","ran_vals","distrito_nombre2","20111-Turrúcares","(Intercept)",52.4574332450607,53.1339907938798,-51.6832750658265,156.598141555948
"135","ran_vals","distrito_nombre2","20112-Tambor","(Intercept)",30.2055833731646,53.1339907938798,-73.9351249377226,134.346291684052
"136","ran_vals","distrito_nombre2","20113-Garita","(Intercept)",-14.4771725748198,53.1339907938798,-118.617880885707,89.6635357360674
"137","ran_vals","distrito_nombre2","20114-Sarapiquí","(Intercept)",-158.402098364867,53.1339907938798,-262.542806675754,-54.2613900539799
"138","ran_vals","distrito_nombre2","20201-San Ramón","(Intercept)",542.255711023322,53.1339907938798,438.115002712435,646.396419334209
"139","ran_vals","distrito_nombre2","20202-Santiago","(Intercept)",-51.9270810072107,53.1339907938798,-156.067789318098,52.2136273036765
"140","ran_vals","distrito_nombre2","20203-San Juan","(Intercept)",84.5016733471749,53.1339907938798,-19.6390349637123,188.642381658062
"141","ran_vals","distrito_nombre2","20204-Piedades Norte","(Intercept)",-103.598601918552,53.1339907938798,-207.739310229439,0.542106392335327
"142","ran_vals","distrito_nombre2","20205-Piedades Sur","(Intercept)",-8.98564364182331,53.1339907938798,-113.12635195271,95.1550646690639
"143","ran_vals","distrito_nombre2","20206-San Rafael","(Intercept)",-125.964964937458,53.1339907938798,-230.105673248346,-21.8242566265713
"144","ran_vals","distrito_nombre2","20207-San Isidro","(Intercept)",-149.944960548063,53.1339907938798,-254.08566885895,-45.8042522371753
"145","ran_vals","distrito_nombre2","20208-Ángeles","(Intercept)",377.997976848196,53.1339907938798,273.857268537308,482.138685159083
"146","ran_vals","distrito_nombre2","20209-Alfaro","(Intercept)",-149.246088030235,53.1339907938798,-253.386796341122,-45.1053797193478
"147","ran_vals","distrito_nombre2","20210-Volio","(Intercept)",-24.1123041317797,53.1339907938798,-128.253012442667,80.0284041791075
"148","ran_vals","distrito_nombre2","20211-Concepción","(Intercept)",20.8344561172278,53.1339907938798,-83.3062521936593,124.975164428115
"149","ran_vals","distrito_nombre2","20212-Zapotal","(Intercept)",-238.220856356556,53.1339907938798,-342.361564667443,-134.080148045669
"150","ran_vals","distrito_nombre2","20213-Peñas Blancas","(Intercept)",-183.933884496129,53.1339907938798,-288.074592807016,-79.7931761852418
"151","ran_vals","distrito_nombre2","20214-San Lorenzo","(Intercept)",10.3445677319376,66.2038309729527,-119.412556613627,140.101692077502
"152","ran_vals","distrito_nombre2","20301-Grecia","(Intercept)",241.872148575056,53.1339907938798,137.731440264169,346.012856885944
"153","ran_vals","distrito_nombre2","20302-San Isidro","(Intercept)",-8.26344795774246,53.1339907938798,-112.40415626863,95.8772603531447
"154","ran_vals","distrito_nombre2","20303-San José","(Intercept)",-68.0911973716631,53.1339907938798,-172.23190568255,36.0495109392241
"155","ran_vals","distrito_nombre2","20304-San Roque","(Intercept)",41.8471419075559,53.1339907938798,-62.2935664033313,145.987850218443
"156","ran_vals","distrito_nombre2","20305-Tacares","(Intercept)",-37.346559362253,53.1339907938798,-141.48726767314,66.7941489486341
"157","ran_vals","distrito_nombre2","20307-Puente de Piedra","(Intercept)",-81.8745638369833,53.1339907938798,-186.015272147871,22.2661444739038
"158","ran_vals","distrito_nombre2","20308-Bolívar","(Intercept)",-88.1435219539429,53.1339907938798,-192.28423026483,15.9971863569443
"159","ran_vals","distrito_nombre2","20401-San Mateo","(Intercept)",71.5072040829086,53.1339907938798,-32.6335042279786,175.647912393796
"160","ran_vals","distrito_nombre2","20402-Desmonte","(Intercept)",-213.989669946969,53.1339907938798,-318.130378257856,-109.848961636082
"161","ran_vals","distrito_nombre2","20403-Jesús María","(Intercept)",249.079208868169,53.1339907938798,144.938500557282,353.219917179056
"162","ran_vals","distrito_nombre2","20404-Labrador","(Intercept)",-106.596743004103,53.1339907938798,-210.73745131499,-2.45603469321537
"163","ran_vals","distrito_nombre2","20501-Atenas","(Intercept)",348.428146702781,53.1339907938798,244.287438391894,452.568855013668
"164","ran_vals","distrito_nombre2","20502-Jesús","(Intercept)",-20.8053750067542,53.1339907938798,-124.946083317641,83.335333304133
"165","ran_vals","distrito_nombre2","20503-Mercedes","(Intercept)",-59.0800564773276,53.1339907938798,-163.220764788215,45.0606518335596
"166","ran_vals","distrito_nombre2","20504-San Isidro","(Intercept)",-136.743792987848,53.1339907938798,-240.884501298735,-32.6030846769607
"167","ran_vals","distrito_nombre2","20505-Concepción","(Intercept)",-46.4689122307345,53.1339907938798,-150.609620541622,57.6717960801526
"168","ran_vals","distrito_nombre2","20506-San José","(Intercept)",-29.528474360106,53.1339907938798,-133.669182670993,74.6122339507812
"169","ran_vals","distrito_nombre2","20507-Santa Eulalia","(Intercept)",-10.1952072711053,53.1339907938798,-114.335915581992,93.9455010397819
"170","ran_vals","distrito_nombre2","20508-Escobal","(Intercept)",-45.6063283688897,53.1339907938798,-149.747036679777,58.5343799419975
"171","ran_vals","distrito_nombre2","20601-Naranjo","(Intercept)",163.956084835773,53.1339907938798,59.8153765248855,268.09679314666
"172","ran_vals","distrito_nombre2","20602-San Miguel","(Intercept)",-100.454864697089,53.1339907938798,-204.595573007976,3.68584361379828
"173","ran_vals","distrito_nombre2","20603-San José","(Intercept)",-0.00805698258724193,53.1339907938798,-104.148765293474,104.1326513283
"174","ran_vals","distrito_nombre2","20604-Cirrí Sur","(Intercept)",-22.0826042526622,53.1339907938798,-126.223312563549,82.058104058225
"175","ran_vals","distrito_nombre2","20605-San Jerónimo","(Intercept)",16.1600497677752,53.1339907938798,-87.980658543112,120.300758078662
"176","ran_vals","distrito_nombre2","20606-San Juan","(Intercept)",17.8003707399237,53.1339907938798,-86.3403375709634,121.941079050811
"177","ran_vals","distrito_nombre2","20607-El Rosario","(Intercept)",-69.52916077217,53.1339907938798,-173.669869083057,34.6115475387172
"178","ran_vals","distrito_nombre2","20608-Palmitos","(Intercept)",-5.84181863895197,53.1339907938798,-109.982526949839,98.2988896719352
"179","ran_vals","distrito_nombre2","20701-Palmares","(Intercept)",456.358996398058,53.1339907938798,352.218288087171,560.499704708945
"180","ran_vals","distrito_nombre2","20702-Zaragoza","(Intercept)",8.96874345057785,53.1339907938798,-95.1719648603093,113.109451761465
"181","ran_vals","distrito_nombre2","20703-Buenos Aires","(Intercept)",-117.5261467615,53.1339907938798,-221.666855072387,-13.3854384506128
"182","ran_vals","distrito_nombre2","20704-Santiago","(Intercept)",-127.843729718422,53.1339907938798,-231.984438029309,-23.7030214075344
"183","ran_vals","distrito_nombre2","20705-Candelaria","(Intercept)",-115.540615174487,53.1339907938798,-219.681323485374,-11.3999068635994
"184","ran_vals","distrito_nombre2","20706-Esquipulas","(Intercept)",-158.125599458999,53.1339907938798,-262.266307769887,-53.9848911481122
"185","ran_vals","distrito_nombre2","20707-La Granja","(Intercept)",53.7083512648246,53.1339907938798,-50.4323570460626,157.849059575712
"186","ran_vals","distrito_nombre2","20801-San Pedro","(Intercept)",197.328978948454,53.1339907938798,93.1882706375665,301.469687259341
"187","ran_vals","distrito_nombre2","20802-San Juan","(Intercept)",-72.8134261047195,53.1339907938798,-176.954134415607,31.3272822061677
"188","ran_vals","distrito_nombre2","20803-San Rafael","(Intercept)",-45.0335978674618,53.1339907938798,-149.174306178349,59.1071104434254
"189","ran_vals","distrito_nombre2","20804-Carrillos","(Intercept)",-47.3974923957254,53.1339907938798,-151.538200706613,56.7432159151618
"190","ran_vals","distrito_nombre2","20805-Sabana Redonda","(Intercept)",-32.0844625805383,53.1339907938798,-136.225170891425,72.0562457303489
"191","ran_vals","distrito_nombre2","20901-Orotina","(Intercept)",99.0688808450026,53.1339907938798,-5.0718274658846,203.20958915589
"192","ran_vals","distrito_nombre2","20902-El Mastate","(Intercept)",-41.7435045902472,53.1339907938798,-145.884212901134,62.39720372064
"193","ran_vals","distrito_nombre2","20903-Hacienda Vieja","(Intercept)",136.923344745991,53.1339907938798,32.782636435104,241.064053056878
"194","ran_vals","distrito_nombre2","20904-Coyolar","(Intercept)",-105.555549350569,53.1339907938798,-209.696257661456,-1.41484103968139
"195","ran_vals","distrito_nombre2","20905-La Ceiba","(Intercept)",-88.6931716501727,53.1339907938798,-192.83387996106,15.4475366607145
"196","ran_vals","distrito_nombre2","21001-Quesada","(Intercept)",136.018729900964,53.1339907938798,31.8780215900766,240.159438211851
"197","ran_vals","distrito_nombre2","21002-Florencia","(Intercept)",41.6292978199313,53.1339907938798,-62.5114104909559,145.770006130818
"198","ran_vals","distrito_nombre2","21003-Buenavista","(Intercept)",9.12735928398582,53.1339907938798,-95.0133490269014,113.268067594873
"199","ran_vals","distrito_nombre2","21004-Aguas Zarcas","(Intercept)",9.31979052246819,53.1339907938798,-94.820917788419,113.460498833355
"200","ran_vals","distrito_nombre2","21005-Venecia","(Intercept)",4.24365729565178,53.1339907938798,-99.8970510152354,108.384365606539
"201","ran_vals","distrito_nombre2","21006-Pital","(Intercept)",-56.4336948495178,53.1339907938798,-160.574403160405,47.7070134613694
"202","ran_vals","distrito_nombre2","21007-La Fortuna","(Intercept)",-37.809466793889,53.1339907938798,-141.950175104776,66.3312415169982
"203","ran_vals","distrito_nombre2","21008-La Tigra","(Intercept)",41.0326785406944,53.1339907938798,-63.1080297701928,145.173386851582
"204","ran_vals","distrito_nombre2","21009-La Palmera","(Intercept)",0.595873347523651,53.1339907938798,-103.544834963364,104.736581658411
"205","ran_vals","distrito_nombre2","21010-Venado","(Intercept)",-56.2416315031614,53.1339907938798,-160.382339814049,47.8990768077258
"206","ran_vals","distrito_nombre2","21011-Cutris","(Intercept)",-66.3074175200293,53.1339907938798,-170.448125830917,37.8332907908578
"207","ran_vals","distrito_nombre2","21012-Monterrey","(Intercept)",-3.23326756146907,53.1339907938798,-107.373975872356,100.907440749418
"208","ran_vals","distrito_nombre2","21013-Pocosol","(Intercept)",-21.9419084832093,53.1339907938798,-126.082616794096,82.1987998276779
"209","ran_vals","distrito_nombre2","21101-Zarcero","(Intercept)",438.867674317468,53.1339907938798,334.726966006581,543.008382628356
"210","ran_vals","distrito_nombre2","21102-Laguna","(Intercept)",-11.2239421527809,53.1339907938798,-115.364650463668,92.9167661581063
"211","ran_vals","distrito_nombre2","21103-Tapesco","(Intercept)",42.3628948159176,53.1339907938798,-61.7778134949696,146.503603126805
"212","ran_vals","distrito_nombre2","21104-Guadalupe","(Intercept)",-166.827995431311,53.1339907938798,-270.968703742198,-62.6872871204241
"213","ran_vals","distrito_nombre2","21105-Palmira","(Intercept)",-97.1335360959985,53.1339907938798,-201.274244406886,7.00717221488864
"214","ran_vals","distrito_nombre2","21106-Zapote","(Intercept)",-80.2299902953076,53.1339907938798,-184.370698606195,23.9107180155795
"215","ran_vals","distrito_nombre2","21107-Brisas","(Intercept)",-125.815105158003,53.1339907938798,-229.95581346889,-21.6743968471155
"216","ran_vals","distrito_nombre2","21201-Sarchí Norte","(Intercept)",193.251688338321,53.1339907938798,89.110980027434,297.392396649208
"217","ran_vals","distrito_nombre2","21202-Sarchí Sur","(Intercept)",-13.9190036413387,53.1339907938798,-118.059711952226,90.2217046695484
"218","ran_vals","distrito_nombre2","21203-Toro Amarillo","(Intercept)",-39.0245707697628,53.1339907938798,-143.16527908065,65.1161375411244
"219","ran_vals","distrito_nombre2","21204-San Pedro","(Intercept)",-17.6587270448109,53.1339907938798,-121.799435355698,86.4819812660763
"220","ran_vals","distrito_nombre2","21205-Rodríguez","(Intercept)",-122.649386882404,53.1339907938798,-226.790095193291,-18.5086785715171
"221","ran_vals","distrito_nombre2","21301-Upala","(Intercept)",1.12872277153525,53.1339907938798,-103.011985539352,105.269431082422
"222","ran_vals","distrito_nombre2","21302-Aguas Claras","(Intercept)",1.50209593815438,53.1339907938798,-102.638612372733,105.642804249042
"223","ran_vals","distrito_nombre2","21303-San José (Pizote)","(Intercept)",38.0016080710129,53.1339907938798,-66.1391002398743,142.1423163819
"224","ran_vals","distrito_nombre2","21304-Bijagua","(Intercept)",113.182067850689,53.1339907938798,9.04135953980136,217.322776161576
"225","ran_vals","distrito_nombre2","21305-Delicias","(Intercept)",-17.7827152856976,53.1339907938798,-121.923423596585,86.3579930251895
"226","ran_vals","distrito_nombre2","21306-Dos Ríos","(Intercept)",-16.6329392240398,53.1339907938798,-120.773647534927,87.5077690868474
"227","ran_vals","distrito_nombre2","21307-Yolillal","(Intercept)",-8.2773597606598,53.1339907938798,-112.418068071547,95.8633485502274
"228","ran_vals","distrito_nombre2","21308-Canalete","(Intercept)",-111.121480361026,53.1339907938798,-215.262188671914,-6.98077205013917
"229","ran_vals","distrito_nombre2","21401-Los Chiles","(Intercept)",-15.4058715113589,53.1339907938798,-119.546579822246,88.7348367995282
"230","ran_vals","distrito_nombre2","21402-Caño Negro","(Intercept)",58.7950582399711,53.1339907938798,-45.3456500709161,162.935766550858
"231","ran_vals","distrito_nombre2","21403-El Amparo","(Intercept)",3.6747014395139,53.1339907938798,-100.466006871373,107.815409750401
"232","ran_vals","distrito_nombre2","21404-San Jorge","(Intercept)",-47.0638881681274,53.1339907938798,-151.204596479015,57.0768201427597
"233","ran_vals","distrito_nombre2","21501-San Rafael","(Intercept)",53.0437726742171,53.1339907938798,-51.0969356366701,157.184480985104
"234","ran_vals","distrito_nombre2","21502-Buenavista","(Intercept)",137.811943246351,53.1339907938798,33.6712349354636,241.952651557238
"235","ran_vals","distrito_nombre2","21503-Cote","(Intercept)",-121.658365183003,53.1339907938798,-225.79907349389,-17.5176568721155
"236","ran_vals","distrito_nombre2","21504-Katira","(Intercept)",-69.1973507375625,53.1339907938798,-173.33805904845,34.9433575733247
"237","ran_vals","distrito_nombre2","21601-Río Cuarto","(Intercept)",189.612434123815,74.0563228548313,44.4647085008755,334.760159746755
"238","ran_vals","distrito_nombre2","21602-Santa Rita","(Intercept)",-118.565363057046,74.0563228548313,-263.713088679986,26.5823625658938
"239","ran_vals","distrito_nombre2","21603-Santa Isabel","(Intercept)",-71.0470710667705,74.0563228548313,-216.19479668971,74.1006545561693
"240","ran_vals","distrito_nombre2","30101-Oriental","(Intercept)",622.583358176363,53.1339907938798,518.442649865476,726.72406648725
"241","ran_vals","distrito_nombre2","30102-Occidental","(Intercept)",159.193192944155,53.1339907938798,55.0524846332673,263.333901255042
"242","ran_vals","distrito_nombre2","30103-Carmen","(Intercept)",6.80849541690406,53.1339907938798,-97.3322128939831,110.949203727791
"243","ran_vals","distrito_nombre2","30104-San Nicolás","(Intercept)",-77.6864272711793,53.1339907938798,-181.827135582066,26.4542810397079
"244","ran_vals","distrito_nombre2","30105-Agua Caliente (San Francisco)","(Intercept)",-197.567130026128,53.1339907938798,-301.707838337015,-93.4264217152411
"245","ran_vals","distrito_nombre2","30106-Guadalupe (Arenilla)","(Intercept)",-73.635764056452,53.1339907938798,-177.776472367339,30.5049442544352
"246","ran_vals","distrito_nombre2","30107-Corralillo","(Intercept)",-43.1018696834464,53.1339907938798,-147.242577994334,61.0388386274408
"247","ran_vals","distrito_nombre2","30108-Tierra Blanca","(Intercept)",-51.3547104374718,53.1339907938798,-155.495418748359,52.7859978734154
"248","ran_vals","distrito_nombre2","30109-Dulce Nombre","(Intercept)",-109.581055889626,53.1339907938798,-213.721764200513,-5.44034757873874
"249","ran_vals","distrito_nombre2","30110-Llano Grande","(Intercept)",-111.765085772129,53.1339907938798,-215.905794083017,-7.6243774612423
"250","ran_vals","distrito_nombre2","30111-Quebradilla","(Intercept)",-123.893003400963,53.1339907938798,-228.03371171185,-19.7522950900761
"251","ran_vals","distrito_nombre2","30201-Paraíso","(Intercept)",181.667092845513,53.1339907938798,77.5263845346258,285.8078011564
"252","ran_vals","distrito_nombre2","30202-Santiago","(Intercept)",-47.0965393754423,53.1339907938798,-151.23724768633,57.0441689354448
"253","ran_vals","distrito_nombre2","30203-Orosi","(Intercept)",-27.1517408242904,53.1339907938798,-131.292449135178,76.9889674865968
"254","ran_vals","distrito_nombre2","30204-Cachí","(Intercept)",30.6874992206074,53.1339907938798,-73.4532090902798,134.828207531495
"255","ran_vals","distrito_nombre2","30205-Llanos de Santa Lucía","(Intercept)",-138.106311866399,53.1339907938798,-242.247020177286,-33.965603555512
"256","ran_vals","distrito_nombre2","30301-Tres Ríos","(Intercept)",545.435104367948,53.1339907938798,441.294396057061,649.575812678835
"257","ran_vals","distrito_nombre2","30302-San Diego","(Intercept)",-114.75826209171,53.1339907938798,-218.898970402597,-10.6175537808231
"258","ran_vals","distrito_nombre2","30303-San Juan","(Intercept)",-203.555053535856,53.1339907938798,-307.695761846743,-99.4143452249686
"259","ran_vals","distrito_nombre2","30304-San Rafael","(Intercept)",-79.9232936878899,53.1339907938798,-184.064001998777,24.2174146229973
"260","ran_vals","distrito_nombre2","30305-Concepción","(Intercept)",-43.8522945487755,53.1339907938798,-147.993002859663,60.2884137621117
"261","ran_vals","distrito_nombre2","30306-Dulce Nombre","(Intercept)",28.1234972040955,53.1339907938798,-76.0172111067917,132.264205514983
"262","ran_vals","distrito_nombre2","30307-San Ramón","(Intercept)",17.8967517460274,53.1339907938798,-86.2439565648598,122.037460056915
"263","ran_vals","distrito_nombre2","30308-Río Azul","(Intercept)",-149.366449453845,53.1339907938798,-253.507157764733,-45.2257411429582
"264","ran_vals","distrito_nombre2","30401-Juan Viñas","(Intercept)",141.901494695551,53.1339907938798,37.7607863846636,246.042203006438
"265","ran_vals","distrito_nombre2","30402-Tucurrique","(Intercept)",-92.7682238128438,53.1339907938798,-196.908932123731,11.3724844980434
"266","ran_vals","distrito_nombre2","30403-Pejibaye","(Intercept)",-49.1332708827004,53.1339907938798,-153.273979193588,55.0074374281868
"267","ran_vals","distrito_nombre2","30501-Turrialba","(Intercept)",177.803733908113,53.1339907938798,73.6630255972256,281.944442219
"268","ran_vals","distrito_nombre2","30502-La Suiza","(Intercept)",62.7967268597309,53.1339907938798,-41.3439814511563,166.937435170618
"269","ran_vals","distrito_nombre2","30503-Peralta","(Intercept)",-83.6454742269942,53.1339907938798,-187.786182537881,20.495234083893
"270","ran_vals","distrito_nombre2","30504-Santa Cruz","(Intercept)",72.5231504853374,53.1339907938798,-31.6175578255498,176.663858796225
"271","ran_vals","distrito_nombre2","30505-Santa Teresita","(Intercept)",-19.3716344599103,53.1339907938798,-123.512342770797,84.7690738509769
"272","ran_vals","distrito_nombre2","30506-Pavones","(Intercept)",21.1834159187271,53.1339907938798,-82.9572923921601,125.324124229614
"273","ran_vals","distrito_nombre2","30507-Tuis","(Intercept)",-105.871801229228,53.1339907938798,-210.012509540115,-1.73109291834076
"274","ran_vals","distrito_nombre2","30508-Tayutic","(Intercept)",-22.5269947458147,53.1339907938798,-126.667703056702,81.6137135650725
"275","ran_vals","distrito_nombre2","30509-Santa Rosa","(Intercept)",-2.52435773860108,53.1339907938798,-106.665066049488,101.616350572286
"276","ran_vals","distrito_nombre2","30510-Tres Equis","(Intercept)",-60.2455466100378,53.1339907938798,-164.386254920925,43.8951617008494
"277","ran_vals","distrito_nombre2","30511-La Isabel","(Intercept)",-17.9015404912837,53.1339907938798,-122.042248802171,86.2391678196035
"278","ran_vals","distrito_nombre2","30512-Chirripó","(Intercept)",-22.2196776700144,53.1339907938798,-126.360385980902,81.9210306408728
"279","ran_vals","distrito_nombre2","30601-Pacayas","(Intercept)",44.9544492869864,53.1339907938798,-59.1862590239008,149.095157597874
"280","ran_vals","distrito_nombre2","30602-Cervantes","(Intercept)",-19.8930815817196,53.1339907938798,-124.033789892607,84.2476267291676
"281","ran_vals","distrito_nombre2","30603-Capellades","(Intercept)",-25.0613677052685,53.1339907938798,-129.202076016156,79.0793406056186
"282","ran_vals","distrito_nombre2","30701-San Rafael","(Intercept)",82.4807656263721,53.1339907938798,-21.6599426845151,186.621473937259
"283","ran_vals","distrito_nombre2","30702-Cot","(Intercept)",-36.0906672078115,53.1339907938798,-140.231375518699,68.0500411030756
"284","ran_vals","distrito_nombre2","30703-Potrero Cerrado","(Intercept)",-84.0260273606446,53.1339907938798,-188.166735671532,20.1146809502426
"285","ran_vals","distrito_nombre2","30704-Cipreses","(Intercept)",35.1527957744789,53.1339907938798,-68.9879125364083,139.293504085366
"286","ran_vals","distrito_nombre2","30705-Santa Rosa","(Intercept)",2.4831331676169,53.1339907938798,-101.65757514327,106.623841478504
"287","ran_vals","distrito_nombre2","30801-El Tejar","(Intercept)",95.8161658563672,53.1339907938798,-8.32454245451996,199.956874167254
"288","ran_vals","distrito_nombre2","30802-San Isidro","(Intercept)",10.0153469041137,53.1339907938798,-94.1253614067734,114.156055215001
"289","ran_vals","distrito_nombre2","30803-Tobosi","(Intercept)",-15.4205654959137,53.1339907938798,-119.561273806801,88.7201428149735
"290","ran_vals","distrito_nombre2","30804-Patio de Agua","(Intercept)",-90.4109472645686,53.1339907938798,-194.551655575456,13.7297610463186
"291","ran_vals","distrito_nombre2","40101-Heredia","(Intercept)",427.599171996368,53.1339907938798,323.458463685481,531.739880307256
"292","ran_vals","distrito_nombre2","40102-Mercedes","(Intercept)",-11.8006702284686,53.1339907938798,-115.941378539356,92.3400380824186
"293","ran_vals","distrito_nombre2","40103-San Francisco","(Intercept)",-69.0442892563783,53.1339907938798,-173.184997567265,35.0964190545089
"294","ran_vals","distrito_nombre2","40104-Ulloa","(Intercept)",-158.711978795263,53.1339907938798,-262.85268710615,-54.5712704843754
"295","ran_vals","distrito_nombre2","40105-Vara Blanca","(Intercept)",-188.042233716258,53.1339907938798,-292.182942027145,-83.9015254053707
"296","ran_vals","distrito_nombre2","40201-Barva","(Intercept)",286.335682630824,53.1339907938798,182.194974319937,390.476390941711
"297","ran_vals","distrito_nombre2","40202-San Pedro","(Intercept)",160.933947648036,53.1339907938798,56.7932393371484,265.074655958923
"298","ran_vals","distrito_nombre2","40203-San Pablo","(Intercept)",-161.981034603516,53.1339907938798,-266.121742914404,-57.8403262926292
"299","ran_vals","distrito_nombre2","40204-San Roque","(Intercept)",-130.328479299983,53.1339907938798,-234.469187610871,-26.1877709890963
"300","ran_vals","distrito_nombre2","40205-Santa Lucía","(Intercept)",-93.3806942376831,53.1339907938798,-197.52140254857,10.7600140732041
"301","ran_vals","distrito_nombre2","40206-San José de la Montaña","(Intercept)",-61.5794221376561,53.1339907938798,-165.720130448543,42.5612861732311
"302","ran_vals","distrito_nombre2","40301-Santo Domingo","(Intercept)",729.449306857065,53.1339907938798,625.308598546178,833.590015167952
"303","ran_vals","distrito_nombre2","40302-San Vicente","(Intercept)",-146.519153822832,53.1339907938798,-250.65986213372,-42.3784455119451
"304","ran_vals","distrito_nombre2","40303-San Miguel","(Intercept)",-105.81270938403,53.1339907938798,-209.953417694918,-1.67200107314321
"305","ran_vals","distrito_nombre2","40304-Paracito","(Intercept)",-74.8128344897392,53.1339907938798,-178.953542800626,29.3278738211479
"306","ran_vals","distrito_nombre2","40305-Santo Tomás","(Intercept)",-97.017727454064,53.1339907938798,-201.158435764951,7.12298085682313
"307","ran_vals","distrito_nombre2","40306-Santa Rosa","(Intercept)",-67.5941316677494,53.1339907938798,-171.734839978637,36.5465766431378
"308","ran_vals","distrito_nombre2","40307-Tures","(Intercept)",-155.367529487566,53.1339907938798,-259.508237798453,-51.2268211766785
"309","ran_vals","distrito_nombre2","40308-Pará","(Intercept)",-82.3252205511186,53.1339907938798,-186.465928862006,21.8154877597686
"310","ran_vals","distrito_nombre2","40401-Santa Bárbara","(Intercept)",254.716387054859,53.1339907938798,150.575678743972,358.857095365747
"311","ran_vals","distrito_nombre2","40402-San Pedro","(Intercept)",-82.8373242551332,53.1339907938798,-186.97803256602,21.303384055754
"312","ran_vals","distrito_nombre2","40403-San Juan","(Intercept)",-43.5925983455741,53.1339907938798,-147.733306656461,60.548109965313
"313","ran_vals","distrito_nombre2","40404-Jesús","(Intercept)",-66.1964479543672,53.1339907938798,-170.337156265254,37.94426035652
"314","ran_vals","distrito_nombre2","40405-Santo Domingo","(Intercept)",46.9934229317255,53.1339907938798,-57.1472853791617,151.134131242613
"315","ran_vals","distrito_nombre2","40406-Purabá","(Intercept)",-109.083439431505,53.1339907938798,-213.224147742392,-4.94273112061789
"316","ran_vals","distrito_nombre2","40501-San Rafael","(Intercept)",203.816858553762,53.1339907938798,99.676150242875,307.957566864649
"317","ran_vals","distrito_nombre2","40502-San Josecito","(Intercept)",19.2974154804715,53.1339907938798,-84.8432928304156,123.438123791359
"318","ran_vals","distrito_nombre2","40503-Santiago","(Intercept)",-86.4013572075375,53.1339907938798,-190.542065518425,17.7393511033497
"319","ran_vals","distrito_nombre2","40504-Ángeles","(Intercept)",-42.2292799622311,53.1339907938798,-146.369988273118,61.9114283486561
"320","ran_vals","distrito_nombre2","40505-Concepción","(Intercept)",-94.4836368644636,53.1339907938798,-198.624345175351,9.65707144642356
"321","ran_vals","distrito_nombre2","40601-San Isidro","(Intercept)",282.073912501749,53.1339907938798,177.933204190862,386.214620812637
"322","ran_vals","distrito_nombre2","40602-San José","(Intercept)",-83.670502790033,53.1339907938798,-187.81121110092,20.4702055208542
"323","ran_vals","distrito_nombre2","40603-Concepción","(Intercept)",13.8794519997618,53.1339907938798,-90.2612563111254,118.020160310649
"324","ran_vals","distrito_nombre2","40604-San Francisco","(Intercept)",-212.282861711478,53.1339907938798,-316.423570022365,-108.142153400591
"325","ran_vals","distrito_nombre2","40701-San Antonio","(Intercept)",31.7437498174333,53.1339907938798,-72.3969584934539,135.88445812832
"326","ran_vals","distrito_nombre2","40702-La Ribera","(Intercept)",50.1043093660002,53.1339907938798,-54.036398944887,154.245017676887
"327","ran_vals","distrito_nombre2","40703-La Asunción","(Intercept)",-81.8480591834369,53.1339907938798,-185.988767494324,22.2926491274503
"328","ran_vals","distrito_nombre2","40801-San Joaquín","(Intercept)",100.688208554063,53.1339907938798,-3.45249975682438,204.82891686495
"329","ran_vals","distrito_nombre2","40802-Barrantes","(Intercept)",238.129015658225,53.1339907938798,133.988307347338,342.269723969112
"330","ran_vals","distrito_nombre2","40803-Llorente","(Intercept)",-338.81722421229,53.1339907938798,-442.957932523178,-234.676515901403
"331","ran_vals","distrito_nombre2","40901-San Pablo","(Intercept)",187.866717163716,53.1339907938798,83.7260088528291,292.007425474604
"332","ran_vals","distrito_nombre2","40902-Rincón de Sabanilla","(Intercept)",-187.866717163716,53.1339907938798,-292.007425474603,-83.7260088528287
"333","ran_vals","distrito_nombre2","41001-Puerto Viejo","(Intercept)",51.2331799556059,53.1339907938798,-52.9075283552812,155.373888266493
"334","ran_vals","distrito_nombre2","41002-La Virgen","(Intercept)",42.3376670388164,53.1339907938798,-61.8030412720708,146.478375349704
"335","ran_vals","distrito_nombre2","41003-Las Horquetas","(Intercept)",76.6126783363191,53.1339907938798,-27.5280299745681,180.753386647206
"336","ran_vals","distrito_nombre2","41004-Llanuras del Gaspar","(Intercept)",-53.61720183258,53.1339907938798,-157.757910143467,50.5235064783072
"337","ran_vals","distrito_nombre2","41005-Cureña","(Intercept)",-116.566323498167,53.1339907938798,-220.707031809054,-12.4256151872793
"338","ran_vals","distrito_nombre2","50101-Liberia","(Intercept)",60.2723820980653,53.1339907938798,-43.8683262128218,164.413090408953
"339","ran_vals","distrito_nombre2","50102-Cañas Dulces","(Intercept)",-9.74458516724963,53.1339907938798,-113.885293478137,94.3961231436375
"340","ran_vals","distrito_nombre2","50103-Mayorga","(Intercept)",-21.4521161974751,53.1339907938798,-125.592824508362,82.688592113412
"341","ran_vals","distrito_nombre2","50104-Nacascolo","(Intercept)",6.21090240707216,53.1339907938798,-97.929805903815,110.351610717959
"342","ran_vals","distrito_nombre2","50105-Curubandé","(Intercept)",-35.2865831404072,53.1339907938798,-139.427291451294,68.85412517048
"343","ran_vals","distrito_nombre2","50201-Nicoya","(Intercept)",65.4031284806581,53.1339907938798,-38.7375798302291,169.543836791545
"344","ran_vals","distrito_nombre2","50202-Mansión","(Intercept)",60.8696665395791,53.1339907938798,-43.2710417713081,165.010374850466
"345","ran_vals","distrito_nombre2","50203-San Antonio","(Intercept)",162.54260925243,53.1339907938798,58.4019009415424,266.683317563317
"346","ran_vals","distrito_nombre2","50204-Quebrada Honda","(Intercept)",287.104192895047,53.1339907938798,182.963484584159,391.244901205934
"347","ran_vals","distrito_nombre2","50205-Sámara","(Intercept)",-235.850789477664,53.1339907938798,-339.991497788551,-131.710081166776
"348","ran_vals","distrito_nombre2","50206-Nosara","(Intercept)",-254.492926326412,53.1339907938798,-358.6336346373,-150.352218015525
"349","ran_vals","distrito_nombre2","50207-Belén de Nosarita","(Intercept)",-85.5758813636293,53.1339907938798,-189.716589674516,18.5648269472579
"350","ran_vals","distrito_nombre2","50301-Santa Cruz","(Intercept)",56.3972550420536,53.1339907938798,-47.7434532688336,160.537963352941
"351","ran_vals","distrito_nombre2","50302-Bolsón","(Intercept)",51.6745754376555,53.1339907938798,-52.4661328732317,155.815283748543
"352","ran_vals","distrito_nombre2","50303-Veintisiete de Abril","(Intercept)",23.0921639406582,53.1339907938798,-81.048544370229,127.232872251545
"353","ran_vals","distrito_nombre2","50304-Tempate","(Intercept)",-56.1323458308488,53.1339907938798,-160.273054141736,48.0083624800384
"354","ran_vals","distrito_nombre2","50305-Cartagena","(Intercept)",-14.0102011653667,53.1339907938798,-118.150909476254,90.1305071455205
"355","ran_vals","distrito_nombre2","50306-Cuajiniquil","(Intercept)",-138.987111768469,53.1339907938798,-243.127820079356,-34.8464034575815
"356","ran_vals","distrito_nombre2","50307-Diriá","(Intercept)",65.1923248214911,53.1339907938798,-38.9483834893961,169.333033132378
"357","ran_vals","distrito_nombre2","50308-Cabo Velas","(Intercept)",51.5902270244708,53.1339907938798,-52.5504812864164,155.730935335358
"358","ran_vals","distrito_nombre2","50309-Tamarindo","(Intercept)",-38.8168875016803,53.1339907938798,-142.957595812567,65.3238208092069
"359","ran_vals","distrito_nombre2","50401-Bagaces","(Intercept)",-26.3974231675601,53.1339907938798,-130.538131478447,77.7432851433271
"360","ran_vals","distrito_nombre2","50402-La Fortuna","(Intercept)",17.4922603913433,53.1339907938798,-86.6484479195439,121.63296870223
"361","ran_vals","distrito_nombre2","50403-Mogote","(Intercept)",-106.376382166652,53.1339907938798,-210.517090477539,-2.23567385576507
"362","ran_vals","distrito_nombre2","50404-Río Naranjo","(Intercept)",115.281544942856,53.1339907938798,11.1408366319693,219.422253253744
"363","ran_vals","distrito_nombre2","50501-Filadelfia","(Intercept)",160.190462866136,53.1339907938798,56.0497545552493,264.331171177024
"364","ran_vals","distrito_nombre2","50502-Palmira","(Intercept)",-56.9214793638648,53.1339907938798,-161.062187674752,47.2192289470224
"365","ran_vals","distrito_nombre2","50503-Sardinal","(Intercept)",-58.5622921192416,53.1339907938798,-162.703000430129,45.5784161916456
"366","ran_vals","distrito_nombre2","50504-Belén","(Intercept)",-44.7066913830319,53.1339907938798,-148.847399693919,59.4340169278552
"367","ran_vals","distrito_nombre2","50601-Cañas","(Intercept)",37.9451493158988,53.1339907938798,-66.1955589949884,142.085857626786
"368","ran_vals","distrito_nombre2","50602-Palmira","(Intercept)",-46.2752100968775,53.1339907938798,-150.415918407765,57.8654982140097
"369","ran_vals","distrito_nombre2","50603-San Miguel","(Intercept)",-28.201652716669,53.1339907938798,-132.342361027556,75.9390555942182
"370","ran_vals","distrito_nombre2","50604-Bebedero","(Intercept)",96.5662513748364,53.1339907938798,-7.57445693605078,200.706959685724
"371","ran_vals","distrito_nombre2","50605-Porozal","(Intercept)",-60.0345378771762,53.1339907938798,-164.175246188063,44.106170433711
"372","ran_vals","distrito_nombre2","50701-Las Juntas","(Intercept)",115.404703727279,53.1339907938798,11.2639954163914,219.545412038166
"373","ran_vals","distrito_nombre2","50702-Sierra","(Intercept)",-136.764671895348,53.1339907938798,-240.905380206235,-32.6239635844606
"374","ran_vals","distrito_nombre2","50703-San Juan","(Intercept)",-26.1992327243836,53.1339907938798,-130.339941035271,77.9414755865035
"375","ran_vals","distrito_nombre2","50704-Colorado","(Intercept)",47.5592008924519,53.1339907938798,-56.5815074184352,151.699909203339
"376","ran_vals","distrito_nombre2","50801-Tilarán","(Intercept)",115.635383217851,53.1339907938798,11.4946749069634,219.776091528738
"377","ran_vals","distrito_nombre2","50802-Quebrada Grande","(Intercept)",-98.9107774315614,53.1339907938798,-203.051485742449,5.22993087932578
"378","ran_vals","distrito_nombre2","50803-Tronadora","(Intercept)",11.3487078175259,53.1339907938798,-92.7920004933613,115.489416128413
"379","ran_vals","distrito_nombre2","50804-Santa Rosa","(Intercept)",-98.1576103824409,53.1339907938798,-202.298318693328,5.98309792844628
"380","ran_vals","distrito_nombre2","50805-Líbano","(Intercept)",-35.6248212401164,53.1339907938798,-139.765529551004,68.5158870707708
"381","ran_vals","distrito_nombre2","50806-Tierras Morenas","(Intercept)",41.8813230829956,53.1339907938798,-62.2593852278916,146.022031393883
"382","ran_vals","distrito_nombre2","50807-Arenal","(Intercept)",63.8277949357364,53.1339907938798,-40.3129133751508,167.968503246624
"383","ran_vals","distrito_nombre2","50901-Carmona","(Intercept)",120.566172564381,53.1339907938798,16.4254642534943,224.706880875269
"384","ran_vals","distrito_nombre2","50902-Santa Rita","(Intercept)",127.744226449137,53.1339907938798,23.6035181382496,231.884934760024
"385","ran_vals","distrito_nombre2","50903-Zapotal","(Intercept)",-61.4647812175414,53.1339907938798,-165.605489528429,42.6759270933458
"386","ran_vals","distrito_nombre2","50904-San Pablo","(Intercept)",-139.621388853905,53.1339907938798,-243.762097164793,-35.4806805430183
"387","ran_vals","distrito_nombre2","50905-Porvenir","(Intercept)",74.0292429606829,53.1339907938798,-30.1114653502043,178.16995127157
"388","ran_vals","distrito_nombre2","50906-Bejuco","(Intercept)",-121.25347190274,53.1339907938798,-225.394180213627,-17.112763591853
"389","ran_vals","distrito_nombre2","51001-La Cruz","(Intercept)",78.0004291695181,53.1339907938798,-26.1402791413691,182.141137480405
"390","ran_vals","distrito_nombre2","51002-Santa Cecilia","(Intercept)",-14.3040439390197,53.1339907938798,-118.444752249907,89.8366643718675
"391","ran_vals","distrito_nombre2","51003-La Garita","(Intercept)",-72.2177964825875,53.1339907938798,-176.358504793475,31.9229118282997
"392","ran_vals","distrito_nombre2","51004-Santa Elena","(Intercept)",8.5214112521044,53.1339907938798,-95.6192970587828,112.662119562992
"393","ran_vals","distrito_nombre2","51101-Hojancha","(Intercept)",276.102008935819,53.1339907938798,171.961300624932,380.242717246706
"394","ran_vals","distrito_nombre2","51102-Monte Romo","(Intercept)",-82.9891572981423,53.1339907938798,-187.129865609029,21.1515510127449
"395","ran_vals","distrito_nombre2","51103-Puerto Carrillo","(Intercept)",-179.006286987551,53.1339907938798,-283.146995298438,-74.8655786766641
"396","ran_vals","distrito_nombre2","51104-Huacas","(Intercept)",-67.3280661528339,53.1339907938798,-171.468774463721,36.8126421580532
"397","ran_vals","distrito_nombre2","51105-Matambú","(Intercept)",53.2215015027079,70.1217868366925,-84.2146752288042,190.65767823422
"398","ran_vals","distrito_nombre2","60101-Puntarenas","(Intercept)",309.808810712473,53.1339907938798,205.668102401586,413.94951902336
"399","ran_vals","distrito_nombre2","60102-Pitahaya","(Intercept)",60.6420420660071,53.1339907938798,-43.49866624488,164.782750376894
"400","ran_vals","distrito_nombre2","60103-Chomes","(Intercept)",24.0040094714582,53.1339907938798,-80.136698839429,128.144717782345
"401","ran_vals","distrito_nombre2","60104-Lepanto","(Intercept)",66.5089193584591,53.1339907938798,-37.6317889524281,170.649627669346
"402","ran_vals","distrito_nombre2","60105-Paquera","(Intercept)",-88.6853250958557,53.1339907938798,-192.826033406743,15.4553832150315
"403","ran_vals","distrito_nombre2","60106-Manzanillo","(Intercept)",-13.2874817469773,53.1339907938798,-117.428190057864,90.8532265639099
"404","ran_vals","distrito_nombre2","60107-Guacimal","(Intercept)",-49.0629414864375,53.1339907938798,-153.203649797325,55.0777668244497
"405","ran_vals","distrito_nombre2","60108-Barranca","(Intercept)",-12.9526918128921,53.1339907938798,-117.093400123779,91.1880164979951
"406","ran_vals","distrito_nombre2","60111-Cóbano","(Intercept)",-81.6146335477319,53.1339907938798,-185.755341858619,22.5260747631553
"407","ran_vals","distrito_nombre2","60112-Chacarita","(Intercept)",140.774040762159,53.1339907938798,36.633332451272,244.914749073046
"408","ran_vals","distrito_nombre2","60113-Chira","(Intercept)",-38.6050024596211,53.1339907938798,-142.745710770508,65.5357058512661
"409","ran_vals","distrito_nombre2","60114-Acapulco","(Intercept)",-33.4428909632354,53.1339907938798,-137.583599274123,70.6978173476517
"410","ran_vals","distrito_nombre2","60115-El Roble","(Intercept)",-58.993045913536,53.1339907938798,-163.133754224423,45.1476623973511
"411","ran_vals","distrito_nombre2","60116-Arancibia","(Intercept)",-225.093809344399,53.1339907938798,-329.234517655286,-120.953101033512
"412","ran_vals","distrito_nombre2","60201-Espíritu Santo","(Intercept)",13.6884836491602,53.1339907938798,-90.452224661727,117.829191960047
"413","ran_vals","distrito_nombre2","60202-San Juan Grande","(Intercept)",140.987491100656,53.1339907938798,36.8467827897685,245.128199411543
"414","ran_vals","distrito_nombre2","60203-Macacona","(Intercept)",-7.01079208435375,53.1339907938798,-111.151500395241,97.1299162265334
"415","ran_vals","distrito_nombre2","60204-San Rafael","(Intercept)",-57.0122166884169,53.1339907938798,-161.152924999304,47.1284916224703
"416","ran_vals","distrito_nombre2","60205-San Jerónimo","(Intercept)",-6.11948238054587,53.1339907938798,-110.260190691433,98.0212259303413
"417","ran_vals","distrito_nombre2","60206-Caldera","(Intercept)",-84.5334835965078,62.274084854297,-206.588447081121,37.5214798881054
"418","ran_vals","distrito_nombre2","60301-Buenos Aires","(Intercept)",-17.37950781558,53.1339907938798,-121.520216126467,86.7612004953072
"419","ran_vals","distrito_nombre2","60302-Volcán","(Intercept)",101.17640747087,53.1339907938798,-2.96430084001756,205.317115781757
"420","ran_vals","distrito_nombre2","60303-Potrero Grande","(Intercept)",57.5762443073622,53.1339907938798,-46.5644640035249,161.716952618249
"421","ran_vals","distrito_nombre2","60304-Boruca","(Intercept)",124.82540012641,53.1339907938798,20.6846918155226,228.966108437297
"422","ran_vals","distrito_nombre2","60305-Pilas","(Intercept)",5.70996823731043,53.1339907938798,-98.4307400735767,109.850676548198
"423","ran_vals","distrito_nombre2","60306-Colinas","(Intercept)",-96.1234745045127,53.1339907938798,-200.2641828154,8.01723380637448
"424","ran_vals","distrito_nombre2","60307-Chánguena","(Intercept)",-148.441135604261,53.1339907938798,-252.581843915149,-44.3004272933743
"425","ran_vals","distrito_nombre2","60308-Biolley","(Intercept)",-63.3417654973311,53.1339907938798,-167.482473808218,40.7989428135561
"426","ran_vals","distrito_nombre2","60309-Brunka","(Intercept)",35.9978632797233,53.1339907938798,-68.1428450311639,140.13857159061
"427","ran_vals","distrito_nombre2","60401-Miramar","(Intercept)",185.57902641223,53.1339907938798,81.4383181013425,289.719734723117
"428","ran_vals","distrito_nombre2","60402-La Unión","(Intercept)",-136.11748453233,53.1339907938798,-240.258192843217,-31.9767762214424
"429","ran_vals","distrito_nombre2","60403-San Isidro","(Intercept)",-49.4615418799104,53.1339907938798,-153.602250190798,54.6791664309768
"430","ran_vals","distrito_nombre2","60501-Puerto Cortés","(Intercept)",75.932003039595,53.1339907938798,-28.2087052712922,180.072711350482
"431","ran_vals","distrito_nombre2","60502-Palmar","(Intercept)",181.909729483244,53.1339907938798,77.7690211723567,286.050437794131
"432","ran_vals","distrito_nombre2","60503-Sierpe","(Intercept)",-110.093223245424,53.1339907938798,-214.233931556312,-5.95251493453718
"433","ran_vals","distrito_nombre2","60504-Bahía Ballena","(Intercept)",44.8527113034343,53.1339907938798,-59.2879970074528,148.993419614322
"434","ran_vals","distrito_nombre2","60505-Piedras Blancas","(Intercept)",28.2882643367947,53.1339907938798,-75.8524439740925,132.428972647682
"435","ran_vals","distrito_nombre2","60506-Bahía Drake","(Intercept)",-220.88948491765,53.1339907938798,-325.030193228538,-116.748776606763
"436","ran_vals","distrito_nombre2","60601-Quepos","(Intercept)",-9.53571882236046,53.1339907938798,-113.676427133248,94.6049894885267
"437","ran_vals","distrito_nombre2","60602-Savegre","(Intercept)",-17.6426740805507,53.1339907938798,-121.783382391438,86.4980342303364
"438","ran_vals","distrito_nombre2","60603-Naranjito","(Intercept)",27.1783929029109,53.1339907938798,-76.9623154079763,131.319101213798
"439","ran_vals","distrito_nombre2","60701-Golfito","(Intercept)",110.697615330738,53.1339907938798,6.55690701985117,214.838323641626
"440","ran_vals","distrito_nombre2","60703-Guaycará","(Intercept)",21.0250415496335,53.1339907938798,-83.1156667612536,125.165749860521
"441","ran_vals","distrito_nombre2","60704-Pavón","(Intercept)",-131.72265688038,53.1339907938798,-235.863365191267,-27.5819485694926
"442","ran_vals","distrito_nombre2","60801-San Vito","(Intercept)",100.177103268432,53.1339907938798,-3.96360504245479,204.31781157932
"443","ran_vals","distrito_nombre2","60802-Sabalito","(Intercept)",-67.2063661724441,53.1339907938798,-171.347074483331,36.9343421384431
"444","ran_vals","distrito_nombre2","60803-Aguabuena","(Intercept)",-25.1008492232922,53.1339907938798,-129.241557534179,79.039859087595
"445","ran_vals","distrito_nombre2","60804-Limoncito","(Intercept)",-14.5752719230408,53.1339907938798,-118.715980233928,89.5654363878464
"446","ran_vals","distrito_nombre2","60805-Pittier","(Intercept)",-175.691746048827,53.1339907938798,-279.832454359714,-71.5510377379396
"447","ran_vals","distrito_nombre2","60806-Gutiérrez Braun","(Intercept)",182.397130099156,62.274084854297,60.3421666145428,304.452093583769
"448","ran_vals","distrito_nombre2","60901-Parrita","(Intercept)",7.15220985103476e-13,53.1339907938798,-104.140708310886,104.140708310888
"449","ran_vals","distrito_nombre2","61001-Corredor","(Intercept)",70.2375245624801,53.1339907938798,-33.9031837484071,174.378232873367
"450","ran_vals","distrito_nombre2","61002-La Cuesta","(Intercept)",47.5338674525507,53.1339907938798,-56.6068408583365,151.674575763438
"451","ran_vals","distrito_nombre2","61003-Canoas","(Intercept)",-45.5643183065052,53.1339907938798,-149.705026617392,58.576390004382
"452","ran_vals","distrito_nombre2","61004-Laurel","(Intercept)",-72.2070737085232,53.1339907938798,-176.34778201941,31.9336346023639
"453","ran_vals","distrito_nombre2","61101-Jacó","(Intercept)",-45.280325517281,53.1339907938798,-149.421033828168,58.8603827936062
"454","ran_vals","distrito_nombre2","61102-Tárcoles","(Intercept)",45.2803255172773,53.1339907938798,-58.8603827936099,149.421033828164
"455","ran_vals","distrito_nombre2","61201-Monteverde","(Intercept)",-4.99429442510203e-13,53.1339907938798,-104.140708310888,104.140708310887
"456","ran_vals","distrito_nombre2","61301-Puerto Jiménez","(Intercept)",2.01315111303614e-12,53.1339907938798,-104.140708310885,104.140708310889
"457","ran_vals","distrito_nombre2","70101-Limón","(Intercept)",229.981879901666,53.1339907938798,125.841171590779,334.122588212553
"458","ran_vals","distrito_nombre2","70102-Valle La Estrella","(Intercept)",-127.312425654833,53.1339907938798,-231.453133965721,-23.1717173439463
"459","ran_vals","distrito_nombre2","70103-Río Blanco","(Intercept)",-124.293419428272,53.1339907938798,-228.434127739159,-20.1527111173849
"460","ran_vals","distrito_nombre2","70104-Matama","(Intercept)",21.623965181426,53.1339907938798,-82.5167431294612,125.764673492313
"461","ran_vals","distrito_nombre2","70201-Guápiles","(Intercept)",86.005876810633,53.1339907938798,-18.1348315002542,190.14658512152
"462","ran_vals","distrito_nombre2","70202-Jiménez","(Intercept)",8.97947779567445,53.1339907938798,-95.1612305152127,113.120186106562
"463","ran_vals","distrito_nombre2","70203-Rita","(Intercept)",19.0287821482215,53.1339907938798,-85.1119261626657,123.169490459109
"464","ran_vals","distrito_nombre2","70204-Roxana","(Intercept)",-67.520340438947,53.1339907938798,-171.661048749834,36.6203678719402
"465","ran_vals","distrito_nombre2","70205-Cariari","(Intercept)",103.033500860926,53.1339907938798,-1.10720744996149,207.174209171813
"466","ran_vals","distrito_nombre2","70206-Colorado","(Intercept)",-128.694704245478,53.1339907938798,-232.835412556365,-24.5539959345911
"467","ran_vals","distrito_nombre2","70207-La Colonia","(Intercept)",-20.8325929309972,53.1339907938798,-124.973301241884,83.30811537989
"468","ran_vals","distrito_nombre2","70301-Siquirres","(Intercept)",245.267610773751,53.1339907938798,141.126902462864,349.408319084638
"469","ran_vals","distrito_nombre2","70302-Pacuarito","(Intercept)",-67.4696366893872,53.1339907938798,-171.610345000274,36.6710716215
"470","ran_vals","distrito_nombre2","70303-Florida","(Intercept)",-94.752205822006,53.1339907938798,-198.892914132893,9.38850248888117
"471","ran_vals","distrito_nombre2","70304-Germania","(Intercept)",105.066677644599,53.1339907938798,0.925969333711421,209.207385955486
"472","ran_vals","distrito_nombre2","70305-El Cairo","(Intercept)",33.9715101422179,53.1339907938798,-70.1691981686693,138.112218453105
"473","ran_vals","distrito_nombre2","70306-Alegría","(Intercept)",-62.2248898766188,53.1339907938798,-166.365598187506,41.9158184342683
"474","ran_vals","distrito_nombre2","70307-Reventazón","(Intercept)",-159.859066172571,74.0563228548313,-305.006791795511,-14.7113405496315
"475","ran_vals","distrito_nombre2","70401-Bratsi","(Intercept)",30.2608888973507,53.1339907938798,-73.8798194135365,134.401597208238
"476","ran_vals","distrito_nombre2","70402-Sixaola","(Intercept)",-18.1207899119059,53.1339907938798,-122.261498222793,86.0199183989813
"477","ran_vals","distrito_nombre2","70403-Cahuita","(Intercept)",32.7879278186598,53.1339907938798,-71.3527804922274,136.928636129547
"478","ran_vals","distrito_nombre2","70404-Telire","(Intercept)",-44.9280268041138,53.1339907938798,-149.068735115001,59.2126815067734
"479","ran_vals","distrito_nombre2","70501-Matina","(Intercept)",22.7101494569371,53.1339907938798,-81.4305588539501,126.850857767824
"480","ran_vals","distrito_nombre2","70502-Batán","(Intercept)",51.8838767303579,53.1339907938798,-52.2568315805293,156.024585041245
"481","ran_vals","distrito_nombre2","70503-Carrandí","(Intercept)",-74.5940261872958,53.1339907938798,-178.734734498183,29.5466821235914
"482","ran_vals","distrito_nombre2","70601-Guácimo","(Intercept)",56.3729581825514,53.1339907938798,-47.7677501283358,160.513666493439
"483","ran_vals","distrito_nombre2","70602-Mercedes","(Intercept)",-57.6545075770119,53.1339907938798,-161.795215887899,46.4862007338752
"484","ran_vals","distrito_nombre2","70603-Pocora","(Intercept)",21.0472085363344,53.1339907938798,-83.0934997745528,125.187916847222
"485","ran_vals","distrito_nombre2","70604-Río Jiménez","(Intercept)",32.3541240621263,53.1339907938798,-71.7865842487609,136.494832373013
"486","ran_vals","distrito_nombre2","70605-Duacarí","(Intercept)",-52.1197832040087,53.1339907938798,-156.260491514896,52.0209251068785
"487","ran_vals","distrito_nombre2","10101-Carmen","anho",47.3563916845929,6.09185298615331,35.4165792326196,59.2962041365661
"488","ran_vals","distrito_nombre2","10102-Merced","anho",-7.34412424555279,6.09185298615331,-19.2839366975261,4.59568820642047
"489","ran_vals","distrito_nombre2","10103-Hospital","anho",-0.589357046951308,6.09185298615331,-12.5291694989246,11.350455405022
"490","ran_vals","distrito_nombre2","10104-Catedral","anho",-4.56325480304876,6.09185298615331,-16.503067255022,7.3765576489245
"491","ran_vals","distrito_nombre2","10105-Zapote","anho",-1.77452710965789,6.09185298615331,-13.7143395616311,10.1652853423154
"492","ran_vals","distrito_nombre2","10106-San Francisco de Dos Ríos","anho",-5.92742993632182,6.09185298615331,-17.8672423882951,6.01238251565144
"493","ran_vals","distrito_nombre2","10107-Uruca","anho",-9.53804515293619,6.09185298615331,-21.4778576049094,2.40176729903707
"494","ran_vals","distrito_nombre2","10108-Mata Redonda","anho",2.23740402889192,6.09185298615331,-9.70240842308134,14.1772164808652
"495","ran_vals","distrito_nombre2","10109-Pavas","anho",-6.54595446300138,6.09185298615331,-18.4857669149746,5.39385798897188
"496","ran_vals","distrito_nombre2","10110-Hatillo","anho",-5.93992045594422,6.09185298615331,-17.8797329079175,5.99989199602904
"497","ran_vals","distrito_nombre2","10111-San Sebastián","anho",-7.37118249951289,6.09185298615331,-19.3109949514862,4.56862995246037
"498","ran_vals","distrito_nombre2","10201-Escazú","anho",5.93604414245446,6.09185298615331,-6.0037683095188,17.8758565944277
"499","ran_vals","distrito_nombre2","10202-San Antonio","anho",-4.85341862505281,6.09185298615331,-16.7932310770261,7.08639382692045
"500","ran_vals","distrito_nombre2","10203-San Rafael","anho",-1.08262551740174,6.09185298615331,-13.022437969375,10.8571869345715
"501","ran_vals","distrito_nombre2","10301-Desamparados","anho",3.00111120692743,6.09185298615331,-8.93870124504583,14.9409236589007
"502","ran_vals","distrito_nombre2","10302-San Miguel","anho",1.55156085756382,6.09185298615331,-10.3882515944094,13.4913733095371
"503","ran_vals","distrito_nombre2","10303-San Juan de Dios","anho",-1.82356375488846,6.09185298615331,-13.7633762068617,10.1162486970848
"504","ran_vals","distrito_nombre2","10304-San Rafael Arriba","anho",-1.6105034046037,6.09185298615331,-13.550315856577,10.3293090473696
"505","ran_vals","distrito_nombre2","10305-San Antonio","anho",5.95527008052372,6.09185298615331,-5.98454237144954,17.895082532497
"506","ran_vals","distrito_nombre2","10306-Frailes","anho",-4.2767488757357,6.09185298615331,-16.216561327709,7.66306357623756
"507","ran_vals","distrito_nombre2","10307-Patarrá","anho",-4.89457165251286,6.09185298615331,-16.8343841044861,7.0452407994604
"508","ran_vals","distrito_nombre2","10308-San Cristóbal","anho",3.51386733814473,6.09185298615331,-8.42594511382853,15.453679790118
"509","ran_vals","distrito_nombre2","10309-Rosario","anho",1.73009815573567,6.09185298615331,-10.2097142962376,13.6699106077089
"510","ran_vals","distrito_nombre2","10310-Damas","anho",-2.7964318677192,6.09185298615331,-14.7362443196925,9.14338058425406
"511","ran_vals","distrito_nombre2","10311-San Rafael Abajo","anho",0.141478875763823,6.09185298615331,-11.7983335762094,12.0812913277371
"512","ran_vals","distrito_nombre2","10312-Gravilias","anho",3.9783663054227,6.09185298615331,-7.96144614655056,15.918178757396
"513","ran_vals","distrito_nombre2","10313-Los Guido","anho",-4.46993326462268,6.09185298615331,-16.4097457165959,7.46987918735058
"514","ran_vals","distrito_nombre2","10401-Santiago","anho",3.45633475671266,6.09185298615331,-8.4834776952606,15.3961472086859
"515","ran_vals","distrito_nombre2","10402-Mercedes Sur","anho",2.0387487644661,6.09185298615331,-9.90106368750716,13.9785612164394
"516","ran_vals","distrito_nombre2","10403-Barbacoas","anho",-0.750685242812068,6.09185298615331,-12.6904976947853,11.1891272091612
"517","ran_vals","distrito_nombre2","10404-Grifo Alto","anho",0.819190389263484,6.09185298615331,-11.1206220627098,12.7590028412367
"518","ran_vals","distrito_nombre2","10405-San Rafael","anho",-4.33086098187721,6.09185298615331,-16.2706734338505,7.60895147009604
"519","ran_vals","distrito_nombre2","10406-Candelarita","anho",-2.0564109718743,6.09185298615331,-13.9962234238476,9.88340148009896
"520","ran_vals","distrito_nombre2","10407-Desamparaditos","anho",4.87203184233706,6.09185298615331,-7.0677806096362,16.8118442943103
"521","ran_vals","distrito_nombre2","10408-San Antonio","anho",-1.58968466470727,6.09185298615331,-13.5294971166805,10.350127787266
"522","ran_vals","distrito_nombre2","10409-Chires","anho",-2.45866389150829,6.09185298615331,-14.3984763434816,9.48114856046496
"523","ran_vals","distrito_nombre2","10501-San Marcos","anho",4.90452700916255,6.09185298615331,-7.03528544281071,16.8443394611358
"524","ran_vals","distrito_nombre2","10502-San Lorenzo","anho",-0.467109367960028,6.09185298615331,-12.4069218199333,11.4727030840132
"525","ran_vals","distrito_nombre2","10503-San Carlos","anho",-4.43741764120254,6.09185298615331,-16.3772300931758,7.50239481077072
"526","ran_vals","distrito_nombre2","10601-Aserrí","anho",4.71300607344379,6.09185298615331,-7.22680637852946,16.6528185254171
"527","ran_vals","distrito_nombre2","10602-Tarbaca","anho",9.50269829671194,6.09185298615331,-2.43711415526132,21.4425107486852
"528","ran_vals","distrito_nombre2","10603-Vuelta de Jorco","anho",-0.911588068290323,6.09185298615331,-12.8514005202636,11.0282243836829
"529","ran_vals","distrito_nombre2","10604-San Gabriel","anho",-2.66252623531527,6.09185298615331,-14.6023386872885,9.27728621665798
"530","ran_vals","distrito_nombre2","10605-Legua","anho",-8.4686812694144,6.09185298615331,-20.4084937213877,3.47113118255885
"531","ran_vals","distrito_nombre2","10606-Monterrey","anho",1.79974995356935,6.09185298615331,-10.1400624984039,13.7395624055426
"532","ran_vals","distrito_nombre2","10607-Salitrillos","anho",-3.97265875070465,6.09185298615331,-15.9124712026779,7.96715370126861
"533","ran_vals","distrito_nombre2","10701-Colón","anho",5.30272673398944,6.09185298615331,-6.63708571798382,17.2425391859627
"534","ran_vals","distrito_nombre2","10702-Guayabo","anho",0.139145777563313,6.09185298615331,-11.8006666744099,12.0789582295366
"535","ran_vals","distrito_nombre2","10703-Tabarcia","anho",13.3715226453687,6.09185298615331,1.43171019339544,25.311335097342
"536","ran_vals","distrito_nombre2","10704-Piedras Negras","anho",-10.2280390359946,6.09185298615331,-22.1678514879679,1.71177341597866
"537","ran_vals","distrito_nombre2","10705-Picagres","anho",3.46757907144305,6.09185298615331,-8.47223338053021,15.4073915234163
"538","ran_vals","distrito_nombre2","10706-Jaris","anho",-9.5491645862869,6.09185298615331,-21.4889770382602,2.39064786568636
"539","ran_vals","distrito_nombre2","10707-Quitirrisí","anho",-2.50377060608276,6.51227893741461,-15.2676027806942,10.2600615685286
"540","ran_vals","distrito_nombre2","10801-Guadalupe","anho",11.0856445864201,6.09185298615331,-0.854167865553121,23.0254570383934
"541","ran_vals","distrito_nombre2","10802-San Francisco","anho",15.5490531362656,6.09185298615331,3.60924068429232,27.4888655882388
"542","ran_vals","distrito_nombre2","10803-Calle Blancos","anho",-9.24983597430132,6.09185298615331,-21.1896484262746,2.68997647767194
"543","ran_vals","distrito_nombre2","10804-Mata de Plátano","anho",-11.3850858196396,6.09185298615331,-23.3248982716128,0.554726632333702
"544","ran_vals","distrito_nombre2","10805-Ipís","anho",-8.93285897598886,6.09185298615331,-20.8726714279621,3.0069534759844
"545","ran_vals","distrito_nombre2","10806-Rancho Redondo","anho",13.1717529424143,6.09185298615331,1.23194049044107,25.1115653943876
"546","ran_vals","distrito_nombre2","10807-Purral","anho",-10.2386698951703,6.09185298615331,-22.1784823471435,1.70114255680298
"547","ran_vals","distrito_nombre2","10901-Santa Ana","anho",5.34242043778614,6.09185298615331,-6.59739201418712,17.2822328897594
"548","ran_vals","distrito_nombre2","10902-Salitral","anho",-3.29133927472684,6.09185298615331,-15.2311517267001,8.64847317724642
"549","ran_vals","distrito_nombre2","10903-Pozos","anho",-2.89916659600999,6.09185298615331,-14.8389790479833,9.04064585596326
"550","ran_vals","distrito_nombre2","10904-Uruca","anho",1.90629679317744,6.09185298615331,-10.0335156587958,13.8461092451507
"551","ran_vals","distrito_nombre2","10905-Piedades","anho",-4.15437067127819,6.09185298615331,-16.0941831232515,7.78544178069507
"552","ran_vals","distrito_nombre2","10906-Brasil","anho",3.09615931105137,6.09185298615331,-8.84365314092189,15.0359717630246
"553","ran_vals","distrito_nombre2","11001-Alajuelita","anho",4.11363266688781,6.09185298615331,-7.82617978508545,16.0534451188611
"554","ran_vals","distrito_nombre2","11002-San Josecito","anho",-1.4415096769193,6.09185298615331,-13.3813221288926,10.498302775054
"555","ran_vals","distrito_nombre2","11003-San Antonio","anho",1.01627560293628,6.09185298615331,-10.923536849037,12.9560880549095
"556","ran_vals","distrito_nombre2","11004-Concepción","anho",-1.30849696531839,6.09185298615331,-13.2483094172916,10.6313154866549
"557","ran_vals","distrito_nombre2","11005-San Felipe","anho",-2.37990162758647,6.09185298615331,-14.3197140795597,9.55991082438678
"558","ran_vals","distrito_nombre2","11101-San Isidro","anho",0.704806543243598,6.09185298615331,-11.2350059087297,12.6446189952169
"559","ran_vals","distrito_nombre2","11102-San Rafael","anho",-4.59626516483635,6.09185298615331,-16.5360776168096,7.34354728713691
"560","ran_vals","distrito_nombre2","11103-Dulce Nombre de Jesús","anho",1.14167062142277,6.09185298615331,-10.7981418305505,13.081483073396
"561","ran_vals","distrito_nombre2","11104-Patalillo","anho",0.693879691771289,6.09185298615331,-11.245932760202,12.6336921437445
"562","ran_vals","distrito_nombre2","11105-Cascajal","anho",2.05590830839808,6.09185298615331,-9.88390414357518,13.9957207603713
"563","ran_vals","distrito_nombre2","11201-San Ignacio","anho",2.54101585157665,6.09185298615331,-9.39879660039661,14.4808283035499
"564","ran_vals","distrito_nombre2","11202-Guaitil","anho",-1.59623571264979,6.09185298615331,-13.536048164623,10.3435767393235
"565","ran_vals","distrito_nombre2","11203-Palmichal","anho",3.61267706836373,6.09185298615331,-8.32713538360953,15.552489520337
"566","ran_vals","distrito_nombre2","11204-Cangrejal","anho",0.733294963169473,6.09185298615331,-11.2065174888038,12.6731074151427
"567","ran_vals","distrito_nombre2","11205-Sabanillas","anho",-5.29075217046034,6.09185298615331,-17.2305646224336,6.64906028151292
"568","ran_vals","distrito_nombre2","11301-San Juan","anho",4.98730915430473,6.09185298615331,-6.95250329766853,16.927121606278
"569","ran_vals","distrito_nombre2","11302-Cinco Esquinas","anho",0.140475353865252,6.09185298615331,-11.799337098108,12.0802878058385
"570","ran_vals","distrito_nombre2","11303-Anselmo Llorente","anho",0.973774285186369,6.09185298615331,-10.9660381667869,12.9135867371596
"571","ran_vals","distrito_nombre2","11304-León XIII","anho",-5.71274453581676,6.09185298615331,-17.65255698779,6.2270679161565
"572","ran_vals","distrito_nombre2","11305-Colima","anho",-0.388814257539189,6.09185298615331,-12.3286267095124,11.5509981944341
"573","ran_vals","distrito_nombre2","11401-San Vicente","anho",4.17541615124195,6.09185298615331,-7.76439630073131,16.1152286032152
"574","ran_vals","distrito_nombre2","11402-San Jerónimo","anho",2.03886313864184,6.09185298615331,-9.90094931333142,13.9786755906151
"575","ran_vals","distrito_nombre2","11403-La Trinidad","anho",-6.2142792898839,6.09185298615331,-18.1540917418572,5.72553316208936
"576","ran_vals","distrito_nombre2","11501-San Pedro","anho",4.37445705116461,6.09185298615331,-7.56535540080865,16.3142695031379
"577","ran_vals","distrito_nombre2","11502-Sabanilla","anho",0.530674080698288,6.09185298615331,-11.409138371275,12.4704865326715
"578","ran_vals","distrito_nombre2","11503-Mercedes","anho",-3.05266938866433,6.09185298615331,-14.9924818406376,8.88714306330893
"579","ran_vals","distrito_nombre2","11504-San Rafael","anho",-1.85246174319861,6.09185298615331,-13.7922741951719,10.0873507087746
"580","ran_vals","distrito_nombre2","11601-San Pablo","anho",8.15091647677628,6.09185298615331,-3.78889597519698,20.0907289287495
"581","ran_vals","distrito_nombre2","11602-San Pedro","anho",-4.61336071736484,6.09185298615331,-16.5531731693381,7.32645173460841
"582","ran_vals","distrito_nombre2","11603-San Juan de Mata","anho",2.10269691436741,6.09185298615331,-9.83711553760585,14.0425093663407
"583","ran_vals","distrito_nombre2","11604-San Luis","anho",3.02058256745659,6.09185298615331,-8.91922988451666,14.9603950194299
"584","ran_vals","distrito_nombre2","11605-Carara","anho",-8.66083524123556,6.09185298615331,-20.6006476932088,3.2789772107377
"585","ran_vals","distrito_nombre2","11701-Santa María","anho",-7.97670527396876,6.09185298615331,-19.916517725942,3.9631071780045
"586","ran_vals","distrito_nombre2","11702-Jardín","anho",10.532751393708,6.09185298615331,-1.40706105826525,22.4725638456813
"587","ran_vals","distrito_nombre2","11703-Copey","anho",-2.5560461197393,6.09185298615331,-14.4958585717126,9.38376633223396
"588","ran_vals","distrito_nombre2","11801-Curridabat","anho",1.99079933679362,6.09185298615331,-9.94901311517964,13.9306117887669
"589","ran_vals","distrito_nombre2","11802-Granadilla","anho",-3.71373911748936,6.09185298615331,-15.6535515694626,8.2260733344839
"590","ran_vals","distrito_nombre2","11803-Sánchez","anho",7.34361139038812,6.09185298615331,-4.59620106158514,19.2834238423614
"591","ran_vals","distrito_nombre2","11804-Tirrases","anho",-5.62067160969282,6.09185298615331,-17.5604840616661,6.31914084228044
"592","ran_vals","distrito_nombre2","11901-San Isidro de El General","anho",-0.00353063364076633,6.09185298615331,-11.943343085614,11.9362818183325
"593","ran_vals","distrito_nombre2","11902-El General","anho",0.447055184118433,6.09185298615331,-11.4927572678548,12.3868676360917
"594","ran_vals","distrito_nombre2","11903-Daniel Flores","anho",0.779513144868093,6.09185298615331,-11.1602993071052,12.7193255968414
"595","ran_vals","distrito_nombre2","11904-Rivas","anho",-2.3687715938624,6.09185298615331,-14.3085840458357,9.57104085811086
"596","ran_vals","distrito_nombre2","11905-San Pedro","anho",-1.88027041117032,6.09185298615331,-13.8200828631436,10.0595420408029
"597","ran_vals","distrito_nombre2","11906-Platanares","anho",1.90568236765316,6.09185298615331,-10.0341300843201,13.8454948196264
"598","ran_vals","distrito_nombre2","11907-Pejibaye","anho",3.96897473256078,6.09185298615331,-7.97083771941247,15.908787184534
"599","ran_vals","distrito_nombre2","11908-Cajón","anho",1.98277111384413,6.09185298615331,-9.95704133812913,13.9225835658174
"600","ran_vals","distrito_nombre2","11909-Barú","anho",-0.652677628164438,6.09185298615331,-12.5924900801377,11.2871348238088
"601","ran_vals","distrito_nombre2","11910-Río Nuevo","anho",-4.65028960427707,6.09185298615331,-16.5901020562503,7.28952284769619
"602","ran_vals","distrito_nombre2","11911-Páramo","anho",-0.761177092703775,6.09185298615331,-12.700989544677,11.1786353592695
"603","ran_vals","distrito_nombre2","11912-La Amistad","anho",1.23272042077302,6.51227893741461,-11.5311117538384,13.9965525953844
"604","ran_vals","distrito_nombre2","12001-San Pablo","anho",-0.504435276805125,6.09185298615331,-12.4442477287784,11.4353771751681
"605","ran_vals","distrito_nombre2","12002-San Andrés","anho",-1.10521006037334,6.09185298615331,-13.0450225123466,10.8346023915999
"606","ran_vals","distrito_nombre2","12003-Llano Bonito","anho",-2.46481766538343,6.09185298615331,-14.4046301173567,9.47499478658983
"607","ran_vals","distrito_nombre2","12004-San Isidro","anho",-5.1083974347733,6.09185298615331,-17.0482098867466,6.83141501719996
"608","ran_vals","distrito_nombre2","12005-Santa Cruz","anho",-1.34816097918688,6.09185298615331,-13.2879734311601,10.5916514727864
"609","ran_vals","distrito_nombre2","12006-San Antonio","anho",10.5310214165223,6.09185298615331,-1.408791035451,22.4708338684955
"610","ran_vals","distrito_nombre2","20101-Alajuela","anho",13.7317161263041,6.09185298615331,1.79190367433088,25.6715285782774
"611","ran_vals","distrito_nombre2","20102-San José","anho",-2.0097227566243,6.09185298615331,-13.9495352085976,9.93008969534896
"612","ran_vals","distrito_nombre2","20103-Carrizal","anho",-7.03571582419245,6.09185298615331,-18.9755282761657,4.90409662778081
"613","ran_vals","distrito_nombre2","20104-San Antonio","anho",1.6748147988577,6.09185298615331,-10.2649976531156,13.614627250831
"614","ran_vals","distrito_nombre2","20105-Guácima","anho",-1.16466549774556,6.09185298615331,-13.1044779497188,10.7751469542277
"615","ran_vals","distrito_nombre2","20106-San Isidro","anho",-1.58916737273968,6.09185298615331,-13.5289798247129,10.3506450792336
"616","ran_vals","distrito_nombre2","20107-Sabanilla","anho",-4.77270271744295,6.09185298615331,-16.7125151694162,7.16710973453031
"617","ran_vals","distrito_nombre2","20108-San Rafael","anho",-0.67432937816937,6.09185298615331,-12.6141418301426,11.2654830738039
"618","ran_vals","distrito_nombre2","20109-Río Segundo","anho",1.05860107766458,6.09185298615331,-10.8812113743087,12.9984135296378
"619","ran_vals","distrito_nombre2","20110-Desamparados","anho",-3.72232017679296,6.09185298615331,-15.6621326287662,8.2174922751803
"620","ran_vals","distrito_nombre2","20111-Turrúcares","anho",0.385416494228196,6.09185298615331,-11.5543959577451,12.3252289462015
"621","ran_vals","distrito_nombre2","20112-Tambor","anho",0.0520082628654929,6.09185298615331,-11.8878041891078,11.9918207148388
"622","ran_vals","distrito_nombre2","20113-Garita","anho",4.22671495312406,6.09185298615331,-7.7130974988492,16.1665274050973
"623","ran_vals","distrito_nombre2","20114-Sarapiquí","anho",-0.160647989339767,6.09185298615331,-12.100460441313,11.7791644626335
"624","ran_vals","distrito_nombre2","20201-San Ramón","anho",23.0158166458829,6.09185298615331,11.0760041939097,34.9556290978562
"625","ran_vals","distrito_nombre2","20202-Santiago","anho",3.16100537278919,6.09185298615331,-8.77880707918407,15.1008178247624
"626","ran_vals","distrito_nombre2","20203-San Juan","anho",-3.51686996269354,6.09185298615331,-15.4566824146668,8.42294248927972
"627","ran_vals","distrito_nombre2","20204-Piedades Norte","anho",-4.3974285480315,6.09185298615331,-16.3372410000048,7.54238390394176
"628","ran_vals","distrito_nombre2","20205-Piedades Sur","anho",0.50275136018182,6.09185298615331,-11.4370610917914,12.4425638121551
"629","ran_vals","distrito_nombre2","20206-San Rafael","anho",-6.52901628814016,6.09185298615331,-18.4688287401134,5.4107961638331
"630","ran_vals","distrito_nombre2","20207-San Isidro","anho",-4.13649544663137,6.09185298615331,-16.0763078986046,7.80331700534189
"631","ran_vals","distrito_nombre2","20208-Ángeles","anho",9.13946798427727,6.09185298615331,-2.80034446769599,21.0792804362505
"632","ran_vals","distrito_nombre2","20209-Alfaro","anho",-3.36279470444163,6.09185298615331,-15.3026071564149,8.57701774753163
"633","ran_vals","distrito_nombre2","20210-Volio","anho",-6.38124416017086,6.09185298615331,-18.3210566121441,5.5585682918024
"634","ran_vals","distrito_nombre2","20211-Concepción","anho",-4.75221867945195,6.09185298615331,-16.6920311314252,7.18759377252131
"635","ran_vals","distrito_nombre2","20212-Zapotal","anho",2.0387760999962,6.09185298615331,-9.90103635197706,13.9785885519695
"636","ran_vals","distrito_nombre2","20213-Peñas Blancas","anho",-7.14253856603043,6.09185298615331,-19.0823510180037,4.79727388594283
"637","ran_vals","distrito_nombre2","20214-San Lorenzo","anho",2.36078889246439,6.6124619514446,-10.5993983815085,15.3209761664373
"638","ran_vals","distrito_nombre2","20301-Grecia","anho",6.53843534307873,6.09185298615331,-5.40137710889453,18.478247795052
"639","ran_vals","distrito_nombre2","20302-San Isidro","anho",-2.12852652553341,6.09185298615331,-14.0683389775067,9.81128592643985
"640","ran_vals","distrito_nombre2","20303-San José","anho",-3.54981430762388,6.09185298615331,-15.4896267595971,8.38999814434938
"641","ran_vals","distrito_nombre2","20304-San Roque","anho",-0.111586538754132,6.09185298615331,-12.0513989907274,11.8282259132191
"642","ran_vals","distrito_nombre2","20305-Tacares","anho",-3.51975524241978,6.09185298615331,-15.459567694393,8.42005720955348
"643","ran_vals","distrito_nombre2","20307-Puente de Piedra","anho",1.09378129650882,6.09185298615331,-10.8460311554644,13.0335937484821
"644","ran_vals","distrito_nombre2","20308-Bolívar","anho",1.6774659747438,6.09185298615331,-10.2623464772295,13.6172784267171
"645","ran_vals","distrito_nombre2","20401-San Mateo","anho",6.14188132003507,6.09185298615331,-5.79793113193819,18.0816937720083
"646","ran_vals","distrito_nombre2","20402-Desmonte","anho",-9.53989469285059,6.09185298615331,-21.4797071448238,2.39991775912267
"647","ran_vals","distrito_nombre2","20403-Jesús María","anho",-8.26559855441504,6.09185298615331,-20.2054110063883,3.67421389755822
"648","ran_vals","distrito_nombre2","20404-Labrador","anho",11.6636119272306,6.09185298615331,-0.276200524742618,23.6034243792039
"649","ran_vals","distrito_nombre2","20501-Atenas","anho",7.56337989035369,6.09185298615331,-4.37643256161957,19.5031923423269
"650","ran_vals","distrito_nombre2","20502-Jesús","anho",-3.32054423054315,6.09185298615331,-15.2603566825164,8.61926822143011
"651","ran_vals","distrito_nombre2","20503-Mercedes","anho",0.15506640194726,6.09185298615331,-11.784746050026,12.0948788539205
"652","ran_vals","distrito_nombre2","20504-San Isidro","anho",-2.58616246623063,6.09185298615331,-14.5259749182039,9.35364998574263
"653","ran_vals","distrito_nombre2","20505-Concepción","anho",-0.627514406307496,6.09185298615331,-12.5673268582808,11.3122980456658
"654","ran_vals","distrito_nombre2","20506-San José","anho",-6.55350993086561,6.09185298615331,-18.4933223828389,5.38630252110765
"655","ran_vals","distrito_nombre2","20507-Santa Eulalia","anho",2.58527772998471,6.09185298615331,-9.35453472198855,14.525090181958
"656","ran_vals","distrito_nombre2","20508-Escobal","anho",2.78400701166186,6.09185298615331,-9.1558054403114,14.7238194636351
"657","ran_vals","distrito_nombre2","20601-Naranjo","anho",2.56197225651775,6.09185298615331,-9.37784019545551,14.501784708491
"658","ran_vals","distrito_nombre2","20602-San Miguel","anho",-1.54834787723079,6.09185298615331,-13.4881603292041,10.3914645747425
"659","ran_vals","distrito_nombre2","20603-San José","anho",-2.36323830201817,6.09185298615331,-14.3030507539914,9.57657414995509
"660","ran_vals","distrito_nombre2","20604-Cirrí Sur","anho",-3.38612786000661,6.09185298615331,-15.3259403119799,8.55368459196665
"661","ran_vals","distrito_nombre2","20605-San Jerónimo","anho",0.133268009651517,6.09185298615331,-11.8065444423217,12.0730804616248
"662","ran_vals","distrito_nombre2","20606-San Juan","anho",4.08176668263202,6.09185298615331,-7.85804576934124,16.0215791346053
"663","ran_vals","distrito_nombre2","20607-El Rosario","anho",-1.32073900172075,6.09185298615331,-13.260551453694,10.6190734502525
"664","ran_vals","distrito_nombre2","20608-Palmitos","anho",1.84144609217524,6.09185298615331,-10.098366359798,13.7812585441485
"665","ran_vals","distrito_nombre2","20701-Palmares","anho",10.6830512567681,6.09185298615331,-1.25676119520511,22.6228637087414
"666","ran_vals","distrito_nombre2","20702-Zaragoza","anho",1.36295252017555,6.09185298615331,-10.5768599317977,13.3027649721488
"667","ran_vals","distrito_nombre2","20703-Buenos Aires","anho",-2.3546480773082,6.09185298615331,-14.2944605292815,9.58516437466506
"668","ran_vals","distrito_nombre2","20704-Santiago","anho",-4.70151574949682,6.09185298615331,-16.6413282014701,7.23829670247644
"669","ran_vals","distrito_nombre2","20705-Candelaria","anho",-2.04355036373177,6.09185298615331,-13.983362815705,9.89626208824149
"670","ran_vals","distrito_nombre2","20706-Esquipulas","anho",-4.23197812634451,6.09185298615331,-16.1717905783178,7.70783432562875
"671","ran_vals","distrito_nombre2","20707-La Granja","anho",1.28568853993834,6.09185298615331,-10.6541239120349,13.2255009919116
"672","ran_vals","distrito_nombre2","20801-San Pedro","anho",6.00354351776255,6.09185298615331,-5.93626893421071,17.9433559697358
"673","ran_vals","distrito_nombre2","20802-San Juan","anho",2.8817299603503,6.09185298615331,-9.05808249162296,14.8215424123236
"674","ran_vals","distrito_nombre2","20803-San Rafael","anho",-3.18195014049012,6.09185298615331,-15.1217625924634,8.75786231148314
"675","ran_vals","distrito_nombre2","20804-Carrillos","anho",-4.41415572857995,6.09185298615331,-16.3539681805532,7.52565672339331
"676","ran_vals","distrito_nombre2","20805-Sabana Redonda","anho",-1.28916760904238,6.09185298615331,-13.2289800610156,10.6506448429309
"677","ran_vals","distrito_nombre2","20901-Orotina","anho",3.86031750288993,6.09185298615331,-8.07949494908333,15.8001299548632
"678","ran_vals","distrito_nombre2","20902-El Mastate","anho",3.82293157065418,6.09185298615331,-8.11688088131907,15.7627440226274
"679","ran_vals","distrito_nombre2","20903-Hacienda Vieja","anho",2.62205822910691,6.09185298615331,-9.31775422286635,14.5618706810802
"680","ran_vals","distrito_nombre2","20904-Coyolar","anho",-0.522637945558663,6.09185298615331,-12.4624503975319,11.4171745064146
"681","ran_vals","distrito_nombre2","20905-La Ceiba","anho",-9.78266935709228,6.09185298615331,-21.7224818090655,2.15714309488098
"682","ran_vals","distrito_nombre2","21001-Quesada","anho",1.62076278962986,6.09185298615331,-10.3190496623434,13.5605752416031
"683","ran_vals","distrito_nombre2","21002-Florencia","anho",1.15528270766892,6.09185298615331,-10.7845297443043,13.0950951596422
"684","ran_vals","distrito_nombre2","21003-Buenavista","anho",3.51422731260241,6.09185298615331,-8.42558513937085,15.4540397645757
"685","ran_vals","distrito_nombre2","21004-Aguas Zarcas","anho",-0.930558042348035,6.09185298615331,-12.8703704943213,11.0092544096252
"686","ran_vals","distrito_nombre2","21005-Venecia","anho",-5.27761421545506,6.09185298615331,-17.2174266674283,6.66219823651819
"687","ran_vals","distrito_nombre2","21006-Pital","anho",-3.46645719295728,6.09185298615331,-15.4062696449305,8.47335525901598
"688","ran_vals","distrito_nombre2","21007-La Fortuna","anho",0.224355758699612,6.09185298615331,-11.7154566932736,12.1641682106729
"689","ran_vals","distrito_nombre2","21008-La Tigra","anho",1.35491178605086,6.09185298615331,-10.5849006659224,13.2947242380241
"690","ran_vals","distrito_nombre2","21009-La Palmera","anho",-1.60535939782302,6.09185298615331,-13.5451718497963,10.3344530541502
"691","ran_vals","distrito_nombre2","21010-Venado","anho",5.16954790235592,6.09185298615331,-6.77026454961734,17.1093603543292
"692","ran_vals","distrito_nombre2","21011-Cutris","anho",-5.16255933100769,6.09185298615331,-17.1023717829809,6.77725312096557
"693","ran_vals","distrito_nombre2","21012-Monterrey","anho",3.35404427275547,6.09185298615331,-8.58576817921779,15.2938567247287
"694","ran_vals","distrito_nombre2","21013-Pocosol","anho",0.0494156498266946,6.09185298615331,-11.8903968021466,11.9892281018
"695","ran_vals","distrito_nombre2","21101-Zarcero","anho",0.560002778015328,6.09185298615331,-11.3798096739579,12.4998152299886
"696","ran_vals","distrito_nombre2","21102-Laguna","anho",6.51874133174682,6.09185298615331,-5.42107112022644,18.4585537837201
"697","ran_vals","distrito_nombre2","21103-Tapesco","anho",-4.41766195351472,6.09185298615331,-16.357474405488,7.52215049845854
"698","ran_vals","distrito_nombre2","21104-Guadalupe","anho",-1.27246164825113,6.09185298615331,-13.2122741002244,10.6673508037221
"699","ran_vals","distrito_nombre2","21105-Palmira","anho",3.26161910675161,6.09185298615331,-8.67819334522165,15.2014315587249
"700","ran_vals","distrito_nombre2","21106-Zapote","anho",-1.57739202747531,6.09185298615331,-13.5172044794486,10.362420424498
"701","ran_vals","distrito_nombre2","21107-Brisas","anho",-3.07284758727237,6.09185298615331,-15.0126600392456,8.86696486470088
"702","ran_vals","distrito_nombre2","21201-Sarchí Norte","anho",6.02965965957388,6.09185298615331,-5.91015279239938,17.9694721115471
"703","ran_vals","distrito_nombre2","21202-Sarchí Sur","anho",3.55684917999773,6.09185298615331,-8.38296327197553,15.496661631971
"704","ran_vals","distrito_nombre2","21203-Toro Amarillo","anho",-2.39246339604864,6.09185298615331,-14.3322758480219,9.54734905592462
"705","ran_vals","distrito_nombre2","21204-San Pedro","anho",-2.59250833848954,6.09185298615331,-14.5323207904628,9.34730411348372
"706","ran_vals","distrito_nombre2","21205-Rodríguez","anho",-4.60153710503319,6.09185298615331,-16.5413495570064,7.33827534694007
"707","ran_vals","distrito_nombre2","21301-Upala","anho",-0.520766322486626,6.09185298615331,-12.4605787744599,11.4190461294866
"708","ran_vals","distrito_nombre2","21302-Aguas Claras","anho",4.17295007854036,6.09185298615331,-7.7668623734329,16.1127625305136
"709","ran_vals","distrito_nombre2","21303-San José (Pizote)","anho",-1.5958560157655,6.09185298615331,-13.5356684677388,10.3439564362078
"710","ran_vals","distrito_nombre2","21304-Bijagua","anho",1.92165372129661,6.09185298615331,-10.0181587306767,13.8614661732699
"711","ran_vals","distrito_nombre2","21305-Delicias","anho",-3.64324615877689,6.09185298615331,-15.5830586107502,8.29656629319637
"712","ran_vals","distrito_nombre2","21306-Dos Ríos","anho",-3.79187266839219,6.09185298615331,-15.7316851203654,8.14793978358107
"713","ran_vals","distrito_nombre2","21307-Yolillal","anho",1.98728218429851,6.09185298615331,-9.95253026767475,13.9270946362718
"714","ran_vals","distrito_nombre2","21308-Canalete","anho",1.46985518128502,6.09185298615331,-10.4699572706882,13.4096676332583
"715","ran_vals","distrito_nombre2","21401-Los Chiles","anho",-2.25417123268421,6.09185298615331,-14.1939836846575,9.68564121928905
"716","ran_vals","distrito_nombre2","21402-Caño Negro","anho",-0.750334164715308,6.09185298615331,-12.6901466166886,11.189478287258
"717","ran_vals","distrito_nombre2","21403-El Amparo","anho",-0.596673250512804,6.09185298615331,-12.5364857024861,11.3431392014605
"718","ran_vals","distrito_nombre2","21404-San Jorge","anho",3.6011786479122,6.09185298615331,-8.33863380406106,15.5409910998855
"719","ran_vals","distrito_nombre2","21501-San Rafael","anho",4.07334284425358,6.09185298615331,-7.86646960771968,16.0131552962268
"720","ran_vals","distrito_nombre2","21502-Buenavista","anho",-15.9967091724058,6.09185298615331,-27.9365216243791,-4.05689672043255
"721","ran_vals","distrito_nombre2","21503-Cote","anho",10.1691837963243,6.09185298615331,-1.77062865564898,22.1089962482975
"722","ran_vals","distrito_nombre2","21504-Katira","anho",1.75418253182811,6.09185298615331,-10.1856299201451,13.6939949838014
"723","ran_vals","distrito_nombre2","21601-Río Cuarto","anho",1.81295489051738,6.71989339798887,-11.3577941494893,14.9837039305241
"724","ran_vals","distrito_nombre2","21602-Santa Rita","anho",-1.50253236060442,6.71989339798887,-14.6732814006111,11.6682166794023
"725","ran_vals","distrito_nombre2","21603-Santa Isabel","anho",-0.31042252991301,6.71989339798887,-13.4811715699197,12.8603265100937
"726","ran_vals","distrito_nombre2","30101-Oriental","anho",5.1744347257523,6.09185298615331,-6.76537772622096,17.1142471777256
"727","ran_vals","distrito_nombre2","30102-Occidental","anho",5.39069309716363,6.09185298615331,-6.54911935480963,17.3305055491369
"728","ran_vals","distrito_nombre2","30103-Carmen","anho",-1.7114119465738,6.09185298615331,-13.6512243985471,10.2284005053995
"729","ran_vals","distrito_nombre2","30104-San Nicolás","anho",-3.15546161536568,6.09185298615331,-15.0952740673389,8.78435083660758
"730","ran_vals","distrito_nombre2","30105-Agua Caliente (San Francisco)","anho",-2.94521436487506,6.09185298615331,-14.8850268168483,8.9945980870982
"731","ran_vals","distrito_nombre2","30106-Guadalupe (Arenilla)","anho",1.67664603123377,6.09185298615331,-10.2631664207395,13.616458483207
"732","ran_vals","distrito_nombre2","30107-Corralillo","anho",1.63511158054618,6.09185298615331,-10.3047008714271,13.5749240325194
"733","ran_vals","distrito_nombre2","30108-Tierra Blanca","anho",-1.88048812116599,6.09185298615331,-13.8203005731392,10.0593243308073
"734","ran_vals","distrito_nombre2","30109-Dulce Nombre","anho",-0.169757854229239,6.09185298615331,-12.1095703062025,11.770054597744
"735","ran_vals","distrito_nombre2","30110-Llano Grande","anho",-2.13102570453413,6.09185298615331,-14.0708381565074,9.80878674743913
"736","ran_vals","distrito_nombre2","30111-Quebradilla","anho",-1.88352582795117,6.09185298615331,-13.8233382799244,10.0562866240221
"737","ran_vals","distrito_nombre2","30201-Paraíso","anho",0.738827013059193,6.09185298615331,-11.2009854389141,12.6786394650325
"738","ran_vals","distrito_nombre2","30202-Santiago","anho",-4.32172373132684,6.09185298615331,-16.2615361833001,7.61808872064642
"739","ran_vals","distrito_nombre2","30203-Orosi","anho",-0.836820482552419,6.09185298615331,-12.7766329345257,11.1029919694208
"740","ran_vals","distrito_nombre2","30204-Cachí","anho",6.39118856529917,6.09185298615331,-5.54862388667408,18.3310010172724
"741","ran_vals","distrito_nombre2","30205-Llanos de Santa Lucía","anho",-1.97147136447961,6.09185298615331,-13.9112838164529,9.96834108749365
"742","ran_vals","distrito_nombre2","30301-Tres Ríos","anho",13.8235648669942,6.09185298615331,1.88375241502092,25.7633773189674
"743","ran_vals","distrito_nombre2","30302-San Diego","anho",-3.73123646430138,6.09185298615331,-15.6710489162746,8.20857598767188
"744","ran_vals","distrito_nombre2","30303-San Juan","anho",-3.81489742065126,6.09185298615331,-15.7547098726245,8.124915031322
"745","ran_vals","distrito_nombre2","30304-San Rafael","anho",1.54491634479087,6.09185298615331,-10.3948961071824,13.4847287967641
"746","ran_vals","distrito_nombre2","30305-Concepción","anho",-0.457899166840125,6.09185298615331,-12.3977116188134,11.4819132851331
"747","ran_vals","distrito_nombre2","30306-Dulce Nombre","anho",1.55292868808469,6.09185298615331,-10.3868837638886,13.492741140058
"748","ran_vals","distrito_nombre2","30307-San Ramón","anho",-3.36512235139521,6.09185298615331,-15.3049348033685,8.57469010057805
"749","ran_vals","distrito_nombre2","30308-Río Azul","anho",-5.55225449668189,6.09185298615331,-17.4920669486551,6.38755795529137
"750","ran_vals","distrito_nombre2","30401-Juan Viñas","anho",3.02767997301719,6.09185298615331,-8.91213247895606,14.9674924249905
"751","ran_vals","distrito_nombre2","30402-Tucurrique","anho",-1.80019767529024,6.09185298615331,-13.7400101272635,10.139614776683
"752","ran_vals","distrito_nombre2","30403-Pejibaye","anho",-1.22748229772697,6.09185298615331,-13.1672947497002,10.7123301542463
"753","ran_vals","distrito_nombre2","30501-Turrialba","anho",2.30120247121893,6.09185298615331,-9.63860998075433,14.2410149231922
"754","ran_vals","distrito_nombre2","30502-La Suiza","anho",6.27500488797087,6.09185298615331,-5.66480756400239,18.2148173399441
"755","ran_vals","distrito_nombre2","30503-Peralta","anho",8.6971903345528,6.09185298615331,-3.24262211742046,20.6370027865261
"756","ran_vals","distrito_nombre2","30504-Santa Cruz","anho",0.723451248673552,6.09185298615331,-11.2163612032997,12.6632637006468
"757","ran_vals","distrito_nombre2","30505-Santa Teresita","anho",-1.75891421161203,6.09185298615331,-13.6987266635853,10.1808982403612
"758","ran_vals","distrito_nombre2","30506-Pavones","anho",-3.3034797386228,6.09185298615331,-15.2432921905961,8.63633271335046
"759","ran_vals","distrito_nombre2","30507-Tuis","anho",-6.47525601442974,6.09185298615331,-18.415068466403,5.46455643754352
"760","ran_vals","distrito_nombre2","30508-Tayutic","anho",-8.67769844136517,6.09185298615331,-20.6175108933384,3.26211401060808
"761","ran_vals","distrito_nombre2","30509-Santa Rosa","anho",0.395211635889343,6.09185298615331,-11.5446008160839,12.3350240878626
"762","ran_vals","distrito_nombre2","30510-Tres Equis","anho",2.51623805215247,6.09185298615331,-9.42357439982079,14.4560505041257
"763","ran_vals","distrito_nombre2","30511-La Isabel","anho",-6.26809792993273,6.09185298615331,-18.207910381906,5.67171452204053
"764","ran_vals","distrito_nombre2","30512-Chirripó","anho",5.57514770550308,6.09185298615331,-6.36466474647018,17.5149601574763
"765","ran_vals","distrito_nombre2","30601-Pacayas","anho",-1.54689660918319,6.09185298615331,-13.4867090611564,10.3929158427901
"766","ran_vals","distrito_nombre2","30602-Cervantes","anho",2.99818152849692,6.09185298615331,-8.94163092347634,14.9379939804702
"767","ran_vals","distrito_nombre2","30603-Capellades","anho",-1.45128491931376,6.09185298615331,-13.391097371287,10.4885275326595
"768","ran_vals","distrito_nombre2","30701-San Rafael","anho",1.19316581523933,6.09185298615331,-10.7466466367339,13.1329782672126
"769","ran_vals","distrito_nombre2","30702-Cot","anho",-1.47071585712723,6.09185298615331,-13.4105283091005,10.469096594846
"770","ran_vals","distrito_nombre2","30703-Potrero Cerrado","anho",-1.18849970780667,6.09185298615331,-13.1283121597799,10.7513127441666
"771","ran_vals","distrito_nombre2","30704-Cipreses","anho",-1.06523908958187,6.09185298615331,-13.0050515415551,10.8745733623914
"772","ran_vals","distrito_nombre2","30705-Santa Rosa","anho",2.53128883927639,6.09185298615331,-9.40852361269687,14.4711012912496
"773","ran_vals","distrito_nombre2","30801-El Tejar","anho",1.49707682637037,6.09185298615331,-10.4427356256029,13.4368892783436
"774","ran_vals","distrito_nombre2","30802-San Isidro","anho",0.372984426765219,6.09185298615331,-11.566828025208,12.3127968787385
"775","ran_vals","distrito_nombre2","30803-Tobosi","anho",-2.43397625653603,6.09185298615331,-14.3737887085093,9.50583619543723
"776","ran_vals","distrito_nombre2","30804-Patio de Agua","anho",0.56391500340048,6.09185298615331,-11.3758974485728,12.5037274553737
"777","ran_vals","distrito_nombre2","40101-Heredia","anho",10.5097725763416,6.09185298615331,-1.43003987563162,22.4495850283149
"778","ran_vals","distrito_nombre2","40102-Mercedes","anho",1.00302835939876,6.09185298615331,-10.9367840925745,12.942840811372
"779","ran_vals","distrito_nombre2","40103-San Francisco","anho",1.82929690387435,6.09185298615331,-10.1105155480989,13.7691093558476
"780","ran_vals","distrito_nombre2","40104-Ulloa","anho",-2.53874518650475,6.09185298615331,-14.478557638478,9.40106726546851
"781","ran_vals","distrito_nombre2","40105-Vara Blanca","anho",-10.80335265311,6.09185298615331,-22.7431651050833,1.13645979886324
"782","ran_vals","distrito_nombre2","40201-Barva","anho",12.634748843461,6.09185298615331,0.694936391487717,24.5745612954342
"783","ran_vals","distrito_nombre2","40202-San Pedro","anho",7.2746131792735,6.09185298615331,-4.66519927269976,19.2144256312468
"784","ran_vals","distrito_nombre2","40203-San Pablo","anho",-5.98725659006958,6.09185298615331,-17.9270690420428,5.95255586190367
"785","ran_vals","distrito_nombre2","40204-San Roque","anho",-4.13634195590833,6.09185298615331,-16.0761544078816,7.80347049606493
"786","ran_vals","distrito_nombre2","40205-Santa Lucía","anho",-5.60819980511812,6.09185298615331,-17.5480122570914,6.33161264685514
"787","ran_vals","distrito_nombre2","40206-San José de la Montaña","anho",-4.17756367163849,6.09185298615331,-16.1173761236118,7.76224878033477
"788","ran_vals","distrito_nombre2","40301-Santo Domingo","anho",17.5740290650868,6.09185298615331,5.63421661311353,29.5138415170601
"789","ran_vals","distrito_nombre2","40302-San Vicente","anho",5.32723594368638,6.09185298615331,-6.61257650828688,17.2670483956596
"790","ran_vals","distrito_nombre2","40303-San Miguel","anho",-6.15974059998531,6.09185298615331,-18.0995530519586,5.78007185198795
"791","ran_vals","distrito_nombre2","40304-Paracito","anho",-7.55518999380114,6.09185298615331,-19.4950024457744,4.38462245817212
"792","ran_vals","distrito_nombre2","40305-Santo Tomás","anho",-5.74762329866942,6.09185298615331,-17.6874357506427,6.19218915330384
"793","ran_vals","distrito_nombre2","40306-Santa Rosa","anho",-3.95334382891201,6.09185298615331,-15.8931562808853,7.98646862306125
"794","ran_vals","distrito_nombre2","40307-Tures","anho",0.747304998262438,6.09185298615331,-11.1925074537108,12.6871174502357
"795","ran_vals","distrito_nombre2","40308-Pará","anho",-0.232672285668469,6.09185298615331,-12.1724847376417,11.7071401663048
"796","ran_vals","distrito_nombre2","40401-Santa Bárbara","anho",16.4839937582809,6.09185298615331,4.54418130630768,28.4238062102542
"797","ran_vals","distrito_nombre2","40402-San Pedro","anho",-5.10309856640986,6.09185298615331,-17.0429110183831,6.8367138855634
"798","ran_vals","distrito_nombre2","40403-San Juan","anho",-1.19454428648922,6.09185298615331,-13.1343567384625,10.745268165484
"799","ran_vals","distrito_nombre2","40404-Jesús","anho",-2.84220366902928,6.09185298615331,-14.7820161210025,9.09760878294398
"800","ran_vals","distrito_nombre2","40405-Santo Domingo","anho",-4.42244092501597,6.09185298615331,-16.3622533769892,7.51737152695729
"801","ran_vals","distrito_nombre2","40406-Purabá","anho",-2.92170631133671,6.09185298615331,-14.86151876331,9.01810614063654
"802","ran_vals","distrito_nombre2","40501-San Rafael","anho",6.8223161883046,6.09185298615331,-5.11749626366866,18.7621286402779
"803","ran_vals","distrito_nombre2","40502-San Josecito","anho",-0.682474012881995,6.09185298615331,-12.6222864648553,11.2573384390913
"804","ran_vals","distrito_nombre2","40503-Santiago","anho",-0.0757579614817003,6.09185298615331,-12.015570413455,11.8640544904916
"805","ran_vals","distrito_nombre2","40504-Ángeles","anho",-1.94334555924393,6.09185298615331,-13.8831580112172,9.99646689272933
"806","ran_vals","distrito_nombre2","40505-Concepción","anho",-4.12073865469696,6.09185298615331,-16.0605511066702,7.81907379727629
"807","ran_vals","distrito_nombre2","40601-San Isidro","anho",5.34575204828555,6.09185298615331,-6.59406040368771,17.2855645002588
"808","ran_vals","distrito_nombre2","40602-San José","anho",-6.57994434025221,6.09185298615331,-18.5197567922255,5.35986811172105
"809","ran_vals","distrito_nombre2","40603-Concepción","anho",3.85477925412216,6.09185298615331,-8.0850331978511,15.7945917060954
"810","ran_vals","distrito_nombre2","40604-San Francisco","anho",-2.62058696215551,6.09185298615331,-14.5603994141288,9.31922548981774
"811","ran_vals","distrito_nombre2","40701-San Antonio","anho",-2.82104629885499,6.09185298615331,-14.7608587508283,9.11876615311827
"812","ran_vals","distrito_nombre2","40702-La Ribera","anho",2.58660591485241,6.09185298615331,-9.35320653712085,14.5264183668257
"813","ran_vals","distrito_nombre2","40703-La Asunción","anho",0.234440384002563,6.09185298615331,-11.7053720679707,12.1742528359758
"814","ran_vals","distrito_nombre2","40801-San Joaquín","anho",-3.66905331954252,6.09185298615331,-15.6088657715158,8.27075913243074
"815","ran_vals","distrito_nombre2","40802-Barrantes","anho",10.3482691992427,6.09185298615331,-1.59154325273052,22.288081651216
"816","ran_vals","distrito_nombre2","40803-Llorente","anho",-6.67921587970032,6.09185298615331,-18.6190283316736,5.26059657227294
"817","ran_vals","distrito_nombre2","40901-San Pablo","anho",0.218967125756585,6.09185298615331,-11.7208453262167,12.1587795777298
"818","ran_vals","distrito_nombre2","40902-Rincón de Sabanilla","anho",-0.218967125756572,6.09185298615331,-12.1587795777298,11.7208453262167
"819","ran_vals","distrito_nombre2","41001-Puerto Viejo","anho",-0.814321905027902,6.09185298615331,-12.7541343570012,11.1254905469454
"820","ran_vals","distrito_nombre2","41002-La Virgen","anho",3.20541506007958,6.09185298615331,-8.73439739189368,15.1452275120528
"821","ran_vals","distrito_nombre2","41003-Las Horquetas","anho",2.07669263954867,6.09185298615331,-9.86311981242459,14.0165050915219
"822","ran_vals","distrito_nombre2","41004-Llanuras del Gaspar","anho",-4.61986281242932,6.09185298615331,-16.5596752644026,7.31994963954394
"823","ran_vals","distrito_nombre2","41005-Cureña","anho",0.152077017828963,6.09185298615331,-11.7877354341443,12.0918894698022
"824","ran_vals","distrito_nombre2","50101-Liberia","anho",0.635634627316587,6.09185298615331,-11.3041778246567,12.5754470792898
"825","ran_vals","distrito_nombre2","50102-Cañas Dulces","anho",-0.547554776907463,6.09185298615331,-12.4873672288807,11.3922576750658
"826","ran_vals","distrito_nombre2","50103-Mayorga","anho",2.65052361460478,6.09185298615331,-9.28928883736848,14.590336066578
"827","ran_vals","distrito_nombre2","50104-Nacascolo","anho",0.942639464879501,6.09185298615331,-10.9971729870938,12.8824519168528
"828","ran_vals","distrito_nombre2","50105-Curubandé","anho",-3.68124292989328,6.09185298615331,-15.6210553818665,8.25856952207998
"829","ran_vals","distrito_nombre2","50201-Nicoya","anho",4.12472554465959,6.09185298615331,-7.81508690731367,16.0645379966329
"830","ran_vals","distrito_nombre2","50202-Mansión","anho",-3.26414807710068,6.09185298615331,-15.2039605290739,8.67566437487258
"831","ran_vals","distrito_nombre2","50203-San Antonio","anho",3.04754190303627,6.09185298615331,-8.89227054893699,14.9873543550095
"832","ran_vals","distrito_nombre2","50204-Quebrada Honda","anho",0.278558205540585,6.09185298615331,-11.6612542464327,12.2183706575138
"833","ran_vals","distrito_nombre2","50205-Sámara","anho",-2.27630470858365,6.09185298615331,-14.2161171605569,9.66350774338961
"834","ran_vals","distrito_nombre2","50206-Nosara","anho",-0.801814099302699,6.09185298615331,-12.741626551276,11.1379983526706
"835","ran_vals","distrito_nombre2","50207-Belén de Nosarita","anho",-1.1085587682492,6.09185298615331,-13.0483712202225,10.8312536837241
"836","ran_vals","distrito_nombre2","50301-Santa Cruz","anho",-0.460410916023199,6.09185298615331,-12.4002233679965,11.4794015359501
"837","ran_vals","distrito_nombre2","50302-Bolsón","anho",-2.46203145914993,6.09185298615331,-14.4018439111232,9.47778099282333
"838","ran_vals","distrito_nombre2","50303-Veintisiete de Abril","anho",-3.01330849849747,6.09185298615331,-14.9531209504707,8.92650395347578
"839","ran_vals","distrito_nombre2","50304-Tempate","anho",2.57528107237598,6.09185298615331,-9.36453137959728,14.5150935243492
"840","ran_vals","distrito_nombre2","50305-Cartagena","anho",-4.19112862760295,6.09185298615331,-16.1309410795762,7.74868382437031
"841","ran_vals","distrito_nombre2","50306-Cuajiniquil","anho",0.34978885772989,6.09185298615331,-11.5900235942434,12.2896013097031
"842","ran_vals","distrito_nombre2","50307-Diriá","anho",4.29708786284494,6.09185298615331,-7.64272458912832,16.2369003148182
"843","ran_vals","distrito_nombre2","50308-Cabo Velas","anho",2.40475850258737,6.09185298615331,-9.53505394938589,14.3445709545606
"844","ran_vals","distrito_nombre2","50309-Tamarindo","anho",0.499963205735022,6.09185298615331,-11.4398492462382,12.4397756577083
"845","ran_vals","distrito_nombre2","50401-Bagaces","anho",2.95893250787293,6.09185298615331,-8.98087994410033,14.8987449598462
"846","ran_vals","distrito_nombre2","50402-La Fortuna","anho",6.82131410291087,6.09185298615331,-5.11849834906239,18.7611265548841
"847","ran_vals","distrito_nombre2","50403-Mogote","anho",-3.44183363647526,6.09185298615331,-15.3816460884485,8.497978815498
"848","ran_vals","distrito_nombre2","50404-Río Naranjo","anho",-6.33841297430887,6.09185298615331,-18.2782254262821,5.60139947766439
"849","ran_vals","distrito_nombre2","50501-Filadelfia","anho",3.07596662183824,6.09185298615331,-8.86384583013502,15.0157790738115
"850","ran_vals","distrito_nombre2","50502-Palmira","anho",-3.31941590797268,6.09185298615331,-15.2592283599459,8.62039654400058
"851","ran_vals","distrito_nombre2","50503-Sardinal","anho",0.539457961912368,6.09185298615331,-11.4003544900609,12.4792704138856
"852","ran_vals","distrito_nombre2","50504-Belén","anho",-0.29600867577804,6.09185298615331,-12.2358211277513,11.6438037761952
"853","ran_vals","distrito_nombre2","50601-Cañas","anho",-4.47695280685511,6.09185298615331,-16.4167652588284,7.46285964511814
"854","ran_vals","distrito_nombre2","50602-Palmira","anho",-10.0890973473985,6.09185298615331,-22.0289097993718,1.85071510457472
"855","ran_vals","distrito_nombre2","50603-San Miguel","anho",-4.53190657243749,6.09185298615331,-16.4717190244107,7.40790587953577
"856","ran_vals","distrito_nombre2","50604-Bebedero","anho",1.33208166906758,6.09185298615331,-10.6077307829057,13.2718941210408
"857","ran_vals","distrito_nombre2","50605-Porozal","anho",17.765875057624,6.09185298615331,5.82606260565078,29.7056875095973
"858","ran_vals","distrito_nombre2","50701-Las Juntas","anho",0.230704856435513,6.09185298615331,-11.7091075955377,12.1705173084088
"859","ran_vals","distrito_nombre2","50702-Sierra","anho",-1.3754801776282,6.09185298615331,-13.3152926296015,10.5643322743451
"860","ran_vals","distrito_nombre2","50703-San Juan","anho",2.62032457624759,6.09185298615331,-9.31948787572567,14.5601370282209
"861","ran_vals","distrito_nombre2","50704-Colorado","anho",-1.47554925505498,6.09185298615331,-13.4153617070282,10.4642631969183
"862","ran_vals","distrito_nombre2","50801-Tilarán","anho",2.40727710561022,6.09185298615331,-9.53253534636304,14.3470895575835
"863","ran_vals","distrito_nombre2","50802-Quebrada Grande","anho",-10.6962406567535,6.09185298615331,-22.6360531087267,1.2435717952198
"864","ran_vals","distrito_nombre2","50803-Tronadora","anho",-2.82243110355085,6.09185298615331,-14.7622435555241,9.11738134842241
"865","ran_vals","distrito_nombre2","50804-Santa Rosa","anho",4.74080482274418,6.09185298615331,-7.19900762922908,16.6806172747174
"866","ran_vals","distrito_nombre2","50805-Líbano","anho",2.84618991650124,6.09185298615331,-9.09362253547202,14.7860023684745
"867","ran_vals","distrito_nombre2","50806-Tierras Morenas","anho",-1.2073287849137,6.09185298615331,-13.147141236887,10.7324836670596
"868","ran_vals","distrito_nombre2","50807-Arenal","anho",4.73172870036237,6.09185298615331,-7.20808375161089,16.6715411523356
"869","ran_vals","distrito_nombre2","50901-Carmona","anho",4.21501226195563,6.09185298615331,-7.72480019001763,16.1548247139289
"870","ran_vals","distrito_nombre2","50902-Santa Rita","anho",-8.25285808672057,6.09185298615331,-20.1926705386938,3.68695436525269
"871","ran_vals","distrito_nombre2","50903-Zapotal","anho",10.0649287075742,6.09185298615331,-1.87488374439908,22.0047411595474
"872","ran_vals","distrito_nombre2","50904-San Pablo","anho",-2.5718779076453,6.09185298615331,-14.5116903596186,9.36793454432796
"873","ran_vals","distrito_nombre2","50905-Porvenir","anho",1.97416341187643,6.09185298615331,-9.96564904009683,13.9139758638497
"874","ran_vals","distrito_nombre2","50906-Bejuco","anho",-5.42936838704062,6.09185298615331,-17.3691808390139,6.51044406493263
"875","ran_vals","distrito_nombre2","51001-La Cruz","anho",2.27633179991003,6.09185298615331,-9.66348065206322,14.2161442518833
"876","ran_vals","distrito_nombre2","51002-Santa Cecilia","anho",-2.3009268201882,6.09185298615331,-14.2407392721615,9.63888563178506
"877","ran_vals","distrito_nombre2","51003-La Garita","anho",-2.30193866746992,6.09185298615331,-14.2417511194432,9.63787378450334
"878","ran_vals","distrito_nombre2","51004-Santa Elena","anho",2.32653368774837,6.09185298615331,-9.61327876422488,14.2663461397216
"879","ran_vals","distrito_nombre2","51101-Hojancha","anho",11.0642593950999,6.09185298615331,-0.875553056873366,23.0040718470731
"880","ran_vals","distrito_nombre2","51102-Monte Romo","anho",-6.52965614953697,6.09185298615331,-18.4694686015102,5.41015630243629
"881","ran_vals","distrito_nombre2","51103-Puerto Carrillo","anho",7.47921344249144,6.09185298615331,-4.46059900948182,19.4190258944647
"882","ran_vals","distrito_nombre2","51104-Huacas","anho",-5.17906692790031,6.09185298615331,-17.1188793798736,6.76074552407295
"883","ran_vals","distrito_nombre2","51105-Matambú","anho",-6.83474976015428,6.68065218662516,-19.9285874391784,6.25908791886979
"884","ran_vals","distrito_nombre2","60101-Puntarenas","anho",3.80143385509281,6.09185298615331,-8.13837859688045,15.7412463070661
"885","ran_vals","distrito_nombre2","60102-Pitahaya","anho",-4.3007293531552,6.09185298615331,-16.2405418051285,7.63908309881806
"886","ran_vals","distrito_nombre2","60103-Chomes","anho",-0.529706897022836,6.09185298615331,-12.4695193489961,11.4101055549504
"887","ran_vals","distrito_nombre2","60104-Lepanto","anho",2.28192795178046,6.09185298615331,-9.6578845001928,14.2217404037537
"888","ran_vals","distrito_nombre2","60105-Paquera","anho",5.98364009465589,6.09185298615331,-5.95617235731737,17.9234525466292
"889","ran_vals","distrito_nombre2","60106-Manzanillo","anho",0.571464008824406,6.09185298615331,-11.3683484431489,12.5112764607977
"890","ran_vals","distrito_nombre2","60107-Guacimal","anho",-1.15983220516886,6.09185298615331,-13.0996446571421,10.7799802468044
"891","ran_vals","distrito_nombre2","60108-Barranca","anho",0.265315429363472,6.09185298615331,-11.6744970226098,12.2051278813367
"892","ran_vals","distrito_nombre2","60111-Cóbano","anho",4.0278417902479,6.09185298615331,-7.91197066172536,15.9676542422212
"893","ran_vals","distrito_nombre2","60112-Chacarita","anho",4.62479368040581,6.09185298615331,-7.31501877156745,16.5646061323791
"894","ran_vals","distrito_nombre2","60113-Chira","anho",-7.17881867553928,6.09185298615331,-19.1186311275125,4.76099377643398
"895","ran_vals","distrito_nombre2","60114-Acapulco","anho",0.997094984444625,6.09185298615331,-10.9427174675286,12.9369074364179
"896","ran_vals","distrito_nombre2","60115-El Roble","anho",-0.79398978668916,6.09185298615331,-12.7338022386624,11.1458226652841
"897","ran_vals","distrito_nombre2","60116-Arancibia","anho",-8.59043487724238,6.09185298615331,-20.5302473292156,3.34937757473088
"898","ran_vals","distrito_nombre2","60201-Espíritu Santo","anho",-3.49721125439815,6.09185298615331,-15.4370237063714,8.44260119757511
"899","ran_vals","distrito_nombre2","60202-San Juan Grande","anho",0.932268015000397,6.09185298615331,-11.0075444369729,12.8720804669737
"900","ran_vals","distrito_nombre2","60203-Macacona","anho",2.33951677620348,6.09185298615331,-9.60029567576978,14.2793292281767
"901","ran_vals","distrito_nombre2","60204-San Rafael","anho",-1.41395472826013,6.09185298615331,-13.3537671802334,10.5258577237131
"902","ran_vals","distrito_nombre2","60205-San Jerónimo","anho",-0.441542602312335,6.09185298615331,-12.3813550542856,11.4982698496609
"903","ran_vals","distrito_nombre2","60206-Caldera","anho",2.08092379376652,6.51227893741461,-10.6829083808449,14.8447559683779
"904","ran_vals","distrito_nombre2","60301-Buenos Aires","anho",-1.87222252970572,6.09185298615331,-13.812034981679,10.0675899222675
"905","ran_vals","distrito_nombre2","60302-Volcán","anho",10.3754112470649,6.09185298615331,-1.56440120490837,22.3152236990381
"906","ran_vals","distrito_nombre2","60303-Potrero Grande","anho",4.11152831137292,6.09185298615331,-7.82828414060034,16.0513407633462
"907","ran_vals","distrito_nombre2","60304-Boruca","anho",-2.1459182551496,6.09185298615331,-14.0857307071229,9.79389419682366
"908","ran_vals","distrito_nombre2","60305-Pilas","anho",-6.78425371848307,6.09185298615331,-18.7240661704563,5.15555873349019
"909","ran_vals","distrito_nombre2","60306-Colinas","anho",-4.88458262581914,6.09185298615331,-16.8243950777924,7.05522982615412
"910","ran_vals","distrito_nombre2","60307-Chánguena","anho",-8.12050645751451,6.09185298615331,-20.0603189094878,3.81930599445875
"911","ran_vals","distrito_nombre2","60308-Biolley","anho",-8.60286164319675,6.09185298615331,-20.54267409517,3.33695080877651
"912","ran_vals","distrito_nombre2","60309-Brunka","anho",17.9234056714304,6.09185298615331,5.98359321945717,29.8632181234037
"913","ran_vals","distrito_nombre2","60401-Miramar","anho",2.42247916384719,6.09185298615331,-9.51733328812606,14.3622916158205
"914","ran_vals","distrito_nombre2","60402-La Unión","anho",-1.01866818421785,6.09185298615331,-12.9584806361911,10.9211442677554
"915","ran_vals","distrito_nombre2","60403-San Isidro","anho",-1.40381097962952,6.09185298615331,-13.3436234316028,10.5360014723437
"916","ran_vals","distrito_nombre2","60501-Puerto Cortés","anho",-4.26466400094856,6.09185298615331,-16.2044764529218,7.6751484510247
"917","ran_vals","distrito_nombre2","60502-Palmar","anho",5.66460199361422,6.09185298615331,-6.27521045835904,17.6044144455875
"918","ran_vals","distrito_nombre2","60503-Sierpe","anho",-2.00136165412449,6.09185298615331,-13.9411741060977,9.93845079784877
"919","ran_vals","distrito_nombre2","60504-Bahía Ballena","anho",7.41894414027964,6.09185298615331,-4.52086831169361,19.3587565922529
"920","ran_vals","distrito_nombre2","60505-Piedras Blancas","anho",-2.07362407737915,6.09185298615331,-14.0134365293524,9.86618837459411
"921","ran_vals","distrito_nombre2","60506-Bahía Drake","anho",-4.74389640144225,6.09185298615331,-16.6837088534155,7.19591605053101
"922","ran_vals","distrito_nombre2","60601-Quepos","anho",-4.15649906966481,6.09185298615331,-16.0963115216381,7.78331338230845
"923","ran_vals","distrito_nombre2","60602-Savegre","anho",-1.1003319304257,6.09185298615331,-13.040144382399,10.8394805215476
"924","ran_vals","distrito_nombre2","60603-Naranjito","anho",5.25683100009046,6.09185298615331,-6.6829814518828,17.1966434520637
"925","ran_vals","distrito_nombre2","60701-Golfito","anho",2.28729759233264,6.09185298615331,-9.65251485964062,14.2271100443059
"926","ran_vals","distrito_nombre2","60703-Guaycará","anho",1.18183204299888,6.09185298615331,-10.7579804089744,13.1216444949721
"927","ran_vals","distrito_nombre2","60704-Pavón","anho",-3.46912963533165,6.09185298615331,-15.4089420873049,8.47068281664161
"928","ran_vals","distrito_nombre2","60801-San Vito","anho",0.751111177632027,6.09185298615331,-11.1887012743412,12.6909236296053
"929","ran_vals","distrito_nombre2","60802-Sabalito","anho",-1.79394015015529,6.09185298615331,-13.7337526021285,10.145872301818
"930","ran_vals","distrito_nombre2","60803-Aguabuena","anho",-1.65839579110856,6.09185298615331,-13.5982082430818,10.2814166608647
"931","ran_vals","distrito_nombre2","60804-Limoncito","anho",-2.32532489886205,6.09185298615331,-14.2651373508353,9.61448755311121
"932","ran_vals","distrito_nombre2","60805-Pittier","anho",-5.98591898035091,6.09185298615331,-17.9257314323242,5.95389347162235
"933","ran_vals","distrito_nombre2","60806-Gutiérrez Braun","anho",11.0124686428444,6.51227893741461,-1.75136353176697,23.7763008174558
"934","ran_vals","distrito_nombre2","60901-Parrita","anho",3.28032449947419e-15,6.09185298615331,-11.9398124519733,11.9398124519733
"935","ran_vals","distrito_nombre2","61001-Corredor","anho",4.08562652944091,6.09185298615331,-7.85418592253235,16.0254389814142
"936","ran_vals","distrito_nombre2","61002-La Cuesta","anho",-2.34600398258967,6.09185298615331,-14.2858164345629,9.59380846938359
"937","ran_vals","distrito_nombre2","61003-Canoas","anho",-1.9392378187693,6.09185298615331,-13.8790502707426,10.000574633204
"938","ran_vals","distrito_nombre2","61004-Laurel","anho",0.199615271917926,6.09185298615331,-11.7401971800553,12.1394277238912
"939","ran_vals","distrito_nombre2","61101-Jacó","anho",-2.51340427722895,6.09185298615331,-14.4532167292022,9.42640817474431
"940","ran_vals","distrito_nombre2","61102-Tárcoles","anho",2.51340427722889,6.09185298615331,-9.42640817474437,14.4532167292021
"941","ran_vals","distrito_nombre2","61201-Monteverde","anho",-2.56241491144537e-14,6.09185298615331,-11.9398124519733,11.9398124519732
"942","ran_vals","distrito_nombre2","61301-Puerto Jiménez","anho",9.61573177909082e-15,6.09185298615331,-11.9398124519732,11.9398124519733
"943","ran_vals","distrito_nombre2","70101-Limón","anho",5.0422480507633,6.09185298615331,-6.89756440120996,16.9820605027366
"944","ran_vals","distrito_nombre2","70102-Valle La Estrella","anho",-3.0668571036431,6.09185298615331,-15.0066695556164,8.87295534833016
"945","ran_vals","distrito_nombre2","70103-Río Blanco","anho",-4.23820055226982,6.09185298615331,-16.1780130042431,7.70161189970344
"946","ran_vals","distrito_nombre2","70104-Matama","anho",2.26280960514941,6.09185298615331,-9.67700284682385,14.2026220571227
"947","ran_vals","distrito_nombre2","70201-Guápiles","anho",-1.8023535149769,6.09185298615331,-13.7421659669502,10.1374589369964
"948","ran_vals","distrito_nombre2","70202-Jiménez","anho",-0.876030480946119,6.09185298615331,-12.8158429329194,11.0637819710271
"949","ran_vals","distrito_nombre2","70203-Rita","anho",1.73057957604664,6.09185298615331,-10.2092328759266,13.6703920280199
"950","ran_vals","distrito_nombre2","70204-Roxana","anho",-0.969277075099604,6.09185298615331,-12.9090895270729,10.9705353768737
"951","ran_vals","distrito_nombre2","70205-Cariari","anho",1.9761636669072,6.09185298615331,-9.96364878506606,13.9159761188805
"952","ran_vals","distrito_nombre2","70206-Colorado","anho",-6.97027111281085,6.09185298615331,-18.9100835647841,4.96954133916241
"953","ran_vals","distrito_nombre2","70207-La Colonia","anho",6.91118894087998,6.09185298615331,-5.02862351109328,18.8510013928532
"954","ran_vals","distrito_nombre2","70301-Siquirres","anho",7.34121506672588,6.09185298615331,-4.59859738524738,19.2810275186991
"955","ran_vals","distrito_nombre2","70302-Pacuarito","anho",-1.99745623197274,6.09185298615331,-13.937268683946,9.94235622000052
"956","ran_vals","distrito_nombre2","70303-Florida","anho",0.930760289164651,6.09185298615331,-11.0090521628086,12.8705727411379
"957","ran_vals","distrito_nombre2","70304-Germania","anho",-3.4682934080835,6.09185298615331,-15.4081058600568,8.47151904388976
"958","ran_vals","distrito_nombre2","70305-El Cairo","anho",0.933732570656174,6.09185298615331,-11.0060798813171,12.8735450226294
"959","ran_vals","distrito_nombre2","70306-Alegría","anho",-0.818308934929913,6.09185298615331,-12.7581213869032,11.1215035170433
"960","ran_vals","distrito_nombre2","70307-Reventazón","anho",-2.92164935156123,6.71989339798887,-16.0923983915679,10.2490996884454
"961","ran_vals","distrito_nombre2","70401-Bratsi","anho",3.7692966829909,6.09185298615331,-8.17051576898236,15.7091091349642
"962","ran_vals","distrito_nombre2","70402-Sixaola","anho",-2.82847439381714,6.09185298615331,-14.7682868457904,9.11133805815612
"963","ran_vals","distrito_nombre2","70403-Cahuita","anho",-1.11374021474441,6.09185298615331,-13.0535526667177,10.8260722372288
"964","ran_vals","distrito_nombre2","70404-Telire","anho",0.172917925570589,6.09185298615331,-11.7668945264027,12.1127303775438
"965","ran_vals","distrito_nombre2","70501-Matina","anho",0.067076090072527,6.09185298615331,-11.8727363619007,12.0068885420458
"966","ran_vals","distrito_nombre2","70502-Batán","anho",1.11136624483715,6.09185298615331,-10.8284462071361,13.0511786968104
"967","ran_vals","distrito_nombre2","70503-Carrandí","anho",-1.17844233490982,6.09185298615331,-13.1182547868831,10.7613701170634
"968","ran_vals","distrito_nombre2","70601-Guácimo","anho",0.0560864594480124,6.09185298615331,-11.8837259925252,11.9958989114213
"969","ran_vals","distrito_nombre2","70602-Mercedes","anho",-4.20180301437189,6.09185298615331,-16.1416154663452,7.73800943760137
"970","ran_vals","distrito_nombre2","70603-Pocora","anho",3.06082397119571,6.09185298615331,-8.87898848077755,15.000636423169
"971","ran_vals","distrito_nombre2","70604-Río Jiménez","anho",-1.48328242076903,6.09185298615331,-13.4230948727423,10.4565300312042
"972","ran_vals","distrito_nombre2","70605-Duacarí","anho",2.56817500449693,6.09185298615331,-9.37163744747632,14.5079874564702
