"","effect","group","level","term","estimate","std.error","conf.low","conf.high"
"1","ran_vals","distrito_nombre2","10101-Carmen","(Intercept)",1611.06882985686,53.2233115151163,1506.75305614928,1715.38460356444
"2","ran_vals","distrito_nombre2","10102-Merced","(Intercept)",-138.660612630839,53.2233115151163,-242.976386338423,-34.3448389232548
"3","ran_vals","distrito_nombre2","10103-Hospital","(Intercept)",-43.3098219077398,53.2233115151163,-147.625595615324,61.0059517998441
"4","ran_vals","distrito_nombre2","10104-Catedral","(Intercept)",66.4138314613577,53.2233115151163,-37.9019422462261,170.729605168942
"5","ran_vals","distrito_nombre2","10105-Zapote","(Intercept)",-124.383059701113,53.2233115151163,-228.698833408697,-20.0672859935291
"6","ran_vals","distrito_nombre2","10106-San Francisco de Dos Ríos","(Intercept)",-198.075042898639,53.2233115151163,-302.390816606223,-93.7592691910551
"7","ran_vals","distrito_nombre2","10107-Uruca","(Intercept)",-363.659032994627,53.2233115151163,-467.97480670221,-259.343259287043
"8","ran_vals","distrito_nombre2","10108-Mata Redonda","(Intercept)",-85.0029330816998,53.2233115151163,-189.318706789284,19.312840625884
"9","ran_vals","distrito_nombre2","10109-Pavas","(Intercept)",-284.725334905596,53.2233115151163,-389.04110861318,-180.409561198012
"10","ran_vals","distrito_nombre2","10110-Hatillo","(Intercept)",-170.357559710803,53.2233115151163,-274.673333418387,-66.0417860032195
"11","ran_vals","distrito_nombre2","10111-San Sebastián","(Intercept)",-202.659396988386,53.2233115151163,-306.97517069597,-98.3436232808022
"12","ran_vals","distrito_nombre2","10201-Escazú","(Intercept)",192.907979488331,53.2233115151163,88.5922057807468,297.223753195914
"13","ran_vals","distrito_nombre2","10202-San Antonio","(Intercept)",-162.797474900478,53.2233115151163,-267.113248608061,-58.4817011928939
"14","ran_vals","distrito_nombre2","10203-San Rafael","(Intercept)",-51.5769555755103,53.2233115151163,-155.892729283094,52.7388181320735
"15","ran_vals","distrito_nombre2","10301-Desamparados","(Intercept)",250.200374789588,53.2233115151163,145.884601082004,354.516148497172
"16","ran_vals","distrito_nombre2","10302-San Miguel","(Intercept)",28.1710791770625,53.2233115151163,-76.1446945305213,132.486852884646
"17","ran_vals","distrito_nombre2","10303-San Juan de Dios","(Intercept)",-80.6889242656248,53.2233115151163,-185.004697973209,23.626849441959
"18","ran_vals","distrito_nombre2","10304-San Rafael Arriba","(Intercept)",36.8156309835295,53.2233115151163,-67.5001427240544,141.131404691113
"19","ran_vals","distrito_nombre2","10305-San Antonio","(Intercept)",80.2827767689417,53.2233115151163,-24.0329969386421,184.598550476526
"20","ran_vals","distrito_nombre2","10306-Frailes","(Intercept)",-7.87740693259008,53.2233115151163,-112.193180640174,96.4383667749938
"21","ran_vals","distrito_nombre2","10307-Patarrá","(Intercept)",-57.871539480617,53.2233115151163,-162.187313188201,46.4442342269668
"22","ran_vals","distrito_nombre2","10308-San Cristóbal","(Intercept)",-61.9522817651949,53.2233115151163,-166.268055472779,42.3634919423889
"23","ran_vals","distrito_nombre2","10309-Rosario","(Intercept)",-58.2872241648821,53.2233115151163,-162.602997872466,46.0285495427017
"24","ran_vals","distrito_nombre2","10310-Damas","(Intercept)",-83.3882541111107,53.2233115151163,-187.704027818695,20.9275195964731
"25","ran_vals","distrito_nombre2","10311-San Rafael Abajo","(Intercept)",-67.2160212558867,53.2233115151163,-171.531794963471,37.0997524516971
"26","ran_vals","distrito_nombre2","10312-Gravilias","(Intercept)",28.7667423623553,53.2233115151163,-75.5490313452286,133.082516069939
"27","ran_vals","distrito_nombre2","10313-Los Guido","(Intercept)",-153.089406062994,53.2233115151163,-257.405179770578,-48.7736323554099
"28","ran_vals","distrito_nombre2","10401-Santiago","(Intercept)",79.2488107348996,53.2233115151163,-25.0669629726842,183.564584442483
"29","ran_vals","distrito_nombre2","10402-Mercedes Sur","(Intercept)",-49.8504778514637,53.2233115151163,-154.166251559048,54.4652958561201
"30","ran_vals","distrito_nombre2","10403-Barbacoas","(Intercept)",79.8445379767019,53.2233115151163,-24.471235730882,184.160311684286
"31","ran_vals","distrito_nombre2","10404-Grifo Alto","(Intercept)",-11.1176651971827,53.2233115151163,-115.433438904767,93.1981085104011
"32","ran_vals","distrito_nombre2","10405-San Rafael","(Intercept)",-24.9921503600743,53.2233115151163,-129.307924067658,79.3236233475095
"33","ran_vals","distrito_nombre2","10406-Candelarita","(Intercept)",164.671630145605,53.2233115151163,60.3558564380215,268.987403853189
"34","ran_vals","distrito_nombre2","10407-Desamparaditos","(Intercept)",-78.3255867862176,53.2233115151163,-182.641360493801,25.9901869213662
"35","ran_vals","distrito_nombre2","10408-San Antonio","(Intercept)",-26.860981137021,53.2233115151163,-131.176754844605,77.4547925705628
"36","ran_vals","distrito_nombre2","10409-Chires","(Intercept)",-133.647227198003,53.2233115151163,-237.963000905587,-29.3314534904196
"37","ran_vals","distrito_nombre2","10501-San Marcos","(Intercept)",80.1202681244838,53.2233115151163,-24.1955055831,184.436041832068
"38","ran_vals","distrito_nombre2","10502-San Lorenzo","(Intercept)",-74.1036802999808,53.2233115151163,-178.419454007565,30.212093407603
"39","ran_vals","distrito_nombre2","10503-San Carlos","(Intercept)",-28.474203444246,53.2233115151163,-132.78997715183,75.8415702633378
"40","ran_vals","distrito_nombre2","10601-Aserrí","(Intercept)",37.3417667067246,53.2233115151163,-66.9740070008592,141.657540414308
"41","ran_vals","distrito_nombre2","10602-Tarbaca","(Intercept)",237.089817532812,53.2233115151163,132.774043825228,341.405591240395
"42","ran_vals","distrito_nombre2","10603-Vuelta de Jorco","(Intercept)",-66.2166952489902,53.2233115151163,-170.532468956574,38.0990784585937
"43","ran_vals","distrito_nombre2","10604-San Gabriel","(Intercept)",-72.8195042813789,53.2233115151163,-177.135277988963,31.4962694262049
"44","ran_vals","distrito_nombre2","10605-Legua","(Intercept)",-164.022688321456,53.2233115151163,-268.33846202904,-59.7069146138723
"45","ran_vals","distrito_nombre2","10606-Monterrey","(Intercept)",168.802240835146,53.2233115151163,64.4864671275626,273.11801454273
"46","ran_vals","distrito_nombre2","10607-Salitrillos","(Intercept)",-233.467456927847,53.2233115151163,-337.783230635431,-129.151683220264
"47","ran_vals","distrito_nombre2","10701-Colón","(Intercept)",88.9086123170446,53.2233115151163,-15.4071613905393,193.224386024628
"48","ran_vals","distrito_nombre2","10702-Guayabo","(Intercept)",89.6231724433448,53.2233115151163,-14.692601264239,193.938946150929
"49","ran_vals","distrito_nombre2","10703-Tabarcia","(Intercept)",255.542243935285,53.2233115151163,151.226470227701,359.858017642869
"50","ran_vals","distrito_nombre2","10704-Piedras Negras","(Intercept)",-65.161969575495,53.2233115151163,-169.477743283079,39.1538041320888
"51","ran_vals","distrito_nombre2","10705-Picagres","(Intercept)",14.5197554049714,53.2233115151163,-89.7960183026124,118.835529112555
"52","ran_vals","distrito_nombre2","10706-Jaris","(Intercept)",-179.798717508467,53.2233115151163,-284.114491216051,-75.4829438008829
"53","ran_vals","distrito_nombre2","10707-Quitirrisí","(Intercept)",-216.42137583149,62.4118756017171,-338.74640421845,-94.0963474445308
"54","ran_vals","distrito_nombre2","10801-Guadalupe","(Intercept)",567.909861211408,53.2233115151163,463.594087503824,672.225634918991
"55","ran_vals","distrito_nombre2","10802-San Francisco","(Intercept)",152.921570946403,53.2233115151163,48.6057972388189,257.237344653986
"56","ran_vals","distrito_nombre2","10803-Calle Blancos","(Intercept)",-83.0132763300556,53.2233115151163,-187.329050037639,21.3024973775282
"57","ran_vals","distrito_nombre2","10804-Mata de Plátano","(Intercept)",-171.907463535541,53.2233115151163,-276.223237243125,-67.5916898279571
"58","ran_vals","distrito_nombre2","10805-Ipís","(Intercept)",-42.8905370978123,53.2233115151163,-147.206310805396,61.4252366097715
"59","ran_vals","distrito_nombre2","10806-Rancho Redondo","(Intercept)",-12.9158350301712,53.2233115151163,-117.231608737755,91.3999386774126
"60","ran_vals","distrito_nombre2","10807-Purral","(Intercept)",-176.367586205825,53.2233115151163,-280.683359913409,-72.0518124982415
"61","ran_vals","distrito_nombre2","10901-Santa Ana","(Intercept)",141.061006036532,53.2233115151163,36.7452323289483,245.376779744116
"62","ran_vals","distrito_nombre2","10902-Salitral","(Intercept)",-57.234138055139,53.2233115151163,-161.549911762723,47.0816356524448
"63","ran_vals","distrito_nombre2","10903-Pozos","(Intercept)",-58.0953914502858,53.2233115151163,-162.41116515787,46.220382257298
"64","ran_vals","distrito_nombre2","10904-Uruca","(Intercept)",43.4428923837862,53.2233115151163,-60.8728813237977,147.75866609137
"65","ran_vals","distrito_nombre2","10905-Piedades","(Intercept)",10.7736404591334,53.2233115151163,-93.5421332484504,115.089414166717
"66","ran_vals","distrito_nombre2","10906-Brasil","(Intercept)",-69.0143609752698,53.2233115151163,-173.330134682854,35.3014127323141
"67","ran_vals","distrito_nombre2","11001-Alajuelita","(Intercept)",203.756817069609,53.2233115151163,99.4410433620247,308.072590777192
"68","ran_vals","distrito_nombre2","11002-San Josecito","(Intercept)",25.3074355226446,53.2233115151163,-79.0083381849392,129.623209230228
"69","ran_vals","distrito_nombre2","11003-San Antonio","(Intercept)",-178.009384864396,53.2233115151163,-282.32515857198,-73.6936111568122
"70","ran_vals","distrito_nombre2","11004-Concepción","(Intercept)",-8.67903012627577,53.2233115151163,-112.99480383386,95.6367435813081
"71","ran_vals","distrito_nombre2","11005-San Felipe","(Intercept)",-73.0463326844827,53.2233115151163,-177.362106392066,31.2694410231012
"72","ran_vals","distrito_nombre2","11101-San Isidro","(Intercept)",108.531148794655,53.2233115151163,4.21537508707158,212.846922502239
"73","ran_vals","distrito_nombre2","11102-San Rafael","(Intercept)",3.46695620387685,53.2233115151163,-100.848817503707,107.782729911461
"74","ran_vals","distrito_nombre2","11103-Dulce Nombre de Jesús","(Intercept)",-14.0304757731918,53.2233115151163,-118.346249480776,90.285297934392
"75","ran_vals","distrito_nombre2","11104-Patalillo","(Intercept)",-60.715796243035,53.2233115151163,-165.031569950619,43.5999774645488
"76","ran_vals","distrito_nombre2","11105-Cascajal","(Intercept)",-78.1563379366986,53.2233115151163,-182.472111644282,26.1594357708852
"77","ran_vals","distrito_nombre2","11201-San Ignacio","(Intercept)",105.927454652225,53.2233115151163,1.61168094464151,210.243228359809
"78","ran_vals","distrito_nombre2","11202-Guaitil","(Intercept)",71.5194547220627,53.2233115151163,-32.7963189855211,175.835228429647
"79","ran_vals","distrito_nombre2","11203-Palmichal","(Intercept)",-121.664629084419,53.2233115151163,-225.980402792003,-17.348855376835
"80","ran_vals","distrito_nombre2","11204-Cangrejal","(Intercept)",-8.79304471127478,53.2233115151163,-113.108818418859,95.5227289963091
"81","ran_vals","distrito_nombre2","11205-Sabanillas","(Intercept)",-70.3130021817593,53.2233115151163,-174.628775889343,34.0027715258246
"82","ran_vals","distrito_nombre2","11301-San Juan","(Intercept)",127.963514640159,53.2233115151163,23.6477409325747,232.279288347742
"83","ran_vals","distrito_nombre2","11302-Cinco Esquinas","(Intercept)",150.551503623148,53.2233115151163,46.2357299155641,254.867277330732
"84","ran_vals","distrito_nombre2","11303-Anselmo Llorente","(Intercept)",-52.4333238746867,53.2233115151163,-156.749097582271,51.8824498328972
"85","ran_vals","distrito_nombre2","11304-León XIII","(Intercept)",-121.873411813167,53.2233115151163,-226.189185520751,-17.5576381055832
"86","ran_vals","distrito_nombre2","11305-Colima","(Intercept)",-216.243229310388,53.2233115151163,-320.559003017972,-111.927455602804
"87","ran_vals","distrito_nombre2","11401-San Vicente","(Intercept)",191.72965685834,53.2233115151163,87.4138831507559,296.045430565924
"88","ran_vals","distrito_nombre2","11402-San Jerónimo","(Intercept)",-75.1765188097497,53.2233115151163,-179.492292517334,29.1392548978341
"89","ran_vals","distrito_nombre2","11403-La Trinidad","(Intercept)",-97.2154879990113,53.2233115151163,-201.531261706595,7.10028570857249
"90","ran_vals","distrito_nombre2","11501-San Pedro","(Intercept)",139.823058739565,53.2233115151163,35.5072850319815,244.138832447149
"91","ran_vals","distrito_nombre2","11502-Sabanilla","(Intercept)",85.6237899577824,53.2233115151163,-18.6919837498014,189.939563665366
"92","ran_vals","distrito_nombre2","11503-Mercedes","(Intercept)",-150.536734662832,53.2233115151163,-254.852508370416,-46.2209609552481
"93","ran_vals","distrito_nombre2","11504-San Rafael","(Intercept)",-125.762846645006,53.2233115151163,-230.07862035259,-21.4470729374223
"94","ran_vals","distrito_nombre2","11601-San Pablo","(Intercept)",190.857793225634,53.2233115151163,86.5420195180499,295.173566933218
"95","ran_vals","distrito_nombre2","11602-San Pedro","(Intercept)",25.1637085454037,53.2233115151163,-79.1520651621802,129.479482252988
"96","ran_vals","distrito_nombre2","11603-San Juan de Mata","(Intercept)",55.5044485328907,53.2233115151163,-48.8113251746931,159.820222240475
"97","ran_vals","distrito_nombre2","11604-San Luis","(Intercept)",-49.4440415433512,53.2233115151163,-153.759815250935,54.8717321642327
"98","ran_vals","distrito_nombre2","11605-Carara","(Intercept)",-94.8025641478186,53.2233115151163,-199.118337855402,9.51320955976527
"99","ran_vals","distrito_nombre2","11701-Santa María","(Intercept)",266.646360473241,53.2233115151163,162.330586765657,370.962134180825
"100","ran_vals","distrito_nombre2","11702-Jardín","(Intercept)",-90.9578765280478,53.2233115151163,-195.273650235632,13.357897179536
"101","ran_vals","distrito_nombre2","11703-Copey","(Intercept)",-36.7576664425366,53.2233115151163,-141.07344015012,67.5581072650472
"102","ran_vals","distrito_nombre2","11801-Curridabat","(Intercept)",133.378991155456,53.2233115151163,29.0632174478724,237.69476486304
"103","ran_vals","distrito_nombre2","11802-Granadilla","(Intercept)",-47.8846499688188,53.2233115151163,-152.200423676403,56.4311237387651
"104","ran_vals","distrito_nombre2","11803-Sánchez","(Intercept)",-0.906149986963135,53.2233115151163,-105.221923694547,103.409623720621
"105","ran_vals","distrito_nombre2","11804-Tirrases","(Intercept)",-29.8448256801316,53.2233115151163,-134.160599387715,74.4709480274523
"106","ran_vals","distrito_nombre2","11901-San Isidro de El General","(Intercept)",71.2629831401607,53.2233115151163,-33.0527905674231,175.578756847745
"107","ran_vals","distrito_nombre2","11902-El General","(Intercept)",6.16383226340965,53.2233115151163,-98.1519414441742,110.479605970993
"108","ran_vals","distrito_nombre2","11903-Daniel Flores","(Intercept)",3.88930726114189,53.2233115151163,-100.426466446442,108.205080968726
"109","ran_vals","distrito_nombre2","11904-Rivas","(Intercept)",-44.9281747693582,53.2233115151163,-149.243948476942,59.3875989382256
"110","ran_vals","distrito_nombre2","11905-San Pedro","(Intercept)",-48.9113561075064,53.2233115151163,-153.22712981509,55.4044176000775
"111","ran_vals","distrito_nombre2","11906-Platanares","(Intercept)",27.8983163328267,53.2233115151163,-76.4174573747571,132.214090040411
"112","ran_vals","distrito_nombre2","11907-Pejibaye","(Intercept)",280.319106091905,53.2233115151163,176.003332384321,384.634879799489
"113","ran_vals","distrito_nombre2","11908-Cajón","(Intercept)",-0.993109550184776,53.2233115151163,-105.308883257769,103.322664157399
"114","ran_vals","distrito_nombre2","11909-Barú","(Intercept)",-39.8928094906028,53.2233115151163,-144.208583198187,64.422964216981
"115","ran_vals","distrito_nombre2","11910-Río Nuevo","(Intercept)",-30.0023574160742,53.2233115151163,-134.318131123658,74.3134162915097
"116","ran_vals","distrito_nombre2","11911-Páramo","(Intercept)",13.0527884494057,53.2233115151163,-91.2629852581782,117.368562156989
"117","ran_vals","distrito_nombre2","11912-La Amistad","(Intercept)",-179.350081234537,62.4118756017171,-301.675109621497,-57.0250528475779
"118","ran_vals","distrito_nombre2","12001-San Pablo","(Intercept)",24.1966842671938,53.2233115151163,-80.11908944039,128.512457974778
"119","ran_vals","distrito_nombre2","12002-San Andrés","(Intercept)",-134.104816892399,53.2233115151163,-238.420590599983,-29.7890431848155
"120","ran_vals","distrito_nombre2","12003-Llano Bonito","(Intercept)",39.0471128546226,53.2233115151163,-65.2686608529613,143.362886562206
"121","ran_vals","distrito_nombre2","12004-San Isidro","(Intercept)",-55.1873481871536,53.2233115151163,-159.503121894737,49.1284255204302
"122","ran_vals","distrito_nombre2","12005-Santa Cruz","(Intercept)",-37.2311084334348,53.2233115151163,-141.546882141019,67.084665274149
"123","ran_vals","distrito_nombre2","12006-San Antonio","(Intercept)",47.3476549322511,53.2233115151163,-56.9681187753327,151.663428639835
"124","ran_vals","distrito_nombre2","20101-Alajuela","(Intercept)",393.716396023461,53.2233115151163,289.400622315877,498.032169731045
"125","ran_vals","distrito_nombre2","20102-San José","(Intercept)",-35.4982785162273,53.2233115151163,-139.814052223811,68.8174951913565
"126","ran_vals","distrito_nombre2","20103-Carrizal","(Intercept)",-23.9083589570302,53.2233115151163,-128.224132664614,80.4074147505536
"127","ran_vals","distrito_nombre2","20104-San Antonio","(Intercept)",-5.55148969063012,53.2233115151163,-109.867263398214,98.7642840169537
"128","ran_vals","distrito_nombre2","20105-Guácima","(Intercept)",-49.7236204244753,53.2233115151163,-154.039394132059,54.5921532831085
"129","ran_vals","distrito_nombre2","20106-San Isidro","(Intercept)",-80.4102977701844,53.2233115151163,-184.726071477768,23.9054759373994
"130","ran_vals","distrito_nombre2","20107-Sabanilla","(Intercept)",-101.942439280926,53.2233115151163,-206.25821298851,2.37333442665803
"131","ran_vals","distrito_nombre2","20108-San Rafael","(Intercept)",-88.6205954080597,53.2233115151163,-192.936369115644,15.6951782995241
"132","ran_vals","distrito_nombre2","20109-Río Segundo","(Intercept)",76.3606148678602,53.2233115151163,-27.9551588397237,180.676388575444
"133","ran_vals","distrito_nombre2","20110-Desamparados","(Intercept)",-27.4265366432174,53.2233115151163,-131.742310350801,76.8892370643665
"134","ran_vals","distrito_nombre2","20111-Turrúcares","(Intercept)",49.1444126139715,53.2233115151163,-55.1713610936123,153.460186321555
"135","ran_vals","distrito_nombre2","20112-Tambor","(Intercept)",26.8847827101682,53.2233115151163,-77.4309909974156,131.200556417752
"136","ran_vals","distrito_nombre2","20113-Garita","(Intercept)",-17.9739252466785,53.2233115151163,-122.289698954262,86.3418484609053
"137","ran_vals","distrito_nombre2","20114-Sarapiquí","(Intercept)",-161.875336563033,53.2233115151163,-266.191110270616,-57.5595628554488
"138","ran_vals","distrito_nombre2","20201-San Ramón","(Intercept)",555.135660052522,53.2233115151163,450.819886344938,659.451433760106
"139","ran_vals","distrito_nombre2","20202-Santiago","(Intercept)",-38.8924015293535,53.2233115151163,-143.208175236937,65.4233721782304
"140","ran_vals","distrito_nombre2","20203-San Juan","(Intercept)",97.8727277033777,53.2233115151163,-6.44304600420608,202.188501410962
"141","ran_vals","distrito_nombre2","20204-Piedades Norte","(Intercept)",-90.3574504099971,53.2233115151163,-194.673224117581,13.9583232975867
"142","ran_vals","distrito_nombre2","20205-Piedades Sur","(Intercept)",4.17332524669813,53.2233115151163,-100.142448460886,108.489098954282
"143","ran_vals","distrito_nombre2","20206-San Rafael","(Intercept)",-112.672175696618,53.2233115151163,-216.987949404202,-8.35640198903451
"144","ran_vals","distrito_nombre2","20207-San Isidro","(Intercept)",-136.751633002653,53.2233115151163,-241.067406710237,-32.4358592950691
"145","ran_vals","distrito_nombre2","20208-Ángeles","(Intercept)",391.198306334776,53.2233115151163,286.882532627193,495.51408004236
"146","ran_vals","distrito_nombre2","20209-Alfaro","(Intercept)",-136.077776836183,53.2233115151163,-240.393550543766,-31.7620031285988
"147","ran_vals","distrito_nombre2","20210-Volio","(Intercept)",-10.7382849515125,53.2233115151163,-115.054058659096,93.5774887560714
"148","ran_vals","distrito_nombre2","20211-Concepción","(Intercept)",34.1925636261216,53.2233115151163,-70.1232100814622,138.508337333705
"149","ran_vals","distrito_nombre2","20212-Zapotal","(Intercept)",-225.306553646169,53.2233115151163,-329.622327353753,-120.990779938585
"150","ran_vals","distrito_nombre2","20213-Peñas Blancas","(Intercept)",-170.669804622209,53.2233115151163,-274.985578329793,-66.3540309146251
"151","ran_vals","distrito_nombre2","20214-San Lorenzo","(Intercept)",38.5260215150857,66.3598454301569,-91.5368855476667,168.588928577838
"152","ran_vals","distrito_nombre2","20301-Grecia","(Intercept)",230.924283062538,53.2233115151163,126.608509354954,335.240056770121
"153","ran_vals","distrito_nombre2","20302-San Isidro","(Intercept)",-19.1359621901501,53.2233115151163,-123.451735897734,85.1798115174338
"154","ran_vals","distrito_nombre2","20303-San José","(Intercept)",-78.967257967062,53.2233115151163,-183.283031674646,25.3485157405219
"155","ran_vals","distrito_nombre2","20304-San Roque","(Intercept)",30.9502433834204,53.2233115151163,-73.3655303241634,135.266017091004
"156","ran_vals","distrito_nombre2","20305-Tacares","(Intercept)",-48.1976189224557,53.2233115151163,-152.51339263004,56.1181547851281
"157","ran_vals","distrito_nombre2","20307-Puente de Piedra","(Intercept)",-92.9159685678121,53.2233115151163,-197.231742275396,11.3998051397717
"158","ran_vals","distrito_nombre2","20308-Bolívar","(Intercept)",-99.2095456471148,53.2233115151163,-203.525319354699,5.10622806046901
"159","ran_vals","distrito_nombre2","20401-San Mateo","(Intercept)",76.1766282876215,53.2233115151163,-28.1391454199623,180.492401995205
"160","ran_vals","distrito_nombre2","20402-Desmonte","(Intercept)",-209.042623681376,53.2233115151163,-313.35839738896,-104.726849973792
"161","ran_vals","distrito_nombre2","20403-Jesús María","(Intercept)",254.375624091045,53.2233115151163,150.059850383461,358.691397798629
"162","ran_vals","distrito_nombre2","20404-Labrador","(Intercept)",-102.260666754441,53.2233115151163,-206.576440462025,2.05510695314258
"163","ran_vals","distrito_nombre2","20501-Atenas","(Intercept)",349.013657556143,53.2233115151163,244.69788384856,453.329431263727
"164","ran_vals","distrito_nombre2","20502-Jesús","(Intercept)",-20.1718401551738,53.2233115151163,-124.487613862758,84.14393355241
"165","ran_vals","distrito_nombre2","20503-Mercedes","(Intercept)",-58.5939172574352,53.2233115151163,-162.909690965019,45.7218564501486
"166","ran_vals","distrito_nombre2","20504-San Isidro","(Intercept)",-136.232594951263,53.2233115151163,-240.548368658847,-31.9168212436795
"167","ran_vals","distrito_nombre2","20505-Concepción","(Intercept)",-45.9462085672695,53.2233115151163,-150.261982274853,58.3695651403144
"168","ran_vals","distrito_nombre2","20506-San José","(Intercept)",-28.7953133592556,53.2233115151163,-133.111087066839,75.5204603483282
"169","ran_vals","distrito_nombre2","20507-Santa Eulalia","(Intercept)",-9.74816685637513,53.2233115151163,-114.063940563959,94.5676068512087
"170","ran_vals","distrito_nombre2","20508-Escobal","(Intercept)",-45.1958069388533,53.2233115151163,-149.511580646437,59.1199667687306
"171","ran_vals","distrito_nombre2","20601-Naranjo","(Intercept)",155.302244553463,53.2233115151163,50.9864708458787,259.618018261046
"172","ran_vals","distrito_nombre2","20602-San Miguel","(Intercept)",-109.196235906389,53.2233115151163,-213.512009613973,-4.88046219880542
"173","ran_vals","distrito_nombre2","20603-San José","(Intercept)",-8.63752558881005,53.2233115151163,-112.953299296394,95.6782481187738
"174","ran_vals","distrito_nombre2","20604-Cirrí Sur","(Intercept)",-30.6968831173279,53.2233115151163,-135.012656824912,73.6188905902559
"175","ran_vals","distrito_nombre2","20605-San Jerónimo","(Intercept)",7.46162477972013,53.2233115151163,-96.8541489278637,111.777398487304
"176","ran_vals","distrito_nombre2","20606-San Juan","(Intercept)",8.97264871967524,53.2233115151163,-95.3431249879086,113.288422427259
"177","ran_vals","distrito_nombre2","20607-El Rosario","(Intercept)",-78.251916180052,53.2233115151163,-182.567689887636,26.0638575275318
"178","ran_vals","distrito_nombre2","20608-Palmitos","(Intercept)",-14.6153829467493,53.2233115151163,-118.931156654333,89.7003907608345
"179","ran_vals","distrito_nombre2","20701-Palmares","(Intercept)",446.317549613361,53.2233115151163,342.001775905777,550.633323320945
"180","ran_vals","distrito_nombre2","20702-Zaragoza","(Intercept)",-1.14252232906027,53.2233115151163,-105.458296036644,103.173251378524
"181","ran_vals","distrito_nombre2","20703-Buenos Aires","(Intercept)",-127.621327442904,53.2233115151163,-231.937101150488,-23.3055537353201
"182","ran_vals","distrito_nombre2","20704-Santiago","(Intercept)",-137.869959760579,53.2233115151163,-242.185733468163,-33.5541860529953
"183","ran_vals","distrito_nombre2","20705-Candelaria","(Intercept)",-125.644413447181,53.2233115151163,-229.960187154765,-21.3286397395971
"184","ran_vals","distrito_nombre2","20706-Esquipulas","(Intercept)",-168.192974465061,53.2233115151163,-272.508748172645,-63.877200757477
"185","ran_vals","distrito_nombre2","20707-La Granja","(Intercept)",43.637471950216,53.2233115151163,-60.6783017573678,147.9532456578
"186","ran_vals","distrito_nombre2","20801-San Pedro","(Intercept)",204.246985248238,53.2233115151163,99.9312115406538,308.562758955821
"187","ran_vals","distrito_nombre2","20802-San Juan","(Intercept)",-66.0205136578848,53.2233115151163,-170.336287365469,38.295260049699
"188","ran_vals","distrito_nombre2","20803-San Rafael","(Intercept)",-38.0165059508712,53.2233115151163,-142.332279658455,66.2992677567126
"189","ran_vals","distrito_nombre2","20804-Carrillos","(Intercept)",-40.3416167781972,53.2233115151163,-144.657390485781,63.9741569293866
"190","ran_vals","distrito_nombre2","20805-Sabana Redonda","(Intercept)",-25.1190672961374,53.2233115151163,-129.434841003721,79.1967064114465
"191","ran_vals","distrito_nombre2","20901-Orotina","(Intercept)",92.1848775583152,53.2233115151163,-12.1308961492686,196.500651265899
"192","ran_vals","distrito_nombre2","20902-El Mastate","(Intercept)",-48.7453333938136,53.2233115151163,-153.061107101397,55.5704403137702
"193","ran_vals","distrito_nombre2","20903-Hacienda Vieja","(Intercept)",130.112331859141,53.2233115151163,25.7965581515574,234.428105566725
"194","ran_vals","distrito_nombre2","20904-Coyolar","(Intercept)",-112.467508061637,53.2233115151163,-216.783281769221,-8.1517343540533
"195","ran_vals","distrito_nombre2","20905-La Ceiba","(Intercept)",-95.2843919912298,53.2233115151163,-199.600165698814,9.03138171635408
"196","ran_vals","distrito_nombre2","21001-Quesada","(Intercept)",135.533962797525,53.2233115151163,31.2181890899411,239.849736505109
"197","ran_vals","distrito_nombre2","21002-Florencia","(Intercept)",41.0801264786505,53.2233115151163,-63.2356472289333,145.395900186234
"198","ran_vals","distrito_nombre2","21003-Buenavista","(Intercept)",8.47263185790585,53.2233115151163,-95.843141849678,112.78840556549
"199","ran_vals","distrito_nombre2","21004-Aguas Zarcas","(Intercept)",8.81233546613835,53.2233115151163,-95.5034382414455,113.128109173722
"200","ran_vals","distrito_nombre2","21005-Venecia","(Intercept)",3.87578525694127,53.2233115151163,-100.439988450643,108.191558964525
"201","ran_vals","distrito_nombre2","21006-Pital","(Intercept)",-56.9128162886694,53.2233115151163,-161.228589996253,47.4029574189144
"202","ran_vals","distrito_nombre2","21007-La Fortuna","(Intercept)",-38.394995987531,53.2233115151163,-142.710769695115,65.9207777200528
"203","ran_vals","distrito_nombre2","21008-La Tigra","(Intercept)",40.4763955817829,53.2233115151163,-63.839378125801,144.792169289367
"204","ran_vals","distrito_nombre2","21009-La Palmera","(Intercept)",0.103375838296679,53.2233115151163,-104.212397869287,104.419149545881
"205","ran_vals","distrito_nombre2","21010-Venado","(Intercept)",-57.0064175710205,53.2233115151163,-161.322191278604,47.3093561365634
"206","ran_vals","distrito_nombre2","21011-Cutris","(Intercept)",-66.7387514918449,53.2233115151163,-171.054525199429,37.5770222157389
"207","ran_vals","distrito_nombre2","21012-Monterrey","(Intercept)",-3.89314482561231,53.2233115151163,-108.208918533196,100.422628881972
"208","ran_vals","distrito_nombre2","21013-Pocosol","(Intercept)",-22.5082309624059,53.2233115151163,-126.82400466999,81.8075427451779
"209","ran_vals","distrito_nombre2","21101-Zarcero","(Intercept)",441.866846963626,53.2233115151163,337.551073256042,546.18262067121
"210","ran_vals","distrito_nombre2","21102-Laguna","(Intercept)",-8.80255836014548,53.2233115151163,-113.118332067729,95.5132153474383
"211","ran_vals","distrito_nombre2","21103-Tapesco","(Intercept)",45.1915521831023,53.2233115151163,-59.1242215244815,149.507325890686
"212","ran_vals","distrito_nombre2","21104-Guadalupe","(Intercept)",-164.280315012708,53.2233115151163,-268.596088720292,-59.964541305124
"213","ran_vals","distrito_nombre2","21105-Palmira","(Intercept)",-94.6769911191279,53.2233115151163,-198.992764826712,9.63878258845591
"214","ran_vals","distrito_nombre2","21106-Zapote","(Intercept)",-77.5989952439774,53.2233115151163,-181.914768951561,26.7167784636065
"215","ran_vals","distrito_nombre2","21107-Brisas","(Intercept)",-123.173158973085,53.2233115151163,-227.488932680668,-18.8573852655007
"216","ran_vals","distrito_nombre2","21201-Sarchí Norte","(Intercept)",197.89687827198,53.2233115151163,93.581104564396,302.212651979564
"217","ran_vals","distrito_nombre2","21202-Sarchí Sur","(Intercept)",-9.36714243101424,53.2233115151163,-113.682916138598,94.9486312765696
"218","ran_vals","distrito_nombre2","21203-Toro Amarillo","(Intercept)",-34.2970321869092,53.2233115151163,-138.612805894493,70.0187415206746
"219","ran_vals","distrito_nombre2","21204-San Pedro","(Intercept)",-12.9065018143691,53.2233115151163,-117.222275521953,91.4092718932148
"220","ran_vals","distrito_nombre2","21205-Rodríguez","(Intercept)",-117.919442641324,53.2233115151163,-222.235216348908,-13.6036689337402
"221","ran_vals","distrito_nombre2","21301-Upala","(Intercept)",-2.29279714159441,53.2233115151163,-106.608570849178,102.022976565989
"222","ran_vals","distrito_nombre2","21302-Aguas Claras","(Intercept)",-2.07445683737954,53.2233115151163,-106.390230544963,102.241316870204
"223","ran_vals","distrito_nombre2","21303-San José (Pizote)","(Intercept)",34.6468481454705,53.2233115151163,-69.6689255621133,138.962621853054
"224","ran_vals","distrito_nombre2","21304-Bijagua","(Intercept)",109.774456719238,53.2233115151163,5.45868301165373,214.090230426821
"225","ran_vals","distrito_nombre2","21305-Delicias","(Intercept)",-21.1168804904983,53.2233115151163,-125.432654198082,83.1988932170856
"226","ran_vals","distrito_nombre2","21306-Dos Ríos","(Intercept)",-19.9612131324354,53.2233115151163,-124.276986840019,84.3545605751484
"227","ran_vals","distrito_nombre2","21307-Yolillal","(Intercept)",-11.789842138186,53.2233115151163,-116.10561584577,92.5259315693978
"228","ran_vals","distrito_nombre2","21308-Canalete","(Intercept)",-114.703796482267,53.2233115151163,-219.01957018985,-10.3880227746827
"229","ran_vals","distrito_nombre2","21401-Los Chiles","(Intercept)",-20.1456741461336,53.2233115151163,-124.461447853717,84.1700995614502
"230","ran_vals","distrito_nombre2","21402-Caño Negro","(Intercept)",54.0682229609936,53.2233115151163,-50.2475507465903,158.383996668577
"231","ran_vals","distrito_nombre2","21403-El Amparo","(Intercept)",-1.10382619062292,53.2233115151163,-105.419599898207,103.211947516961
"232","ran_vals","distrito_nombre2","21404-San Jorge","(Intercept)",-52.0242543131298,53.2233115151163,-156.340028020714,52.291519394454
"233","ran_vals","distrito_nombre2","21501-San Rafael","(Intercept)",41.7428817149032,53.2233115151163,-62.5728919926806,146.058655422487
"234","ran_vals","distrito_nombre2","21502-Buenavista","(Intercept)",127.246988615562,53.2233115151163,22.9312149079784,231.562762323146
"235","ran_vals","distrito_nombre2","21503-Cote","(Intercept)",-133.308729130005,53.2233115151163,-237.624502837589,-28.9929554224212
"236","ran_vals","distrito_nombre2","21504-Katira","(Intercept)",-80.524844224089,53.2233115151163,-184.840617931673,23.7909294834948
"237","ran_vals","distrito_nombre2","21601-Río Cuarto","(Intercept)",188.37372325834,74.2420475901148,42.861983843206,333.885462673473
"238","ran_vals","distrito_nombre2","21602-Santa Rita","(Intercept)",-120.064529839867,74.2420475901148,-265.576269255001,25.4472095752667
"239","ran_vals","distrito_nombre2","21603-Santa Isabel","(Intercept)",-72.5440119621402,74.2420475901148,-218.055751377274,72.9677274529935
"240","ran_vals","distrito_nombre2","30101-Oriental","(Intercept)",622.005653409991,53.2233115151163,517.689879702407,726.321427117575
"241","ran_vals","distrito_nombre2","30102-Occidental","(Intercept)",158.216514475284,53.2233115151163,53.9007407677004,262.532288182868
"242","ran_vals","distrito_nombre2","30103-Carmen","(Intercept)",5.93802850932342,53.2233115151163,-98.3777451982604,110.253802216907
"243","ran_vals","distrito_nombre2","30104-San Nicolás","(Intercept)",-78.5805443367274,53.2233115151163,-182.896318044311,25.7352293708564
"244","ran_vals","distrito_nombre2","30105-Agua Caliente (San Francisco)","(Intercept)",-198.569569926012,53.2233115151163,-302.885343633596,-94.2537962184279
"245","ran_vals","distrito_nombre2","30106-Guadalupe (Arenilla)","(Intercept)",-74.6863850323974,53.2233115151163,-179.002158739981,29.6293886751864
"246","ran_vals","distrito_nombre2","30107-Corralillo","(Intercept)",-44.1252982766783,53.2233115151163,-148.441071984262,60.1904754309055
"247","ran_vals","distrito_nombre2","30108-Tierra Blanca","(Intercept)",-52.2687608820111,53.2233115151163,-156.584534589595,52.0470128255727
"248","ran_vals","distrito_nombre2","30109-Dulce Nombre","(Intercept)",-110.600959465911,53.2233115151163,-214.916733173495,-6.28518575832703
"249","ran_vals","distrito_nombre2","30110-Llano Grande","(Intercept)",-112.721923692126,53.2233115151163,-217.03769739971,-8.40614998454248
"250","ran_vals","distrito_nombre2","30111-Quebradilla","(Intercept)",-124.868287529965,53.2233115151163,-229.184061237549,-20.5525138223814
"251","ran_vals","distrito_nombre2","30201-Paraíso","(Intercept)",188.565156302236,53.2233115151163,84.2493825946523,292.88093000982
"252","ran_vals","distrito_nombre2","30202-Santiago","(Intercept)",-40.2244156060979,53.2233115151163,-144.540189313682,64.0913581014859
"253","ran_vals","distrito_nombre2","30203-Orosi","(Intercept)",-20.3780931894653,53.2233115151163,-124.693866897049,83.9376805181186
"254","ran_vals","distrito_nombre2","30204-Cachí","(Intercept)",37.2708260112312,53.2233115151163,-67.0449476963527,141.586599718815
"255","ran_vals","distrito_nombre2","30205-Llanos de Santa Lucía","(Intercept)",-131.388927365384,53.2233115151163,-235.704701072968,-27.0731536578001
"256","ran_vals","distrito_nombre2","30301-Tres Ríos","(Intercept)",538.285234555271,53.2233115151163,433.969460847687,642.601008262854
"257","ran_vals","distrito_nombre2","30302-San Diego","(Intercept)",-121.885339954388,53.2233115151163,-226.201113661971,-17.5695662468038
"258","ran_vals","distrito_nombre2","30303-San Juan","(Intercept)",-210.754443939073,53.2233115151163,-315.070217646657,-106.438670231489
"259","ran_vals","distrito_nombre2","30304-San Rafael","(Intercept)",-87.1955426392227,53.2233115151163,-191.511316346807,17.1202310683611
"260","ran_vals","distrito_nombre2","30305-Concepción","(Intercept)",-51.0277564748588,53.2233115151163,-155.343530182443,53.288017232725
"261","ran_vals","distrito_nombre2","30306-Dulce Nombre","(Intercept)",20.9423412421075,53.2233115151163,-83.3734324654763,125.258114949691
"262","ran_vals","distrito_nombre2","30307-San Ramón","(Intercept)",10.8697220332769,53.2233115151163,-93.4460516743069,115.185495740861
"263","ran_vals","distrito_nombre2","30308-Río Azul","(Intercept)",-156.462519536949,53.2233115151163,-260.778293244533,-52.1467458293649
"264","ran_vals","distrito_nombre2","30401-Juan Viñas","(Intercept)",153.853392294272,53.2233115151163,49.5376185866886,258.169166001856
"265","ran_vals","distrito_nombre2","30402-Tucurrique","(Intercept)",-80.8549605624985,53.2233115151163,-185.170734270082,23.4608131450853
"266","ran_vals","distrito_nombre2","30403-Pejibaye","(Intercept)",-37.2020676547451,53.2233115151163,-141.517841362329,67.1137060528388
"267","ran_vals","distrito_nombre2","30501-Turrialba","(Intercept)",184.426073384382,53.2233115151163,80.1102996767978,288.741847091965
"268","ran_vals","distrito_nombre2","30502-La Suiza","(Intercept)",69.1903015260717,53.2233115151163,-35.1254721815122,173.506075233655
"269","ran_vals","distrito_nombre2","30503-Peralta","(Intercept)",-77.455890092998,53.2233115151163,-181.771663800582,26.8598836145858
"270","ran_vals","distrito_nombre2","30504-Santa Cruz","(Intercept)",79.1086897783796,53.2233115151163,-25.2070839292042,183.424463485963
"271","ran_vals","distrito_nombre2","30505-Santa Teresita","(Intercept)",-12.7816369464045,53.2233115151163,-117.097410653988,91.5341367611794
"272","ran_vals","distrito_nombre2","30506-Pavones","(Intercept)",27.8588251526574,53.2233115151163,-76.4569485549264,132.174598860241
"273","ran_vals","distrito_nombre2","30507-Tuis","(Intercept)",-99.1988458986708,53.2233115151163,-203.514619606255,5.11692780891308
"274","ran_vals","distrito_nombre2","30508-Tayutic","(Intercept)",-15.7106732884929,53.2233115151163,-120.026446996077,88.6051004190909
"275","ran_vals","distrito_nombre2","30509-Santa Rosa","(Intercept)",4.00858947272399,53.2233115151163,-100.30718423486,108.324363180308
"276","ran_vals","distrito_nombre2","30510-Tres Equis","(Intercept)",-53.8316050260439,53.2233115151163,-158.147378733628,50.48416868154
"277","ran_vals","distrito_nombre2","30511-La Isabel","(Intercept)",-11.1610588883111,53.2233115151163,-115.476832595895,93.1547148192727
"278","ran_vals","distrito_nombre2","30512-Chirripó","(Intercept)",-15.8748247359861,53.2233115151163,-120.19059844357,88.4409489715978
"279","ran_vals","distrito_nombre2","30601-Pacayas","(Intercept)",40.0756481451049,53.2233115151163,-64.2401255624789,144.391421852689
"280","ran_vals","distrito_nombre2","30602-Cervantes","(Intercept)",-24.9771431444242,53.2233115151163,-129.292916852008,79.3386305631596
"281","ran_vals","distrito_nombre2","30603-Capellades","(Intercept)",-30.0025346828757,53.2233115151163,-134.31830839046,74.3132390247081
"282","ran_vals","distrito_nombre2","30701-San Rafael","(Intercept)",70.7720477677335,53.2233115151163,-33.5437259398503,175.087821475317
"283","ran_vals","distrito_nombre2","30702-Cot","(Intercept)",-47.8114754242095,53.2233115151163,-152.127249131793,56.5042982833743
"284","ran_vals","distrito_nombre2","30703-Potrero Cerrado","(Intercept)",-95.7967075167312,53.2233115151163,-200.112481224315,8.51906619085258
"285","ran_vals","distrito_nombre2","30704-Cipreses","(Intercept)",23.4788068285878,53.2233115151163,-80.836966878996,127.794580536172
"286","ran_vals","distrito_nombre2","30705-Santa Rosa","(Intercept)",-9.33751414327764,53.2233115151163,-113.653287850861,94.9782595643062
"287","ran_vals","distrito_nombre2","30801-El Tejar","(Intercept)",101.079287729474,53.2233115151163,-3.2364859781101,205.395061437058
"288","ran_vals","distrito_nombre2","30802-San Isidro","(Intercept)",15.2431247592726,53.2233115151163,-89.0726489483112,119.558898466856
"289","ran_vals","distrito_nombre2","30803-Tobosi","(Intercept)",-10.1213924340571,53.2233115151163,-114.437166141641,94.1943812735267
"290","ran_vals","distrito_nombre2","30804-Patio de Agua","(Intercept)",-85.2744033840818,53.2233115151163,-189.590177091666,19.041370323502
"291","ran_vals","distrito_nombre2","40101-Heredia","(Intercept)",409.023864603746,53.2233115151163,304.708090896162,513.339638311329
"292","ran_vals","distrito_nombre2","40102-Mercedes","(Intercept)",-30.4328629519416,53.2233115151163,-134.748636659525,73.8829107556422
"293","ran_vals","distrito_nombre2","40103-San Francisco","(Intercept)",-87.7522310254191,53.2233115151163,-192.068004733003,16.5635426821648
"294","ran_vals","distrito_nombre2","40104-Ulloa","(Intercept)",-177.351168745599,53.2233115151163,-281.666942453182,-73.0353950380147
"295","ran_vals","distrito_nombre2","40105-Vara Blanca","(Intercept)",-206.432688820425,53.2233115151163,-310.748462528009,-102.116915112841
"296","ran_vals","distrito_nombre2","40201-Barva","(Intercept)",300.039669663312,53.2233115151163,195.723895955728,404.355443370896
"297","ran_vals","distrito_nombre2","40202-San Pedro","(Intercept)",174.709307293017,53.2233115151163,70.3935335854335,279.025081000601
"298","ran_vals","distrito_nombre2","40203-San Pablo","(Intercept)",-148.03978346941,53.2233115151163,-252.355557176994,-43.7240097618266
"299","ran_vals","distrito_nombre2","40204-San Roque","(Intercept)",-116.421724550418,53.2233115151163,-220.737498258002,-12.1059508428346
"300","ran_vals","distrito_nombre2","40205-Santa Lucía","(Intercept)",-79.3939842803647,53.2233115151163,-183.709757987949,24.9217894272191
"301","ran_vals","distrito_nombre2","40206-San José de la Montaña","(Intercept)",-47.6131728042048,53.2233115151163,-151.928946511789,56.702600903379
"302","ran_vals","distrito_nombre2","40301-Santo Domingo","(Intercept)",723.396171663282,53.2233115151163,619.080397955698,827.711945370866
"303","ran_vals","distrito_nombre2","40302-San Vicente","(Intercept)",-152.907623985971,53.2233115151163,-257.223397693555,-48.5918502783876
"304","ran_vals","distrito_nombre2","40303-San Miguel","(Intercept)",-111.786574496997,53.2233115151163,-216.102348204581,-7.47080078941335
"305","ran_vals","distrito_nombre2","40304-Paracito","(Intercept)",-80.7143025079195,53.2233115151163,-185.030076215503,23.6014711996643
"306","ran_vals","distrito_nombre2","40305-Santo Tomás","(Intercept)",-102.997795936248,53.2233115151163,-207.313569643831,1.31797777133629
"307","ran_vals","distrito_nombre2","40306-Santa Rosa","(Intercept)",-73.6087067532331,53.2233115151163,-177.924480460817,30.7070669543507
"308","ran_vals","distrito_nombre2","40307-Tures","(Intercept)",-161.611898737353,53.2233115151163,-265.927672444937,-57.2961250297694
"309","ran_vals","distrito_nombre2","40308-Pará","(Intercept)",-88.475394969567,53.2233115151163,-192.791168677151,15.8403787380169
"310","ran_vals","distrito_nombre2","40401-Santa Bárbara","(Intercept)",251.944725092343,53.2233115151163,147.628951384759,356.260498799926
"311","ran_vals","distrito_nombre2","40402-San Pedro","(Intercept)",-85.1799313841845,53.2233115151163,-189.495705091768,19.1358423233994
"312","ran_vals","distrito_nombre2","40403-San Juan","(Intercept)",-46.0313843318866,53.2233115151163,-150.34715803947,58.2843893756972
"313","ran_vals","distrito_nombre2","40404-Jesús","(Intercept)",-68.5998136556244,53.2233115151163,-172.915587363208,35.7159600519594
"314","ran_vals","distrito_nombre2","40405-Santo Domingo","(Intercept)",44.7380654249363,53.2233115151163,-59.5777082826476,149.05383913252
"315","ran_vals","distrito_nombre2","40406-Purabá","(Intercept)",-111.520436605509,53.2233115151163,-215.836210313093,-7.20466289792526
"316","ran_vals","distrito_nombre2","40501-San Rafael","(Intercept)",199.796472291186,53.2233115151163,95.4806985836025,304.11224599877
"317","ran_vals","distrito_nombre2","40502-San Josecito","(Intercept)",15.3693972047924,53.2233115151163,-88.9463765027914,119.685170912376
"318","ran_vals","distrito_nombre2","40503-Santiago","(Intercept)",-90.4388288715823,53.2233115151163,-194.754602579166,13.8769448360015
"319","ran_vals","distrito_nombre2","40504-Ángeles","(Intercept)",-46.1675904501178,53.2233115151163,-150.483364157702,58.148183257466
"320","ran_vals","distrito_nombre2","40505-Concepción","(Intercept)",-98.3940651689857,53.2233115151163,-202.70983887657,5.92170853859808
"321","ran_vals","distrito_nombre2","40601-San Isidro","(Intercept)",290.798304914387,53.2233115151163,186.482531206803,395.114078621971
"322","ran_vals","distrito_nombre2","40602-San José","(Intercept)",-74.8606565133492,53.2233115151163,-179.176430220933,29.4551171942346
"323","ran_vals","distrito_nombre2","40603-Concepción","(Intercept)",22.4264214728412,53.2233115151163,-81.8893522347426,126.742195180425
"324","ran_vals","distrito_nombre2","40604-San Francisco","(Intercept)",-203.712806061241,53.2233115151163,-308.028579768824,-99.3970323536567
"325","ran_vals","distrito_nombre2","40701-San Antonio","(Intercept)",38.9483906258402,53.2233115151163,-65.3673830817436,143.264164333424
"326","ran_vals","distrito_nombre2","40702-La Ribera","(Intercept)",57.1454970161132,53.2233115151163,-47.1702766914706,161.461270723697
"327","ran_vals","distrito_nombre2","40703-La Asunción","(Intercept)",-74.8405929547697,53.2233115151163,-179.156366662354,29.4751807528141
"328","ran_vals","distrito_nombre2","40801-San Joaquín","(Intercept)",110.447709862318,53.2233115151163,6.13193615473394,214.763483569902
"329","ran_vals","distrito_nombre2","40802-Barrantes","(Intercept)",247.540795821481,53.2233115151163,143.225022113897,351.856569529065
"330","ran_vals","distrito_nombre2","40803-Llorente","(Intercept)",-329.329715756306,53.2233115151163,-433.64548946389,-225.013942048722
"331","ran_vals","distrito_nombre2","40901-San Pablo","(Intercept)",190.665665171374,53.2233115151163,86.3498914637901,294.981438878958
"332","ran_vals","distrito_nombre2","40902-Rincón de Sabanilla","(Intercept)",-185.37097344836,53.2233115151163,-289.686747155944,-81.0551997407759
"333","ran_vals","distrito_nombre2","41001-Puerto Viejo","(Intercept)",30.0650007624753,53.2233115151163,-74.2507729451085,134.380774470059
"334","ran_vals","distrito_nombre2","41002-La Virgen","(Intercept)",21.0289245327215,53.2233115151163,-83.2868491748624,125.344698240305
"335","ran_vals","distrito_nombre2","41003-Las Horquetas","(Intercept)",55.3702742940352,53.2233115151163,-48.9454994135486,159.686048001619
"336","ran_vals","distrito_nombre2","41004-Llanuras del Gaspar","(Intercept)",-74.7480839991437,53.2233115151163,-179.063857706728,29.5676897084401
"337","ran_vals","distrito_nombre2","41005-Cureña","(Intercept)",-137.908369371581,53.2233115151163,-242.224143079165,-33.5925956639972
"338","ran_vals","distrito_nombre2","50101-Liberia","(Intercept)",55.0306514358493,53.2233115151163,-49.2851222717345,159.346425143433
"339","ran_vals","distrito_nombre2","50102-Cañas Dulces","(Intercept)",-15.0063579853521,53.2233115151163,-119.322131692936,89.3094157222317
"340","ran_vals","distrito_nombre2","50103-Mayorga","(Intercept)",-26.8296354651903,53.2233115151163,-131.145409172774,77.4861382423935
"341","ran_vals","distrito_nombre2","50104-Nacascolo","(Intercept)",0.913299474971061,53.2233115151163,-103.402474232613,105.229073182555
"342","ran_vals","distrito_nombre2","50105-Curubandé","(Intercept)",-40.466236708523,53.2233115151163,-144.782010416107,63.8495369990609
"343","ran_vals","distrito_nombre2","50201-Nicoya","(Intercept)",66.3831052112337,53.2233115151163,-37.9326684963501,170.698878918818
"344","ran_vals","distrito_nombre2","50202-Mansión","(Intercept)",62.0903605822482,53.2233115151163,-42.2254131253356,166.406134289832
"345","ran_vals","distrito_nombre2","50203-San Antonio","(Intercept)",163.640373253946,53.2233115151163,59.3245995463624,267.95614696153
"346","ran_vals","distrito_nombre2","50204-Quebrada Honda","(Intercept)",288.398924461154,53.2233115151163,184.08315075357,392.714698168738
"347","ran_vals","distrito_nombre2","50205-Sámara","(Intercept)",-234.913680034897,53.2233115151163,-339.229453742481,-130.597906327313
"348","ran_vals","distrito_nombre2","50206-Nosara","(Intercept)",-253.620381021057,53.2233115151163,-357.936154728641,-149.304607313473
"349","ran_vals","distrito_nombre2","50207-Belén de Nosarita","(Intercept)",-84.5503571148215,53.2233115151163,-188.866130822405,19.7654165927623
"350","ran_vals","distrito_nombre2","50301-Santa Cruz","(Intercept)",65.3681030786602,53.2233115151163,-38.9476706289236,169.683876786244
"351","ran_vals","distrito_nombre2","50302-Bolsón","(Intercept)",60.7076781523403,53.2233115151163,-43.6080955552435,165.023451859924
"352","ran_vals","distrito_nombre2","50303-Veintisiete de Abril","(Intercept)",32.119344696636,53.2233115151163,-72.1964290109478,136.43511840422
"353","ran_vals","distrito_nombre2","50304-Tempate","(Intercept)",-47.3571190839823,53.2233115151163,-151.672892791566,56.9586546236016
"354","ran_vals","distrito_nombre2","50305-Cartagena","(Intercept)",-4.97540957142481,53.2233115151163,-109.291183279009,99.340364136159
"355","ran_vals","distrito_nombre2","50306-Cuajiniquil","(Intercept)",-130.208284847576,53.2233115151163,-234.52405855516,-25.892511139992
"356","ran_vals","distrito_nombre2","50307-Diriá","(Intercept)",74.0131498857893,53.2233115151163,-30.3026238217945,178.328923593373
"357","ran_vals","distrito_nombre2","50308-Cabo Velas","(Intercept)",60.4621816146091,53.2233115151163,-43.8535920929747,164.777955322193
"358","ran_vals","distrito_nombre2","50309-Tamarindo","(Intercept)",-29.9583327198895,53.2233115151163,-134.274106427473,74.3574409876943
"359","ran_vals","distrito_nombre2","50401-Bagaces","(Intercept)",-34.7413291958377,53.2233115151163,-139.057102903422,69.5744445117461
"360","ran_vals","distrito_nombre2","50402-La Fortuna","(Intercept)",9.05763119940661,53.2233115151163,-95.2581425081772,113.37340490699
"361","ran_vals","distrito_nombre2","50403-Mogote","(Intercept)",-114.576066798451,53.2233115151163,-218.891840506035,-10.2602930908676
"362","ran_vals","distrito_nombre2","50404-Río Naranjo","(Intercept)",107.365150029886,53.2233115151163,3.04937632230231,211.68092373747
"363","ran_vals","distrito_nombre2","50501-Filadelfia","(Intercept)",157.395874631781,53.2233115151163,53.0801009241968,261.711648339364
"364","ran_vals","distrito_nombre2","50502-Palmira","(Intercept)",-59.6879761764222,53.2233115151163,-164.003749884006,44.6277975311616
"365","ran_vals","distrito_nombre2","50503-Sardinal","(Intercept)",-61.4578939784459,53.2233115151163,-165.77366768603,42.8578797291379
"366","ran_vals","distrito_nombre2","50504-Belén","(Intercept)",-47.5629261881313,53.2233115151163,-151.878699895715,56.7528475194525
"367","ran_vals","distrito_nombre2","50601-Cañas","(Intercept)",66.6762420545598,53.2233115151163,-37.639531653024,170.992015762144
"368","ran_vals","distrito_nombre2","50602-Palmira","(Intercept)",-17.4295833625644,53.2233115151163,-121.745357070148,86.8861903450195
"369","ran_vals","distrito_nombre2","50603-San Miguel","(Intercept)",0.47532888881342,53.2233115151163,-103.84044481877,104.791102596397
"370","ran_vals","distrito_nombre2","50604-Bebedero","(Intercept)",125.154648359975,53.2233115151163,20.838874652391,229.470422067559
"371","ran_vals","distrito_nombre2","50605-Porozal","(Intercept)",-32.1224650239847,53.2233115151163,-136.438238731569,72.1933086835991
"372","ran_vals","distrito_nombre2","50701-Las Juntas","(Intercept)",119.026582431729,53.2233115151163,14.7108087241449,223.342356139313
"373","ran_vals","distrito_nombre2","50702-Sierra","(Intercept)",-133.302853041914,53.2233115151163,-237.618626749497,-28.9870793343297
"374","ran_vals","distrito_nombre2","50703-San Juan","(Intercept)",-22.7761757606961,53.2233115151163,-127.09194946828,81.5395979468878
"375","ran_vals","distrito_nombre2","50704-Colorado","(Intercept)",51.1801854501345,53.2233115151163,-53.1355882574493,155.495959157718
"376","ran_vals","distrito_nombre2","50801-Tilarán","(Intercept)",113.670573568442,53.2233115151163,9.3547998608579,217.986347276026
"377","ran_vals","distrito_nombre2","50802-Quebrada Grande","(Intercept)",-100.623306123931,53.2233115151163,-204.939079831515,3.69246758365315
"378","ran_vals","distrito_nombre2","50803-Tronadora","(Intercept)",9.46880768994702,53.2233115151163,-94.8469660176368,113.784581397531
"379","ran_vals","distrito_nombre2","50804-Santa Rosa","(Intercept)",-100.380424218089,53.2233115151163,-204.696197925673,3.93534948949466
"380","ran_vals","distrito_nombre2","50805-Líbano","(Intercept)",-37.7320546072763,53.2233115151163,-142.04782831486,66.5837191003075
"381","ran_vals","distrito_nombre2","50806-Tierras Morenas","(Intercept)",39.9737843257962,53.2233115151163,-64.3419893817876,144.28955803338
"382","ran_vals","distrito_nombre2","50807-Arenal","(Intercept)",61.7422470701922,53.2233115151163,-42.5735266373916,166.058020777776
"383","ran_vals","distrito_nombre2","50901-Carmona","(Intercept)",128.912930198238,53.2233115151163,24.597156490654,233.228703905822
"384","ran_vals","distrito_nombre2","50902-Santa Rita","(Intercept)",136.509704222077,53.2233115151163,32.1939305144934,240.825477929661
"385","ran_vals","distrito_nombre2","50903-Zapotal","(Intercept)",-53.4655540015661,53.2233115151163,-157.78132770915,50.8502197060177
"386","ran_vals","distrito_nombre2","50904-San Pablo","(Intercept)",-131.27000429226,53.2233115151163,-235.585777999844,-26.9542305846765
"387","ran_vals","distrito_nombre2","50905-Porvenir","(Intercept)",82.410817310478,53.2233115151163,-21.9049563971058,186.726591018062
"388","ran_vals","distrito_nombre2","50906-Bejuco","(Intercept)",-112.791981734914,53.2233115151163,-217.107755442498,-8.47620802733027
"389","ran_vals","distrito_nombre2","51001-La Cruz","(Intercept)",62.6711059978691,53.2233115151163,-41.6446677097148,166.986879705453
"390","ran_vals","distrito_nombre2","51002-Santa Cecilia","(Intercept)",-29.559920337327,53.2233115151163,-133.875694044911,74.7558533702568
"391","ran_vals","distrito_nombre2","51003-La Garita","(Intercept)",-87.5226079421568,53.2233115151163,-191.838381649741,16.7931657654271
"392","ran_vals","distrito_nombre2","51004-Santa Elena","(Intercept)",-6.86832093438543,53.2233115151163,-111.184094641969,97.4474527731984
"393","ran_vals","distrito_nombre2","51101-Hojancha","(Intercept)",278.557740347264,53.2233115151163,174.24196663968,382.873514054848
"394","ran_vals","distrito_nombre2","51102-Monte Romo","(Intercept)",-80.2547446019035,53.2233115151163,-184.570518309487,24.0610291056803
"395","ran_vals","distrito_nombre2","51103-Puerto Carrillo","(Intercept)",-176.816714322122,53.2233115151163,-281.132488029705,-72.5009406145378
"396","ran_vals","distrito_nombre2","51104-Huacas","(Intercept)",-64.6251119691465,53.2233115151163,-168.94088567673,39.6906617384373
"397","ran_vals","distrito_nombre2","51105-Matambú","(Intercept)",61.8017324438682,70.2940715991915,-75.972116217227,199.575581104963
"398","ran_vals","distrito_nombre2","60101-Puntarenas","(Intercept)",299.087009478421,53.2233115151163,194.771235770837,403.402783186005
"399","ran_vals","distrito_nombre2","60102-Pitahaya","(Intercept)",49.9777180799029,53.2233115151163,-54.3380556276809,154.293491787487
"400","ran_vals","distrito_nombre2","60103-Chomes","(Intercept)",13.183896425164,53.2233115151163,-91.1318772824199,117.499670132748
"401","ran_vals","distrito_nombre2","60104-Lepanto","(Intercept)",55.6316889701475,53.2233115151163,-48.6840847374363,159.947462677731
"402","ran_vals","distrito_nombre2","60105-Paquera","(Intercept)",-99.8162949106629,53.2233115151163,-204.132068618247,4.49947879692095
"403","ran_vals","distrito_nombre2","60106-Manzanillo","(Intercept)",-24.1755719434492,53.2233115151163,-128.491345651033,80.1402017641346
"404","ran_vals","distrito_nombre2","60107-Guacimal","(Intercept)",-59.9239804171046,53.2233115151163,-164.239754124688,44.3917932904793
"405","ran_vals","distrito_nombre2","60108-Barranca","(Intercept)",-23.8303662893169,53.2233115151163,-128.146139996901,80.4854074182669
"406","ran_vals","distrito_nombre2","60111-Cóbano","(Intercept)",-92.6748934704326,53.2233115151163,-196.990667178016,11.6408802371512
"407","ran_vals","distrito_nombre2","60112-Chacarita","(Intercept)",129.88206256158,53.2233115151163,25.5662888539959,234.197836269164
"408","ran_vals","distrito_nombre2","60113-Chira","(Intercept)",-49.2579875485703,53.2233115151163,-153.573761256154,55.0577861590135
"409","ran_vals","distrito_nombre2","60114-Acapulco","(Intercept)",-44.3621105846302,53.2233115151163,-148.677884292214,59.9536631229536
"410","ran_vals","distrito_nombre2","60115-El Roble","(Intercept)",-69.8745895073915,53.2233115151163,-174.190363214975,34.4411842001924
"411","ran_vals","distrito_nombre2","60116-Arancibia","(Intercept)",-235.857758230056,53.2233115151163,-340.173531937639,-131.541984522472
"412","ran_vals","distrito_nombre2","60201-Espíritu Santo","(Intercept)",14.3821100055885,53.2233115151163,-89.9336637019953,118.697883713172
"413","ran_vals","distrito_nombre2","60202-San Juan Grande","(Intercept)",141.642151129804,53.2233115151163,37.3263774222204,245.957924837388
"414","ran_vals","distrito_nombre2","60203-Macacona","(Intercept)",-6.52784682491566,53.2233115151163,-110.8436205325,97.7879268826682
"415","ran_vals","distrito_nombre2","60204-San Rafael","(Intercept)",-56.4473206152956,53.2233115151163,-160.763094322879,47.8684530922883
"416","ran_vals","distrito_nombre2","60205-San Jerónimo","(Intercept)",-5.54373838301412,53.2233115151163,-109.859512090598,98.7720353245697
"417","ran_vals","distrito_nombre2","60206-Caldera","(Intercept)",-83.6436531461102,62.4118756017171,-205.96868153307,38.6813752408493
"418","ran_vals","distrito_nombre2","60301-Buenos Aires","(Intercept)",-22.2626261408033,53.2233115151163,-126.578399848387,82.0531475667805
"419","ran_vals","distrito_nombre2","60302-Volcán","(Intercept)",95.988171645487,53.2233115151163,-8.3276020620968,200.303945353071
"420","ran_vals","distrito_nombre2","60303-Potrero Grande","(Intercept)",52.5584592615597,53.2233115151163,-51.7573144460242,156.874232969143
"421","ran_vals","distrito_nombre2","60304-Boruca","(Intercept)",120.071580666921,53.2233115151163,15.7558069593368,224.387354374504
"422","ran_vals","distrito_nombre2","60305-Pilas","(Intercept)",1.00894720929739,53.2233115151163,-103.306826498286,105.324720916881
"423","ran_vals","distrito_nombre2","60306-Colinas","(Intercept)",-100.97347372693,53.2233115151163,-205.289247434513,3.34229998065419
"424","ran_vals","distrito_nombre2","60307-Chánguena","(Intercept)",-153.22827183504,53.2233115151163,-257.544045542624,-48.9124981274567
"425","ran_vals","distrito_nombre2","60308-Biolley","(Intercept)",-68.0409820025165,53.2233115151163,-172.3567557101,36.2747917050673
"426","ran_vals","distrito_nombre2","60309-Brunka","(Intercept)",30.5046992218973,53.2233115151163,-73.8110744856865,134.820472929481
"427","ran_vals","distrito_nombre2","60401-Miramar","(Intercept)",230.793589152918,53.2233115151163,126.477815445335,335.109362860502
"428","ran_vals","distrito_nombre2","60402-La Unión","(Intercept)",-91.061037808739,53.2233115151163,-195.376811516323,13.2547358988448
"429","ran_vals","distrito_nombre2","60403-San Isidro","(Intercept)",-4.31907673378255,53.2233115151163,-108.634850441366,99.9966969738013
"430","ran_vals","distrito_nombre2","60501-Puerto Cortés","(Intercept)",83.0764573451749,53.2233115151163,-21.239316362409,187.392231052759
"431","ran_vals","distrito_nombre2","60502-Palmar","(Intercept)",188.815162224408,53.2233115151163,84.4993885168239,293.130935931992
"432","ran_vals","distrito_nombre2","60503-Sierpe","(Intercept)",-103.180970034663,53.2233115151163,-207.496743742247,1.13480367292098
"433","ran_vals","distrito_nombre2","60504-Bahía Ballena","(Intercept)",51.5841927849715,53.2233115151163,-52.7315809226124,155.899966492555
"434","ran_vals","distrito_nombre2","60505-Piedras Blancas","(Intercept)",35.3199166829333,53.2233115151163,-68.9958570246505,139.635690390517
"435","ran_vals","distrito_nombre2","60506-Bahía Drake","(Intercept)",-213.980144634016,53.2233115151163,-318.2959183416,-109.664370926432
"436","ran_vals","distrito_nombre2","60601-Quepos","(Intercept)",9.08008029973388,53.2233115151163,-95.23569340785,113.395854007318
"437","ran_vals","distrito_nombre2","60602-Savegre","(Intercept)",0.865119888353383,53.2233115151163,-103.45065381923,105.180893595937
"438","ran_vals","distrito_nombre2","60603-Naranjito","(Intercept)",45.5136811179619,53.2233115151163,-58.8020925896219,149.829454825546
"439","ran_vals","distrito_nombre2","60701-Golfito","(Intercept)",101.945308344636,53.2233115151163,-2.37046536294812,206.26108205222
"440","ran_vals","distrito_nombre2","60703-Guaycará","(Intercept)",12.2335003161857,53.2233115151163,-92.0822733913982,116.549274023769
"441","ran_vals","distrito_nombre2","60704-Pavón","(Intercept)",-140.48941930816,53.2233115151163,-244.805193015744,-36.1736456005761
"442","ran_vals","distrito_nombre2","60801-San Vito","(Intercept)",105.37513404151,53.2233115151163,1.05936033392581,209.690907749093
"443","ran_vals","distrito_nombre2","60802-Sabalito","(Intercept)",-62.0656313621509,53.2233115151163,-166.381405069735,42.2501423454329
"444","ran_vals","distrito_nombre2","60803-Aguabuena","(Intercept)",-19.928998530597,53.2233115151163,-124.244772238181,84.3867751769868
"445","ran_vals","distrito_nombre2","60804-Limoncito","(Intercept)",-9.37244796261707,53.2233115151163,-113.688221670201,94.9433257449668
"446","ran_vals","distrito_nombre2","60805-Pittier","(Intercept)",-170.503997769955,53.2233115151163,-274.819771477539,-66.1882240623712
"447","ran_vals","distrito_nombre2","60806-Gutiérrez Braun","(Intercept)",191.985757066378,62.4118756017171,69.6607286794187,314.310785453338
"448","ran_vals","distrito_nombre2","60901-Parrita","(Intercept)",4.07904262606228,53.2233115151163,-100.236731081522,108.394816333646
"449","ran_vals","distrito_nombre2","61001-Corredor","(Intercept)",61.2408349581484,53.2233115151163,-43.0749387494355,165.556608665732
"450","ran_vals","distrito_nombre2","61002-La Cuesta","(Intercept)",38.7308494800612,53.2233115151163,-65.5849242275227,143.046623187645
"451","ran_vals","distrito_nombre2","61003-Canoas","(Intercept)",-54.459517564685,53.2233115151163,-158.775291272269,49.8562561428988
"452","ran_vals","distrito_nombre2","61004-Laurel","(Intercept)",-81.1955904634359,53.2233115151163,-185.51136417102,23.1201832441479
"453","ran_vals","distrito_nombre2","61101-Jacó","(Intercept)",-34.8997206128232,53.2233115151163,-139.215494320407,69.4160530947607
"454","ran_vals","distrito_nombre2","61102-Tárcoles","(Intercept)",55.571130357509,53.2233115151163,-48.7446433500749,159.886904065093
"455","ran_vals","distrito_nombre2","61201-Monteverde","(Intercept)",2.96413764149763,53.2233115151163,-101.351636066086,107.279911349081
"456","ran_vals","distrito_nombre2","61301-Puerto Jiménez","(Intercept)",-4.88125618142797,53.2233115151163,-109.197029889012,99.4345175261559
"457","ran_vals","distrito_nombre2","70101-Limón","(Intercept)",242.691147215722,53.2233115151163,138.375373508138,347.006920923306
"458","ran_vals","distrito_nombre2","70102-Valle La Estrella","(Intercept)",-114.636877783459,53.2233115151163,-218.952651491043,-10.3211040758752
"459","ran_vals","distrito_nombre2","70103-Río Blanco","(Intercept)",-111.576550745985,53.2233115151163,-215.892324453569,-7.26077703840126
"460","ran_vals","distrito_nombre2","70104-Matama","(Intercept)",34.249048431816,53.2233115151163,-70.0667252757678,138.5648221394
"461","ran_vals","distrito_nombre2","70201-Guápiles","(Intercept)",85.7388205400408,53.2233115151163,-18.576953167543,190.054594247625
"462","ran_vals","distrito_nombre2","70202-Jiménez","(Intercept)",8.61663377742614,53.2233115151163,-95.6991399301577,112.93240748501
"463","ran_vals","distrito_nombre2","70203-Rita","(Intercept)",18.5881639209378,53.2233115151163,-85.7276097866461,122.903937628522
"464","ran_vals","distrito_nombre2","70204-Roxana","(Intercept)",-67.9447821246962,53.2233115151163,-172.26055583228,36.3709915828877
"465","ran_vals","distrito_nombre2","70205-Cariari","(Intercept)",102.655784080239,53.2233115151163,-1.65998962734496,206.971557787823
"466","ran_vals","distrito_nombre2","70206-Colorado","(Intercept)",-128.972255757999,53.2233115151163,-233.288029465583,-24.656482050415
"467","ran_vals","distrito_nombre2","70207-La Colonia","(Intercept)",-21.4783789803746,53.2233115151163,-125.794152687958,82.8373947272092
"468","ran_vals","distrito_nombre2","70301-Siquirres","(Intercept)",239.74481878738,53.2233115151163,135.429045079796,344.060592494964
"469","ran_vals","distrito_nombre2","70302-Pacuarito","(Intercept)",-72.9477781067133,53.2233115151163,-177.263551814297,31.3679956008705
"470","ran_vals","distrito_nombre2","70303-Florida","(Intercept)",-100.35033139391,53.2233115151163,-204.666105101494,3.96544231367339
"471","ran_vals","distrito_nombre2","70304-Germania","(Intercept)",99.7831035443674,53.2233115151163,-4.53267016321647,204.098877251951
"472","ran_vals","distrito_nombre2","70305-El Cairo","(Intercept)",28.4821275942514,53.2233115151163,-75.8336461133324,132.797901301835
"473","ran_vals","distrito_nombre2","70306-Alegría","(Intercept)",-67.7376230338513,53.2233115151163,-172.053396741435,36.5781506737326
"474","ran_vals","distrito_nombre2","70307-Reventazón","(Intercept)",-177.561972138766,74.2420475901148,-323.073711553899,-32.0502327236319
"475","ran_vals","distrito_nombre2","70401-Bratsi","(Intercept)",29.4044583784706,53.2233115151163,-74.9113153291132,133.720232086054
"476","ran_vals","distrito_nombre2","70402-Sixaola","(Intercept)",-18.7997618859592,53.2233115151163,-123.115535593543,85.5160118216246
"477","ran_vals","distrito_nombre2","70403-Cahuita","(Intercept)",32.0952485504798,53.2233115151163,-72.220525157104,136.411022258064
"478","ran_vals","distrito_nombre2","70404-Telire","(Intercept)",-45.7290029283146,53.2233115151163,-150.044776635898,58.5867707792693
"479","ran_vals","distrito_nombre2","70501-Matina","(Intercept)",18.7938021102527,53.2233115151163,-85.5219715973311,123.109575817837
"480","ran_vals","distrito_nombre2","70502-Batán","(Intercept)",47.9576340034807,53.2233115151163,-56.3581397041031,152.273407711065
"481","ran_vals","distrito_nombre2","70503-Carrandí","(Intercept)",-78.5514252776137,53.2233115151163,-182.867198985197,25.7643484299702
"482","ran_vals","distrito_nombre2","70601-Guácimo","(Intercept)",47.6405357438923,53.2233115151163,-56.6752379636916,151.956309451476
"483","ran_vals","distrito_nombre2","70602-Mercedes","(Intercept)",-66.3424211638658,53.2233115151163,-170.65819487145,37.9733525437181
"484","ran_vals","distrito_nombre2","70603-Pocora","(Intercept)",12.1854684649985,53.2233115151163,-92.1303052425853,116.501242172582
"485","ran_vals","distrito_nombre2","70604-Río Jiménez","(Intercept)",23.6523413733286,53.2233115151163,-80.6634323342552,127.968115080912
"486","ran_vals","distrito_nombre2","70605-Duacarí","(Intercept)",-61.027083821502,53.2233115151163,-165.342857529086,43.2886898860818
"487","ran_vals","distrito_nombre2","10101-Carmen","anho",48.5402653355828,6.10793561601824,36.5689315082976,60.5115991628681
"488","ran_vals","distrito_nombre2","10102-Merced","anho",-6.21640349692742,6.10793561601824,-18.1877373242126,5.7549303303578
"489","ran_vals","distrito_nombre2","10103-Hospital","anho",0.559328558174042,6.10793561601824,-11.4120052691112,12.5306623854593
"490","ran_vals","distrito_nombre2","10104-Catedral","anho",-3.44617597569905,6.10793561601824,-15.4175098029843,8.52515785158618
"491","ran_vals","distrito_nombre2","10105-Zapote","anho",-0.622041411353938,6.10793561601824,-12.5933752386392,11.3492924159313
"492","ran_vals","distrito_nombre2","10106-San Francisco de Dos Ríos","anho",-4.78608217365721,6.10793561601824,-16.7574160009424,7.18525165362801
"493","ran_vals","distrito_nombre2","10107-Uruca","anho",-8.39458203049656,6.10793561601824,-20.3659158577818,3.57675179678866
"494","ran_vals","distrito_nombre2","10108-Mata Redonda","anho",3.40434685020392,6.10793561601824,-8.56698697708131,15.3756806774891
"495","ran_vals","distrito_nombre2","10109-Pavas","anho",-5.39747000064235,6.10793561601824,-17.3688038279276,6.57386382664288
"496","ran_vals","distrito_nombre2","10110-Hatillo","anho",-4.80185351328223,6.10793561601824,-16.7731873405675,7.16948031400299
"497","ran_vals","distrito_nombre2","10111-San Sebastián","anho",-6.23615164696257,6.10793561601824,-18.2074854742478,5.73518218032265
"498","ran_vals","distrito_nombre2","10201-Escazú","anho",4.58788529727915,6.10793561601824,-7.38344853000607,16.5592191245644
"499","ran_vals","distrito_nombre2","10202-San Antonio","anho",-6.21142392662277,6.10793561601824,-18.182757753908,5.75990990066245
"500","ran_vals","distrito_nombre2","10203-San Rafael","anho",-2.43566764880328,6.10793561601824,-14.4070014760885,9.53566617848194
"501","ran_vals","distrito_nombre2","10301-Desamparados","anho",0.85932065632575,6.10793561601824,-11.1120131709595,12.830654483611
"502","ran_vals","distrito_nombre2","10302-San Miguel","anho",-0.571300822856716,6.10793561601824,-12.5426346501419,11.4000330044285
"503","ran_vals","distrito_nombre2","10303-San Juan de Dios","anho",-3.94978575419116,6.10793561601824,-15.9211195814764,8.02154807309406
"504","ran_vals","distrito_nombre2","10304-San Rafael Arriba","anho",-3.74937193164891,6.10793561601824,-15.7207057589341,8.22196189563632
"505","ran_vals","distrito_nombre2","10305-San Antonio","anho",3.84724450512368,6.10793561601824,-8.12408932216155,15.8185783324089
"506","ran_vals","distrito_nombre2","10306-Frailes","anho",-6.42307254068404,6.10793561601824,-18.3944063679693,5.54826128660118
"507","ran_vals","distrito_nombre2","10307-Patarrá","anho",-7.0380157767794,6.10793561601824,-19.0093496040646,4.93331805050582
"508","ran_vals","distrito_nombre2","10308-San Cristóbal","anho",1.41079052645207,6.10793561601824,-10.5605433008332,13.3821243537373
"509","ran_vals","distrito_nombre2","10309-Rosario","anho",-0.381867557867582,6.10793561601824,-12.3532013851528,11.5894662694176
"510","ran_vals","distrito_nombre2","10310-Damas","anho",-4.92695580547293,6.10793561601824,-16.8982896327582,7.04437802181229
"511","ran_vals","distrito_nombre2","10311-San Rafael Abajo","anho",-1.97698610603318,6.10793561601824,-13.9483199333184,9.99434772125204
"512","ran_vals","distrito_nombre2","10312-Gravilias","anho",1.86694913246744,6.10793561601824,-10.1043846948178,13.8382829597527
"513","ran_vals","distrito_nombre2","10313-Los Guido","anho",-6.60029570917463,6.10793561601824,-18.5716295364599,5.37103811811059
"514","ran_vals","distrito_nombre2","10401-Santiago","anho",3.44188653470684,6.10793561601824,-8.52944729257838,15.4132203619921
"515","ran_vals","distrito_nombre2","10402-Mercedes Sur","anho",2.03257995423273,6.10793561601824,-9.9387538730525,14.0039137815179
"516","ran_vals","distrito_nombre2","10403-Barbacoas","anho",-0.785162499108914,6.10793561601824,-12.7564963263941,11.1861713281763
"517","ran_vals","distrito_nombre2","10404-Grifo Alto","anho",0.802733649343955,6.10793561601824,-11.1686001779413,12.7740674766292
"518","ran_vals","distrito_nombre2","10405-San Rafael","anho",-4.37013902567538,6.10793561601824,-16.3414728529606,7.60119480160984
"519","ran_vals","distrito_nombre2","10406-Candelarita","anho",-2.10694243682752,6.10793561601824,-14.0782762641127,9.8643913904577
"520","ran_vals","distrito_nombre2","10407-Desamparaditos","anho",4.88261488344936,6.10793561601824,-7.08871894383586,16.8539487107346
"521","ran_vals","distrito_nombre2","10408-San Antonio","anho",-1.61574025497872,6.10793561601824,-13.5870740822639,10.3555935723065
"522","ran_vals","distrito_nombre2","10409-Chires","anho",-2.47643066923124,6.10793561601824,-14.4477644965165,9.49490315805399
"523","ran_vals","distrito_nombre2","10501-San Marcos","anho",3.50207009419387,6.10793561601824,-8.46926373309136,15.4734039214791
"524","ran_vals","distrito_nombre2","10502-San Lorenzo","anho",-1.87712627533429,6.10793561601824,-13.8484601026195,10.0942075519509
"525","ran_vals","distrito_nombre2","10503-San Carlos","anho",-5.87157472996363,6.10793561601824,-17.8429085572489,6.09975909732159
"526","ran_vals","distrito_nombre2","10601-Aserrí","anho",2.20930831506606,6.10793561601824,-9.76202551221916,14.1806421423513
"527","ran_vals","distrito_nombre2","10602-Tarbaca","anho",6.99850835815761,6.10793561601824,-4.97282546912761,18.9698421854428
"528","ran_vals","distrito_nombre2","10603-Vuelta de Jorco","anho",-3.42993472306578,6.10793561601824,-15.401268550351,8.54139910421944
"529","ran_vals","distrito_nombre2","10604-San Gabriel","anho",-5.18841261030092,6.10793561601824,-17.1597464375861,6.78292121698431
"530","ran_vals","distrito_nombre2","10605-Legua","anho",-11.0115139733813,6.10793561601824,-22.9828478006665,0.959819853903968
"531","ran_vals","distrito_nombre2","10606-Monterrey","anho",-0.733048909215005,6.10793561601824,-12.7043827365002,11.2382849180702
"532","ran_vals","distrito_nombre2","10607-Salitrillos","anho",-6.48608905928335,6.10793561601824,-18.4574228865686,5.48524476800187
"533","ran_vals","distrito_nombre2","10701-Colón","anho",4.9568504687027,6.10793561601824,-7.01448335858252,16.9281842959879
"534","ran_vals","distrito_nombre2","10702-Guayabo","anho",-0.231311643433825,6.10793561601824,-12.202645470719,11.7400221838514
"535","ran_vals","distrito_nombre2","10703-Tabarcia","anho",13.0445604232351,6.10793561601824,1.07322659594993,25.0158942505204
"536","ran_vals","distrito_nombre2","10704-Piedras Negras","anho",-10.6296921124236,6.10793561601824,-22.6010259397088,1.34164171486164
"537","ran_vals","distrito_nombre2","10705-Picagres","anho",3.12164222915797,6.10793561601824,-8.84969159812725,15.0929760564432
"538","ran_vals","distrito_nombre2","10706-Jaris","anho",-9.934272758563,6.10793561601824,-21.9056065858482,2.03706106872222
"539","ran_vals","distrito_nombre2","10707-Quitirrisí","anho",-2.74598079337438,6.53289134169917,-15.5502125380183,10.0582509512695
"540","ran_vals","distrito_nombre2","10801-Guadalupe","anho",17.3901890199807,6.10793561601824,5.41885519269548,29.3615228472659
"541","ran_vals","distrito_nombre2","10802-San Francisco","anho",21.9230072174757,6.10793561601824,9.95167339019044,33.8943410447609
"542","ran_vals","distrito_nombre2","10803-Calle Blancos","anho",-2.96611545034733,6.10793561601824,-14.9374492776325,9.0052183769379
"543","ran_vals","distrito_nombre2","10804-Mata de Plátano","anho",-5.10116374608427,6.10793561601824,-17.0724975733695,6.87017008120096
"544","ran_vals","distrito_nombre2","10805-Ipís","anho",-2.65229798932074,6.10793561601824,-14.623631816606,9.31903583796448
"545","ran_vals","distrito_nombre2","10806-Rancho Redondo","anho",19.5537031797176,6.10793561601824,7.58236935243242,31.5250370070029
"546","ran_vals","distrito_nombre2","10807-Purral","anho",-3.94879037056046,6.10793561601824,-15.9201241978457,8.02254345672477
"547","ran_vals","distrito_nombre2","10901-Santa Ana","anho",5.69616722324872,6.10793561601824,-6.27516660403651,17.6675010505339
"548","ran_vals","distrito_nombre2","10902-Salitral","anho",-2.95550697942452,6.10793561601824,-14.9268408067097,9.01582684786071
"549","ran_vals","distrito_nombre2","10903-Pozos","anho",-2.56137357374813,6.10793561601824,-14.5327074010333,9.4099602535371
"550","ran_vals","distrito_nombre2","10904-Uruca","anho",2.25508722846764,6.10793561601824,-9.71624659881758,14.2264210557529
"551","ran_vals","distrito_nombre2","10905-Piedades","anho",-3.8305373821189,6.10793561601824,-15.8018712094041,8.14079644516632
"552","ran_vals","distrito_nombre2","10906-Brasil","anho",3.46366566401131,6.10793561601824,-8.50766816327391,15.4349994912965
"553","ran_vals","distrito_nombre2","11001-Alajuelita","anho",2.9488244369701,6.10793561601824,-9.02250939031512,14.9201582642553
"554","ran_vals","distrito_nombre2","11002-San Josecito","anho",-2.61193284089684,6.10793561601824,-14.5832666681821,9.35940098638838
"555","ran_vals","distrito_nombre2","11003-San Antonio","anho",-0.118855642015901,6.10793561601824,-12.0901894693011,11.8524781852693
"556","ran_vals","distrito_nombre2","11004-Concepción","anho",-2.47433886949184,6.10793561601824,-14.4456726967771,9.49699495779339
"557","ran_vals","distrito_nombre2","11005-San Felipe","anho",-3.54334539466164,6.10793561601824,-15.5146792219469,8.42798843262358
"558","ran_vals","distrito_nombre2","11101-San Isidro","anho",-0.852385249496627,6.10793561601824,-12.8237190767818,11.1189485777886
"559","ran_vals","distrito_nombre2","11102-San Rafael","anho",-6.16639592478335,6.10793561601824,-18.1377297520686,5.80493790250187
"560","ran_vals","distrito_nombre2","11103-Dulce Nombre de Jesús","anho",-0.399203365556015,6.10793561601824,-12.3705371928412,11.5721304617292
"561","ran_vals","distrito_nombre2","11104-Patalillo","anho",-0.843692633181658,6.10793561601824,-12.8150264604669,11.1276411941036
"562","ran_vals","distrito_nombre2","11105-Cascajal","anho",0.526825081686672,6.10793561601824,-11.4445087455986,12.4981589089719
"563","ran_vals","distrito_nombre2","11201-San Ignacio","anho",1.65813428316741,6.10793561601824,-10.3131995441178,13.6294681104526
"564","ran_vals","distrito_nombre2","11202-Guaitil","anho",-2.49474687708853,6.10793561601824,-14.4660807043738,9.47658695019669
"565","ran_vals","distrito_nombre2","11203-Palmichal","anho",2.76133256538785,6.10793561601824,-9.21000126189738,14.7326663926731
"566","ran_vals","distrito_nombre2","11204-Cangrejal","anho",-0.144829374530383,6.10793561601824,-12.1161632018156,11.8265044527548
"567","ran_vals","distrito_nombre2","11205-Sabanillas","anho",-6.19030664009347,6.10793561601824,-18.1616404673787,5.78102718719175
"568","ran_vals","distrito_nombre2","11301-San Juan","anho",0.756435905911678,6.10793561601824,-11.2148979213735,12.7277697331969
"569","ran_vals","distrito_nombre2","11302-Cinco Esquinas","anho",-4.11601858902981,6.10793561601824,-16.087352416315,7.85531523825541
"570","ran_vals","distrito_nombre2","11303-Anselmo Llorente","anho",-3.25517354188127,6.10793561601824,-15.2265073691665,8.71616028540396
"571","ran_vals","distrito_nombre2","11304-León XIII","anho",-9.96534498233057,6.10793561601824,-21.9366788096158,2.00598884495465
"572","ran_vals","distrito_nombre2","11305-Colima","anho",-4.60518738182328,6.10793561601824,-16.5765212091085,7.36614644546195
"573","ran_vals","distrito_nombre2","11401-San Vicente","anho",5.39257739170586,6.10793561601824,-6.57875643557936,17.3639112189911
"574","ran_vals","distrito_nombre2","11402-San Jerónimo","anho",3.27690980248382,6.10793561601824,-8.6944240248014,15.248243629769
"575","ran_vals","distrito_nombre2","11403-La Trinidad","anho",-5.01282729586932,6.10793561601824,-16.9841611231545,6.9585065314159
"576","ran_vals","distrito_nombre2","11501-San Pedro","anho",1.97347823813466,6.10793561601824,-9.99785558915056,13.9448120654199
"577","ran_vals","distrito_nombre2","11502-Sabanilla","anho",-1.88224168700228,6.10793561601824,-13.8535755142875,10.0890921402829
"578","ran_vals","distrito_nombre2","11503-Mercedes","anho",-5.45513740763152,6.10793561601824,-17.4264712349167,6.51619641965371
"579","ran_vals","distrito_nombre2","11504-San Rafael","anho",-4.25211492515542,6.10793561601824,-16.2234487524406,7.7192189021298
"580","ran_vals","distrito_nombre2","11601-San Pablo","anho",12.983949991194,6.10793561601824,1.01261616390874,24.9552838184792
"581","ran_vals","distrito_nombre2","11602-San Pedro","anho",0.178372301321189,6.10793561601824,-11.792961525964,12.1497061286064
"582","ran_vals","distrito_nombre2","11603-San Juan de Mata","anho",6.92276715288484,6.10793561601824,-5.04856667440038,18.8941009801701
"583","ran_vals","distrito_nombre2","11604-San Luis","anho",7.85720562420265,6.10793561601824,-4.11412820308257,19.8285394514879
"584","ran_vals","distrito_nombre2","11605-Carara","anho",-3.8743615752552,6.10793561601824,-15.8456954025404,8.09697225203003
"585","ran_vals","distrito_nombre2","11701-Santa María","anho",0.716898361083672,6.10793561601824,-11.2544354662016,12.6882321883689
"586","ran_vals","distrito_nombre2","11702-Jardín","anho",19.3557351150747,6.10793561601824,7.38440128778945,31.3270689423599
"587","ran_vals","distrito_nombre2","11703-Copey","anho",6.19853947922287,6.10793561601824,-5.77279434806235,18.1698733065081
"588","ran_vals","distrito_nombre2","11801-Curridabat","anho",4.57426184349539,6.10793561601824,-7.39707198378983,16.5455956707806
"589","ran_vals","distrito_nombre2","11802-Granadilla","anho",-1.13627324303029,6.10793561601824,-13.1076070703155,10.8350605842549
"590","ran_vals","distrito_nombre2","11803-Sánchez","anho",9.96807754205046,6.10793561601824,-2.00325628523476,21.9394113693357
"591","ran_vals","distrito_nombre2","11804-Tirrases","anho",-3.05434973016264,6.10793561601824,-15.0256835574479,8.91698409712258
"592","ran_vals","distrito_nombre2","11901-San Isidro de El General","anho",0.932452685855074,6.10793561601824,-11.0388811414301,12.9037865131403
"593","ran_vals","distrito_nombre2","11902-El General","anho",1.39274263688784,6.10793561601824,-10.5785911903974,13.3640764641731
"594","ran_vals","distrito_nombre2","11903-Daniel Flores","anho",1.72704227633391,6.10793561601824,-10.2442915509513,13.6983761036191
"595","ran_vals","distrito_nombre2","11904-Rivas","anho",-1.43050521061135,6.10793561601824,-13.4018390378966,10.5408286166739
"596","ran_vals","distrito_nombre2","11905-San Pedro","anho",-0.939223422989996,6.10793561601824,-12.9105572502752,11.0321104042952
"597","ran_vals","distrito_nombre2","11906-Platanares","anho",2.85576396878347,6.10793561601824,-9.11556985850175,14.8270977960687
"598","ran_vals","distrito_nombre2","11907-Pejibaye","anho",4.89950694622675,6.10793561601824,-7.07182688105847,16.870840773512
"599","ran_vals","distrito_nombre2","11908-Cajón","anho",2.9365764604618,6.10793561601824,-9.03475736682342,14.907910287747
"600","ran_vals","distrito_nombre2","11909-Barú","anho",0.293145341949881,6.10793561601824,-11.6781884853353,12.2644791692351
"601","ran_vals","distrito_nombre2","11910-Río Nuevo","anho",-3.72458246403119,6.10793561601824,-15.6959162913164,8.24675136325403
"602","ran_vals","distrito_nombre2","11911-Páramo","anho",0.177977327847629,6.10793561601824,-11.7933564994376,12.1493111551329
"603","ran_vals","distrito_nombre2","11912-La Amistad","anho",1.94277891999461,6.53289134169917,-10.8614528246493,14.7470106646385
"604","ran_vals","distrito_nombre2","12001-San Pablo","anho",-4.16558154571254,6.10793561601824,-16.1369153729978,7.80575228157268
"605","ran_vals","distrito_nombre2","12002-San Andrés","anho",-4.75080750908248,6.10793561601824,-16.7221413363677,7.22052631820274
"606","ran_vals","distrito_nombre2","12003-Llano Bonito","anho",-6.13699081851035,6.10793561601824,-18.1083246457956,5.83434300877487
"607","ran_vals","distrito_nombre2","12004-San Isidro","anho",-8.78216006805462,6.10793561601824,-20.7534938953398,3.1891737592306
"608","ran_vals","distrito_nombre2","12005-Santa Cruz","anho",-5.00617056515582,6.10793561601824,-16.977504392441,6.9651632621294
"609","ran_vals","distrito_nombre2","12006-San Antonio","anho",6.91954098843138,6.10793561601824,-5.05179283885384,18.8908748157166
"610","ran_vals","distrito_nombre2","20101-Alajuela","anho",13.1182631038319,6.10793561601824,1.14692927654671,25.0895969311171
"611","ran_vals","distrito_nombre2","20102-San José","anho",-2.64797253825521,6.10793561601824,-14.6193063655404,9.32336128903001
"612","ran_vals","distrito_nombre2","20103-Carrizal","anho",-7.69915801539768,6.10793561601824,-19.6704918426829,4.27217581188755
"613","ran_vals","distrito_nombre2","20104-San Antonio","anho",1.05056527566313,6.10793561601824,-10.9207685516221,13.0218991029484
"614","ran_vals","distrito_nombre2","20105-Guácima","anho",-1.79725259871659,6.10793561601824,-13.7685864260018,10.1740812285686
"615","ran_vals","distrito_nombre2","20106-San Isidro","anho",-2.22020181645367,6.10793561601824,-14.1915356437389,9.75113201083155
"616","ran_vals","distrito_nombre2","20107-Sabanilla","anho",-5.41633848510195,6.10793561601824,-17.3876723123872,6.55499534218328
"617","ran_vals","distrito_nombre2","20108-San Rafael","anho",-1.3000691926051,6.10793561601824,-13.2714030198903,10.6712646346801
"618","ran_vals","distrito_nombre2","20109-Río Segundo","anho",0.421907472396057,6.10793561601824,-11.5494263548892,12.3932412996813
"619","ran_vals","distrito_nombre2","20110-Desamparados","anho",-4.36963337494618,6.10793561601824,-16.3409672022314,7.60170045233904
"620","ran_vals","distrito_nombre2","20111-Turrúcares","anho",-0.251307672428939,6.10793561601824,-12.2226414997142,11.7200261548563
"621","ran_vals","distrito_nombre2","20112-Tambor","anho",-0.583710524291357,6.10793561601824,-12.5550443515766,11.3876233029939
"622","ran_vals","distrito_nombre2","20113-Garita","anho",3.61601651032973,6.10793561601824,-8.35531731695549,15.587350337615
"623","ran_vals","distrito_nombre2","20114-Sarapiquí","anho",-0.775436408180044,6.10793561601824,-12.7467702354653,11.1958974191052
"624","ran_vals","distrito_nombre2","20201-San Ramón","anho",25.8291931272531,6.10793561601824,13.8578592999679,37.8005269545384
"625","ran_vals","distrito_nombre2","20202-Santiago","anho",5.94922560667273,6.10793561601824,-6.02210822061249,17.920559433958
"626","ran_vals","distrito_nombre2","20203-San Juan","anho",-0.776228251731751,6.10793561601824,-12.747562079017,11.1951055755535
"627","ran_vals","distrito_nombre2","20204-Piedades Norte","anho",-1.63908686011378,6.10793561601824,-13.610420687399,10.3322469671714
"628","ran_vals","distrito_nombre2","20205-Piedades Sur","anho",3.27335430613981,6.10793561601824,-8.69797952114541,15.244688133425
"629","ran_vals","distrito_nombre2","20206-San Rafael","anho",-3.77819410341821,6.10793561601824,-15.7495279307034,8.19313972386702
"630","ran_vals","distrito_nombre2","20207-San Isidro","anho",-1.37152346352376,6.10793561601824,-13.342857290809,10.5998103637615
"631","ran_vals","distrito_nombre2","20208-Ángeles","anho",11.9060636737828,6.10793561601824,-0.0652701535024693,23.877397501068
"632","ran_vals","distrito_nombre2","20209-Alfaro","anho",-0.594230295287179,6.10793561601824,-12.5655641225724,11.377103531998
"633","ran_vals","distrito_nombre2","20210-Volio","anho",-3.64156850264437,6.10793561601824,-15.6129023299296,8.32976532464085
"634","ran_vals","distrito_nombre2","20211-Concepción","anho",-2.01003651291858,6.10793561601824,-13.9813703402038,9.96129731436664
"635","ran_vals","distrito_nombre2","20212-Zapotal","anho",4.84333865408087,6.10793561601824,-7.12799517320436,16.8146724813661
"636","ran_vals","distrito_nombre2","20213-Peñas Blancas","anho",-4.3878862033967,6.10793561601824,-16.3592200306819,7.58344762388853
"637","ran_vals","distrito_nombre2","20214-San Lorenzo","anho",4.14716278435333,6.63441344390275,-8.85604862424439,17.1503741929511
"638","ran_vals","distrito_nombre2","20301-Grecia","anho",4.47340308689728,6.10793561601824,-7.49793074038794,16.4447369141825
"639","ran_vals","distrito_nombre2","20302-San Isidro","anho",-4.20561421906012,6.10793561601824,-16.1769480463453,7.7657196082251
"640","ran_vals","distrito_nombre2","20303-San José","anho",-5.62669106321673,6.10793561601824,-17.598024890502,6.34464276406849
"641","ran_vals","distrito_nombre2","20304-San Roque","anho",-2.18492650006413,6.10793561601824,-14.1562603273494,9.78640732722109
"642","ran_vals","distrito_nombre2","20305-Tacares","anho",-5.60006569301022,6.10793561601824,-17.5713995202954,6.37126813427501
"643","ran_vals","distrito_nombre2","20307-Puente de Piedra","anho",-0.959443138162689,6.10793561601824,-12.9307769654479,11.0118906891225
"644","ran_vals","distrito_nombre2","20308-Bolívar","anho",-0.372257732534486,6.10793561601824,-12.3435915598197,11.5990760947507
"645","ran_vals","distrito_nombre2","20401-San Mateo","anho",7.07269864909848,6.10793561601824,-4.89863517818675,19.0440324763837
"646","ran_vals","distrito_nombre2","20402-Desmonte","anho",-8.65032742229385,6.10793561601824,-20.6216612495791,3.32100640499138
"647","ran_vals","distrito_nombre2","20403-Jesús María","anho",-7.42384789289275,6.10793561601824,-19.395181720178,4.54748593439247
"648","ran_vals","distrito_nombre2","20404-Labrador","anho",12.641366054938,6.10793561601824,0.670032227652772,24.6126998822232
"649","ran_vals","distrito_nombre2","20501-Atenas","anho",7.6611045559952,6.10793561601824,-4.31022927129002,19.6324383832804
"650","ran_vals","distrito_nombre2","20502-Jesús","anho",-3.23154741945679,6.10793561601824,-15.202881246742,8.73978640782843
"651","ran_vals","distrito_nombre2","20503-Mercedes","anho",0.265018645112366,6.10793561601824,-11.7063151821729,12.2363524723976
"652","ran_vals","distrito_nombre2","20504-San Isidro","anho",-2.48019189187769,6.10793561601824,-14.4515257191629,9.49114193540753
"653","ran_vals","distrito_nombre2","20505-Concepción","anho",-0.522745064553886,6.10793561601824,-12.4940788918391,11.4485887627313
"654","ran_vals","distrito_nombre2","20506-San José","anho",-6.4788493156375,6.10793561601824,-18.4501831429227,5.49248451164772
"655","ran_vals","distrito_nombre2","20507-Santa Eulalia","anho",2.70108260689427,6.10793561601824,-9.27025122039095,14.6724164341795
"656","ran_vals","distrito_nombre2","20508-Escobal","anho",2.90487476422955,6.10793561601824,-9.06645906305567,14.8762085915148
"657","ran_vals","distrito_nombre2","20601-Naranjo","anho",0.90848311812143,6.10793561601824,-11.0628507091638,12.8798169454067
"658","ran_vals","distrito_nombre2","20602-San Miguel","anho",-3.19059577947342,6.10793561601824,-15.1619296067586,8.78073804781181
"659","ran_vals","distrito_nombre2","20603-San José","anho",-4.02104015445549,6.10793561601824,-15.9923739817407,7.95029367282974
"660","ran_vals","distrito_nombre2","20604-Cirrí Sur","anho",-5.04621878683273,6.10793561601824,-17.017552614118,6.92511504045249
"661","ran_vals","distrito_nombre2","20605-San Jerónimo","anho",-1.51456059260717,6.10793561601824,-13.4858944198924,10.4567732346781
"662","ran_vals","distrito_nombre2","20606-San Juan","anho",2.45249572116873,6.10793561601824,-9.5188381061165,14.423829548454
"663","ran_vals","distrito_nombre2","20607-El Rosario","anho",-2.96550364612194,6.10793561601824,-14.9368374734072,9.00583018116328
"664","ran_vals","distrito_nombre2","20608-Palmitos","anho",0.204287749590128,6.10793561601824,-11.7670460776951,12.1756215768754
"665","ran_vals","distrito_nombre2","20701-Palmares","anho",8.77579291532016,6.10793561601824,-3.19554091196507,20.7471267426054
"666","ran_vals","distrito_nombre2","20702-Zaragoza","anho",-0.536516527634331,6.10793561601824,-12.5078503549196,11.4348172996509
"667","ran_vals","distrito_nombre2","20703-Buenos Aires","anho",-4.25705448181479,6.10793561601824,-16.2283883091,7.71427934547043
"668","ran_vals","distrito_nombre2","20704-Santiago","anho",-6.61386545494353,6.10793561601824,-18.5851992822288,5.35746837234169
"669","ran_vals","distrito_nombre2","20705-Candelaria","anho",-3.94471056928177,6.10793561601824,-15.916044396567,8.02662325800346
"670","ran_vals","distrito_nombre2","20706-Esquipulas","anho",-6.1385757597494,6.10793561601824,-18.1099095870346,5.83275806753583
"671","ran_vals","distrito_nombre2","20707-La Granja","anho",-0.619351788330086,6.10793561601824,-12.5906856156153,11.3519820389551
"672","ran_vals","distrito_nombre2","20801-San Pedro","anho",7.32328078455086,6.10793561601824,-4.64805304273436,19.2946146118361
"673","ran_vals","distrito_nombre2","20802-San Juan","anho",4.21806885984959,6.10793561601824,-7.75326496743564,16.1894026871348
"674","ran_vals","distrito_nombre2","20803-San Rafael","anho",-1.87763463887096,6.10793561601824,-13.8489684661562,10.0936991884143
"675","ran_vals","distrito_nombre2","20804-Carrillos","anho",-3.11541606152653,6.10793561601824,-15.0867498888118,8.85591776575869
"676","ran_vals","distrito_nombre2","20805-Sabana Redonda","anho",0.0226289644545888,6.10793561601824,-11.9487048628306,11.9939627917398
"677","ran_vals","distrito_nombre2","20901-Orotina","anho",2.57370972129588,6.10793561601824,-9.39762410598934,14.5450435485811
"678","ran_vals","distrito_nombre2","20902-El Mastate","anho",2.55252651437647,6.10793561601824,-9.41880731290875,14.5238603416617
"679","ran_vals","distrito_nombre2","20903-Hacienda Vieja","anho",1.32516739879597,6.10793561601824,-10.6461664284893,13.2965012260812
"680","ran_vals","distrito_nombre2","20904-Coyolar","anho",-1.80625380102877,6.10793561601824,-13.777587628314,10.1650800262564
"681","ran_vals","distrito_nombre2","20905-La Ceiba","anho",-11.1122156903932,6.10793561601824,-23.0835495176784,0.859118136892006
"682","ran_vals","distrito_nombre2","21001-Quesada","anho",1.50936452948921,6.10793561601824,-10.461969297796,13.4806983567744
"683","ran_vals","distrito_nombre2","21002-Florencia","anho",1.05265424540007,6.10793561601824,-10.9186795818852,13.0239880726853
"684","ran_vals","distrito_nombre2","21003-Buenavista","anho",3.42658055006929,6.10793561601824,-8.54475327721593,15.3979143773545
"685","ran_vals","distrito_nombre2","21004-Aguas Zarcas","anho",-1.03933213635662,6.10793561601824,-13.0106659636418,10.9320016909286
"686","ran_vals","distrito_nombre2","21005-Venecia","anho",-5.40643872364523,6.10793561601824,-17.3777725509305,6.56489510363999
"687","ran_vals","distrito_nombre2","21006-Pital","anho",-3.57962347965672,6.10793561601824,-15.5509573069419,8.39171034762851
"688","ran_vals","distrito_nombre2","21007-La Fortuna","anho",0.1265478746724,6.10793561601824,-11.8447859526128,12.0978817019576
"689","ran_vals","distrito_nombre2","21008-La Tigra","anho",1.2533006150715,6.10793561601824,-10.7180332122137,13.2246344423567
"690","ran_vals","distrito_nombre2","21009-La Palmera","anho",-1.71632279185953,6.10793561601824,-13.6876566191448,10.2550110354257
"691","ran_vals","distrito_nombre2","21010-Venado","anho",5.09736517410157,6.10793561601824,-6.87396865318366,17.0686990013868
"692","ran_vals","distrito_nombre2","21011-Cutris","anho",-5.28263055481382,6.10793561601824,-17.253964382099,6.68870327247141
"693","ran_vals","distrito_nombre2","21012-Monterrey","anho",3.26707479248689,6.10793561601824,-8.70425903479833,15.2384086197721
"694","ran_vals","distrito_nombre2","21013-Pocosol","anho",-0.0510687143795637,6.10793561601824,-12.0224025416648,11.9202651129057
"695","ran_vals","distrito_nombre2","21101-Zarcero","anho",1.01207442730794,6.10793561601824,-10.9592593999773,12.9834082545932
"696","ran_vals","distrito_nombre2","21102-Laguna","anho",7.05146423576012,6.10793561601824,-4.9198695915251,19.0227980630453
"697","ran_vals","distrito_nombre2","21103-Tapesco","anho",-3.94310139392841,6.10793561601824,-15.9144352212136,8.02823243335681
"698","ran_vals","distrito_nombre2","21104-Guadalupe","anho",-0.758632404943911,6.10793561601824,-12.7299662322291,11.2127014223413
"699","ran_vals","distrito_nombre2","21105-Palmira","anho",3.78886996551141,6.10793561601824,-8.18246386177382,15.7602037927966
"700","ran_vals","distrito_nombre2","21106-Zapote","anho",-1.07508433141655,6.10793561601824,-13.0464181587018,10.8962494958687
"701","ran_vals","distrito_nombre2","21107-Brisas","anho",-2.57233791930938,6.10793561601824,-14.5436717465946,9.39899590797585
"702","ran_vals","distrito_nombre2","21201-Sarchí Norte","anho",6.92103156001981,6.10793561601824,-5.05030226726541,18.892365387305
"703","ran_vals","distrito_nombre2","21202-Sarchí Sur","anho",4.4605790483438,6.10793561601824,-7.51075477894143,16.431912875629
"704","ran_vals","distrito_nombre2","21203-Toro Amarillo","anho",-1.51406189551155,6.10793561601824,-13.4853957227968,10.4572719317737
"705","ran_vals","distrito_nombre2","21204-San Pedro","anho",-1.71754211963792,6.10793561601824,-13.6888759469231,10.2537917076473
"706","ran_vals","distrito_nombre2","21205-Rodríguez","anho",-3.72389703538828,6.10793561601824,-15.6952308626735,8.24743679189694
"707","ran_vals","distrito_nombre2","21301-Upala","anho",-1.17380358410328,6.10793561601824,-13.1451374113885,10.7975302431819
"708","ran_vals","distrito_nombre2","21302-Aguas Claras","anho",3.54215631676077,6.10793561601824,-8.42917751052446,15.513490144046
"709","ran_vals","distrito_nombre2","21303-San José (Pizote)","anho",-2.25828737251995,6.10793561601824,-14.2296211998052,9.71304645476527
"710","ran_vals","distrito_nombre2","21304-Bijagua","anho",1.2671788794713,6.10793561601824,-10.7041549478139,13.2385127067565
"711","ran_vals","distrito_nombre2","21305-Delicias","anho",-4.30890982585396,6.10793561601824,-16.2802436531392,7.66242400143127
"712","ran_vals","distrito_nombre2","21306-Dos Ríos","anho",-4.45837580078901,6.10793561601824,-16.4297096280742,7.51295802649621
"713","ran_vals","distrito_nombre2","21307-Yolillal","anho",1.3472479396464,6.10793561601824,-10.6240858876388,13.3185817669316
"714","ran_vals","distrito_nombre2","21308-Canalete","anho",0.839327583790304,6.10793561601824,-11.1320062434949,12.8106614110755
"715","ran_vals","distrito_nombre2","21401-Los Chiles","anho",-3.17100171628357,6.10793561601824,-15.1423355435688,8.80033211100165
"716","ran_vals","distrito_nombre2","21402-Caño Negro","anho",-1.66865560663747,6.10793561601824,-13.6399894339227,10.3026782206478
"717","ran_vals","distrito_nombre2","21403-El Amparo","anho",-1.50785310184156,6.10793561601824,-13.4791869291268,10.4634807254437
"718","ran_vals","distrito_nombre2","21404-San Jorge","anho",2.71583349542245,6.10793561601824,-9.25550033186278,14.6871673227077
"719","ran_vals","distrito_nombre2","21501-San Rafael","anho",1.96657963914547,6.10793561601824,-10.0047541881398,13.9379134664307
"720","ran_vals","distrito_nombre2","21502-Buenavista","anho",-18.2086307805498,6.10793561601824,-30.1799646078351,-6.23729695326461
"721","ran_vals","distrito_nombre2","21503-Cote","anho",8.11168768728524,6.10793561601824,-3.85964613999998,20.0830215145705
"722","ran_vals","distrito_nombre2","21504-Katira","anho",-0.349372714359927,6.10793561601824,-12.3207065416451,11.6219611129253
"723","ran_vals","distrito_nombre2","21601-Río Cuarto","anho",1.5285456812352,6.74358776223632,-11.688643459333,14.7457348218034
"724","ran_vals","distrito_nombre2","21602-Santa Rita","anho",-1.76075054359176,6.74358776223632,-14.97793968416,11.4564385969765
"725","ran_vals","distrito_nombre2","21603-Santa Isabel","anho",-0.568579674833226,6.74358776223632,-13.7857688154015,12.648609465735
"726","ran_vals","distrito_nombre2","30101-Oriental","anho",4.95018040055658,6.10793561601824,-7.02115342672864,16.9215142278418
"727","ran_vals","distrito_nombre2","30102-Occidental","anho",5.22137027881092,6.10793561601824,-6.74996354847431,17.1927041060961
"728","ran_vals","distrito_nombre2","30103-Carmen","anho",-1.8967309143036,6.10793561601824,-13.8680647415888,10.0746029129816
"729","ran_vals","distrito_nombre2","30104-San Nicolás","anho",-3.33780827288766,6.10793561601824,-15.3091421001729,8.63352555439757
"730","ran_vals","distrito_nombre2","30105-Agua Caliente (San Francisco)","anho",-3.11261738712979,6.10793561601824,-15.083951214415,8.85871644015543
"731","ran_vals","distrito_nombre2","30106-Guadalupe (Arenilla)","anho",1.51677222251787,6.10793561601824,-10.4545616047674,13.4881060498031
"732","ran_vals","distrito_nombre2","30107-Corralillo","anho",1.47148864812531,6.10793561601824,-10.4998451791599,13.4428224754105
"733","ran_vals","distrito_nombre2","30108-Tierra Blanca","anho",-2.05984396963439,6.10793561601824,-14.0311777969196,9.91148985765084
"734","ran_vals","distrito_nombre2","30109-Dulce Nombre","anho",-0.334217449996043,6.10793561601824,-12.3055512772813,11.6371163772892
"735","ran_vals","distrito_nombre2","30110-Llano Grande","anho",-2.30454382691855,6.10793561601824,-14.2758776542038,9.66679000036667
"736","ran_vals","distrito_nombre2","30111-Quebradilla","anho",-2.0544579584659,6.10793561601824,-14.0257917857511,9.91687586881932
"737","ran_vals","distrito_nombre2","30201-Paraíso","anho",2.00117173832921,6.10793561601824,-9.97016208895601,13.9725055656144
"738","ran_vals","distrito_nombre2","30202-Santiago","anho",-3.05679643675074,6.10793561601824,-15.028130264036,8.91453739053448
"739","ran_vals","distrito_nombre2","30203-Orosi","anho",0.442333886568026,6.10793561601824,-11.5289999407172,12.4136677138532
"740","ran_vals","distrito_nombre2","30204-Cachí","anho",7.69793507034919,6.10793561601824,-4.27339875693603,19.6692688976344
"741","ran_vals","distrito_nombre2","30205-Llanos de Santa Lucía","anho",-0.684797618620871,6.10793561601824,-12.6561314459061,11.2865362086644
"742","ran_vals","distrito_nombre2","30301-Tres Ríos","anho",12.4730530543209,6.10793561601824,0.501719227035727,24.4443868816062
"743","ran_vals","distrito_nombre2","30302-San Diego","anho",-5.08830471144056,6.10793561601824,-17.0596385387258,6.88302911584466
"744","ran_vals","distrito_nombre2","30303-San Juan","anho",-5.16203347127133,6.10793561601824,-17.1333672985565,6.80930035601389
"745","ran_vals","distrito_nombre2","30304-San Rafael","anho",0.208848346083202,6.10793561601824,-11.762485481202,12.1801821733684
"746","ran_vals","distrito_nombre2","30305-Concepción","anho",-1.80767305287112,6.10793561601824,-13.7790068801563,10.1636607744141
"747","ran_vals","distrito_nombre2","30306-Dulce Nombre","anho",0.204330005116194,6.10793561601824,-11.767003822169,12.1756638324014
"748","ran_vals","distrito_nombre2","30307-San Ramón","anho",-4.73588352038528,6.10793561601824,-16.7072173476705,7.23545030689994
"749","ran_vals","distrito_nombre2","30308-Río Azul","anho",-6.91394353350462,6.10793561601824,-18.8852773607898,5.0573902937806
"750","ran_vals","distrito_nombre2","30401-Juan Viñas","anho",5.28185799952561,6.10793561601824,-6.68947582775961,17.2531918268108
"751","ran_vals","distrito_nombre2","30402-Tucurrique","anho",0.458354745915391,6.10793561601824,-11.5129790813698,12.4296885732006
"752","ran_vals","distrito_nombre2","30403-Pejibaye","anho",1.02871360758435,6.10793561601824,-10.9426202197009,13.0000474348696
"753","ran_vals","distrito_nombre2","30501-Turrialba","anho",3.52967288556882,6.10793561601824,-8.44166094171641,15.501006712854
"754","ran_vals","distrito_nombre2","30502-La Suiza","anho",7.53572229272629,6.10793561601824,-4.43561153455893,19.5070561200115
"755","ran_vals","distrito_nombre2","30503-Peralta","anho",9.9864440193835,6.10793561601824,-1.98488980790172,21.9577778466687
"756","ran_vals","distrito_nombre2","30504-Santa Cruz","anho",1.95667705274313,6.10793561601824,-10.0146567745421,13.9280108800283
"757","ran_vals","distrito_nombre2","30505-Santa Teresita","anho",-0.526785477301642,6.10793561601824,-12.4981193045869,11.4445483499836
"758","ran_vals","distrito_nombre2","30506-Pavones","anho",-2.08340262168726,6.10793561601824,-14.0547364489725,9.88793120559796
"759","ran_vals","distrito_nombre2","30507-Tuis","anho",-5.25545936353366,6.10793561601824,-17.2267931908189,6.71587446375156
"760","ran_vals","distrito_nombre2","30508-Tayutic","anho",-7.47805476302732,6.10793561601824,-19.4493885903125,4.49327906425791
"761","ran_vals","distrito_nombre2","30509-Santa Rosa","anho",1.63560890714609,6.10793561601824,-10.3357249201391,13.6069427344313
"762","ran_vals","distrito_nombre2","30510-Tres Equis","anho",3.77342100108748,6.10793561601824,-8.19791282619774,15.7447548283727
"763","ran_vals","distrito_nombre2","30511-La Isabel","anho",-5.05755093286278,6.10793561601824,-17.028884760148,6.91378289442245
"764","ran_vals","distrito_nombre2","30512-Chirripó","anho",6.84243169379425,6.10793561601824,-5.12890213349097,18.8137655210795
"765","ran_vals","distrito_nombre2","30601-Pacayas","anho",-2.49889868233085,6.10793561601824,-14.4702325096161,9.47243514495438
"766","ran_vals","distrito_nombre2","30602-Cervantes","anho",2.07530411761919,6.10793561601824,-9.89602970966604,14.0466379449044
"767","ran_vals","distrito_nombre2","30603-Capellades","anho",-2.39468829398936,6.10793561601824,-14.3660221212746,9.57664553329586
"768","ran_vals","distrito_nombre2","30701-San Rafael","anho",-1.03054792810071,6.10793561601824,-13.0018817553859,10.9407858991845
"769","ran_vals","distrito_nombre2","30702-Cot","anho",-3.69328534739006,6.10793561601824,-15.6646191746753,8.27804847989516
"770","ran_vals","distrito_nombre2","30703-Potrero Cerrado","anho",-3.40415300233727,6.10793561601824,-15.3754868296225,8.56718082494795
"771","ran_vals","distrito_nombre2","30704-Cipreses","anho",-3.2941707936989,6.10793561601824,-15.2655046209841,8.67716303358632
"772","ran_vals","distrito_nombre2","30705-Santa Rosa","anho",0.32323469917794,6.10793561601824,-11.6480991281073,12.2945685264632
"773","ran_vals","distrito_nombre2","30801-El Tejar","anho",2.48232086760884,6.10793561601824,-9.48901295967638,14.4536546948941
"774","ran_vals","distrito_nombre2","30802-San Isidro","anho",1.36287192555027,6.10793561601824,-10.608461901735,13.3342057528355
"775","ran_vals","distrito_nombre2","30803-Tobosi","anho",-1.45445802907812,6.10793561601824,-13.4257918563633,10.5168757982071
"776","ran_vals","distrito_nombre2","30804-Patio de Agua","anho",1.56639134952715,6.10793561601824,-10.4049424777581,13.5377251768124
"777","ran_vals","distrito_nombre2","40101-Heredia","anho",6.99483744595652,6.10793561601824,-4.97649638132871,18.9661712732417
"778","ran_vals","distrito_nombre2","40102-Mercedes","anho",-2.50593321479613,6.10793561601824,-14.4772670420813,9.4654006124891
"779","ran_vals","distrito_nombre2","40103-San Francisco","anho",-1.66908237924412,6.10793561601824,-13.6404162065293,10.3022514480411
"780","ran_vals","distrito_nombre2","40104-Ulloa","anho",-6.04743427182111,6.10793561601824,-18.0187680991063,5.92389955546411
"781","ran_vals","distrito_nombre2","40105-Vara Blanca","anho",-14.3478722582677,6.10793561601824,-26.319206085553,-2.37653843098252
"782","ran_vals","distrito_nombre2","40201-Barva","anho",15.2860867086677,6.10793561601824,3.31475288138251,27.257420535953
"783","ran_vals","distrito_nombre2","40202-San Pedro","anho",9.91508735951555,6.10793561601824,-2.05624646776968,21.8864211868008
"784","ran_vals","distrito_nombre2","40203-San Pablo","anho",-3.37218942567551,6.10793561601824,-15.3435232529607,8.59914440160971
"785","ran_vals","distrito_nombre2","40204-San Roque","anho",-1.51616822634335,6.10793561601824,-13.4875020536286,10.4551656009419
"786","ran_vals","distrito_nombre2","40205-Santa Lucía","anho",-2.9993128374418,6.10793561601824,-14.970646664727,8.97202098984342
"787","ran_vals","distrito_nombre2","40206-San José de la Montaña","anho",-1.56558302540107,6.10793561601824,-13.5369168526863,10.4057508018842
"788","ran_vals","distrito_nombre2","40301-Santo Domingo","anho",16.4213576837346,6.10793561601824,4.45002385644937,28.3926915110198
"789","ran_vals","distrito_nombre2","40302-San Vicente","anho",4.2183122804115,6.10793561601824,-7.75302154687373,16.1896461076967
"790","ran_vals","distrito_nombre2","40303-San Miguel","anho",-7.32794253265893,6.10793561601824,-19.2992763599442,4.64339129462629
"791","ran_vals","distrito_nombre2","40304-Paracito","anho",-8.73362398112482,6.10793561601824,-20.70495780841,3.2377098461604
"792","ran_vals","distrito_nombre2","40305-Santo Tomás","anho",-6.91489148728124,6.10793561601824,-18.8862253145665,5.05644234000399
"793","ran_vals","distrito_nombre2","40306-Santa Rosa","anho",-5.11551508265141,6.10793561601824,-17.0868489099366,6.85581874463381
"794","ran_vals","distrito_nombre2","40307-Tures","anho",-0.382336013952213,6.10793561601824,-12.3536698412374,11.588997813333
"795","ran_vals","distrito_nombre2","40308-Pará","anho",-1.37546324607956,6.10793561601824,-13.3467970733648,10.5958705812057
"796","ran_vals","distrito_nombre2","40401-Santa Bárbara","anho",16.0709642943768,6.10793561601824,4.09963046709157,28.042298121662
"797","ran_vals","distrito_nombre2","40402-San Pedro","anho",-5.57936239854847,6.10793561601824,-17.5506962258337,6.39197142873675
"798","ran_vals","distrito_nombre2","40403-San Juan","anho",-1.65681454085547,6.10793561601824,-13.6281483681407,10.3145192864297
"799","ran_vals","distrito_nombre2","40404-Jesús","anho",-3.30966798832807,6.10793561601824,-15.2810018156133,8.66166583895716
"800","ran_vals","distrito_nombre2","40405-Santo Domingo","anho",-4.91057561040652,6.10793561601824,-16.8819094376917,7.06075821687871
"801","ran_vals","distrito_nombre2","40406-Purabá","anho",-3.3845592258822,6.10793561601824,-15.3558930531674,8.58677460140303
"802","ran_vals","distrito_nombre2","40501-San Rafael","anho",6.08087416325791,6.10793561601824,-5.89045966402731,18.0522079905431
"803","ran_vals","distrito_nombre2","40502-San Josecito","anho",-1.43808610704017,6.10793561601824,-13.4094199343254,10.5332477202451
"804","ran_vals","distrito_nombre2","40503-Santiago","anho",-0.816193625294663,6.10793561601824,-12.7875274525799,11.1551402019906
"805","ran_vals","distrito_nombre2","40504-Ángeles","anho",-2.6977873864547,6.10793561601824,-14.6691212137399,9.27354644083053
"806","ran_vals","distrito_nombre2","40505-Concepción","anho",-4.87944070801063,6.10793561601824,-16.8507745352959,7.09189311927459
"807","ran_vals","distrito_nombre2","40601-San Isidro","anho",6.97642057720268,6.10793561601824,-4.99491325008255,18.9477544044879
"808","ran_vals","distrito_nombre2","40602-San José","anho",-4.96335613608303,6.10793561601824,-16.9346899633683,7.00797769120219
"809","ran_vals","distrito_nombre2","40603-Concepción","anho",5.50956645539161,6.10793561601824,-6.46176737189361,17.4809002826768
"810","ran_vals","distrito_nombre2","40604-San Francisco","anho",-0.970237690251349,6.10793561601824,-12.9415715175366,11.0010961370339
"811","ran_vals","distrito_nombre2","40701-San Antonio","anho",-1.49850083785953,6.10793561601824,-13.4698346651447,10.4728329894257
"812","ran_vals","distrito_nombre2","40702-La Ribera","anho",3.9326924301218,6.10793561601824,-8.03864139716342,15.904026257407
"813","ran_vals","distrito_nombre2","40703-La Asunción","anho",1.58470781850451,6.10793561601824,-10.3866260087807,13.5560416457897
"814","ran_vals","distrito_nombre2","40801-San Joaquín","anho",-1.89177289339781,6.10793561601824,-13.863106720683,10.0795609338874
"815","ran_vals","distrito_nombre2","40802-Barrantes","anho",12.1761193213794,6.10793561601824,0.204785494094219,24.1474531486647
"816","ran_vals","distrito_nombre2","40803-Llorente","anho",-4.86510222852328,6.10793561601824,-16.8364360558085,7.10623159876194
"817","ran_vals","distrito_nombre2","40901-San Pablo","anho",0.698753735830899,6.10793561601824,-11.2725800914543,12.6700875631161
"818","ran_vals","distrito_nombre2","40902-Rincón de Sabanilla","anho",0.302447901797648,6.10793561601824,-11.6688859254876,12.2737817290829
"819","ran_vals","distrito_nombre2","41001-Puerto Viejo","anho",-4.8402407881323,6.10793561601824,-16.8115746154175,7.13109303915293
"820","ran_vals","distrito_nombre2","41002-La Virgen","anho",-0.800382326091195,6.10793561601824,-12.7717161533764,11.170951501194
"821","ran_vals","distrito_nombre2","41003-Las Horquetas","anho",-1.93845130112757,6.10793561601824,-13.9097851284128,10.0328825261576
"822","ran_vals","distrito_nombre2","41004-Llanuras del Gaspar","anho",-8.65165444938333,6.10793561601824,-20.6229882766686,3.31967937790189
"823","ran_vals","distrito_nombre2","41005-Cureña","anho",-3.84973359682011,6.10793561601824,-15.8210674241053,8.12160023046512
"824","ran_vals","distrito_nombre2","50101-Liberia","anho",-0.365204170763804,6.10793561601824,-12.336537998049,11.6061296565214
"825","ran_vals","distrito_nombre2","50102-Cañas Dulces","anho",-1.54586680842635,6.10793561601824,-13.5172006357116,10.4254670188589
"826","ran_vals","distrito_nombre2","50103-Mayorga","anho",1.66875875355621,6.10793561601824,-10.302575073729,13.6400925808414
"827","ran_vals","distrito_nombre2","50104-Nacascolo","anho",-0.0504528032141503,6.10793561601824,-12.0217866304994,11.9208810240711
"828","ran_vals","distrito_nombre2","50105-Curubandé","anho",-4.69146327545746,6.10793561601824,-16.6627971027427,7.27987055182777
"829","ran_vals","distrito_nombre2","50201-Nicoya","anho",4.33736915562829,6.10793561601824,-7.63396467165694,16.3087029829135
"830","ran_vals","distrito_nombre2","50202-Mansión","anho",-3.08606131343415,6.10793561601824,-15.0573951407194,8.88527251385107
"831","ran_vals","distrito_nombre2","50203-San Antonio","anho",3.24377086086422,6.10793561601824,-8.727562966421,15.2151046881494
"832","ran_vals","distrito_nombre2","50204-Quebrada Honda","anho",0.447149499398758,6.10793561601824,-11.5241843278865,12.418483326684
"833","ran_vals","distrito_nombre2","50205-Sámara","anho",-2.05901090126585,6.10793561601824,-14.0303447285511,9.91232292601937
"834","ran_vals","distrito_nombre2","50206-Nosara","anho",-0.575350465122355,6.10793561601824,-12.5466842924076,11.3959833621629
"835","ran_vals","distrito_nombre2","50207-Belén de Nosarita","anho",-0.903201199965382,6.10793561601824,-12.8745350272506,11.0681326273198
"836","ran_vals","distrito_nombre2","50301-Santa Cruz","anho",1.21528942586757,6.10793561601824,-10.7560444014176,13.1866232531528
"837","ran_vals","distrito_nombre2","50302-Bolsón","anho",-0.795285935703759,6.10793561601824,-12.766619762989,11.1760478915815
"838","ran_vals","distrito_nombre2","50303-Veintisiete de Abril","anho",-1.34585567737618,6.10793561601824,-13.3171895046614,10.625478149909
"839","ran_vals","distrito_nombre2","50304-Tempate","anho",4.27848583445153,6.10793561601824,-7.69284799283369,16.2498196617368
"840","ran_vals","distrito_nombre2","50305-Cartagena","anho",-2.5249523929965,6.10793561601824,-14.4962862202817,9.44638143428872
"841","ran_vals","distrito_nombre2","50306-Cuajiniquil","anho",2.05206465235244,6.10793561601824,-9.91926917493278,14.0233984796377
"842","ran_vals","distrito_nombre2","50307-Diriá","anho",5.99435489082052,6.10793561601824,-5.97697893646471,17.9656887181057
"843","ran_vals","distrito_nombre2","50308-Cabo Velas","anho",4.09462256744217,6.10793561601824,-7.87671125984305,16.0659563947274
"844","ran_vals","distrito_nombre2","50309-Tamarindo","anho",2.19129959182569,6.10793561601824,-9.78003423545954,14.1626334191109
"845","ran_vals","distrito_nombre2","50401-Bagaces","anho",1.42099822563983,6.10793561601824,-10.5503356016454,13.3923320529251
"846","ran_vals","distrito_nombre2","50402-La Fortuna","anho",5.29661382636522,6.10793561601824,-6.67472000092001,17.2679476536504
"847","ran_vals","distrito_nombre2","50403-Mogote","anho",-5.0008566586397,6.10793561601824,-16.9721904859249,6.97047716864552
"848","ran_vals","distrito_nombre2","50404-Río Naranjo","anho",-7.93697441550644,6.10793561601824,-19.9083082427917,4.03435941177878
"849","ran_vals","distrito_nombre2","50501-Filadelfia","anho",2.53713239433201,6.10793561601824,-9.43420143295321,14.5084662216172
"850","ran_vals","distrito_nombre2","50502-Palmira","anho",-3.8633610824385,6.10793561601824,-15.8346949097237,8.10797274484672
"851","ran_vals","distrito_nombre2","50503-Sardinal","anho",0.0140265509076519,6.10793561601824,-11.9573072763776,11.9853603781929
"852","ran_vals","distrito_nombre2","50504-Belén","anho",-0.827018866811028,6.10793561601824,-12.7983526940963,11.1443149604742
"853","ran_vals","distrito_nombre2","50601-Cañas","anho",0.896205741868274,6.10793561601824,-11.0751280854169,12.8675395691535
"854","ran_vals","distrito_nombre2","50602-Palmira","anho",-4.73278957884766,6.10793561601824,-16.7041234061329,7.23854424843757
"855","ran_vals","distrito_nombre2","50603-San Miguel","anho",0.848685682697474,6.10793561601824,-11.1226481445877,12.8200195099827
"856","ran_vals","distrito_nombre2","50604-Bebedero","anho",6.72600375801514,6.10793561601824,-5.24533006927008,18.6973375853004
"857","ran_vals","distrito_nombre2","50605-Porozal","anho",23.2560457420265,6.10793561601824,11.2847119147413,35.2273795693118
"858","ran_vals","distrito_nombre2","50701-Las Juntas","anho",0.886248126666972,6.10793561601824,-11.0850857006183,12.8575819539522
"859","ran_vals","distrito_nombre2","50702-Sierra","anho",-0.698229436992376,6.10793561601824,-12.6695632642776,11.2731043902928
"860","ran_vals","distrito_nombre2","50703-San Juan","anho",3.30368667692384,6.10793561601824,-8.66764715036138,15.2750205042091
"861","ran_vals","distrito_nombre2","50704-Colorado","anho",-0.820215458949479,6.10793561601824,-12.7915492862347,11.1511183683357
"862","ran_vals","distrito_nombre2","50801-Tilarán","anho",2.03029682888169,6.10793561601824,-9.94103699840353,14.0016306561669
"863","ran_vals","distrito_nombre2","50802-Quebrada Grande","anho",-11.1104822442445,6.10793561601824,-23.0818160715298,0.860851583040695
"864","ran_vals","distrito_nombre2","50803-Tronadora","anho",-3.21211200887891,6.10793561601824,-15.1834458361641,8.75922181840632
"865","ran_vals","distrito_nombre2","50804-Santa Rosa","anho",4.39977455396198,6.10793561601824,-7.57155927332324,16.3711083812472
"866","ran_vals","distrito_nombre2","50805-Líbano","anho",2.48888931053349,6.10793561601824,-9.48244451675173,14.4602231378187
"867","ran_vals","distrito_nombre2","50806-Tierras Morenas","anho",-1.59289254165529,6.10793561601824,-13.5642263689405,10.3784412856299
"868","ran_vals","distrito_nombre2","50807-Arenal","anho",4.3718121049013,6.10793561601824,-7.59952172238392,16.3431459321865
"869","ran_vals","distrito_nombre2","50901-Carmona","anho",5.80643686877369,6.10793561601824,-6.16489695851153,17.7777706960589
"870","ran_vals","distrito_nombre2","50902-Santa Rita","anho",-6.72146902937977,6.10793561601824,-18.692802856665,5.24986479790545
"871","ran_vals","distrito_nombre2","50903-Zapotal","anho",11.7053052368495,6.10793561601824,-0.266028590435686,23.6766390641348
"872","ran_vals","distrito_nombre2","50904-San Pablo","anho",-0.982412377934972,6.10793561601824,-12.9537462052202,10.9889214493503
"873","ran_vals","distrito_nombre2","50905-Porvenir","anho",3.56036139931482,6.10793561601824,-8.41097242797041,15.5316952266
"874","ran_vals","distrito_nombre2","50906-Bejuco","anho",-3.8556076125193,6.10793561601824,-15.8269414398045,8.11572621476593
"875","ran_vals","distrito_nombre2","51001-La Cruz","anho",-0.618861921106233,6.10793561601824,-12.5901957483915,11.352471906179
"876","ran_vals","distrito_nombre2","51002-Santa Cecilia","anho",-5.20711702714587,6.10793561601824,-17.1784508544311,6.76421680013936
"877","ran_vals","distrito_nombre2","51003-La Garita","anho",-5.20139676201693,6.10793561601824,-17.1727305893022,6.76993706526829
"878","ran_vals","distrito_nombre2","51004-Santa Elena","anho",-0.560339395908312,6.10793561601824,-12.5316732231935,11.4109944313769
"879","ran_vals","distrito_nombre2","51101-Hojancha","anho",11.8601705488015,6.10793561601824,-0.11116327848368,23.8315043760868
"880","ran_vals","distrito_nombre2","51102-Monte Romo","anho",-5.77551338584587,6.10793561601824,-17.7468472131311,6.19582044143935
"881","ran_vals","distrito_nombre2","51103-Puerto Carrillo","anho",8.31104316176976,6.10793561601824,-3.66029066551547,20.282376989055
"882","ran_vals","distrito_nombre2","51104-Huacas","anho",-4.42033303397757,6.10793561601824,-16.3916668612628,7.55100079330766
"883","ran_vals","distrito_nombre2","51105-Matambú","anho",-6.4462991370904,6.70363775689193,-19.5851877060015,6.69258943182065
"884","ran_vals","distrito_nombre2","60101-Puntarenas","anho",1.73025865737964,6.10793561601824,-10.2410751699056,13.7015924846649
"885","ran_vals","distrito_nombre2","60102-Pitahaya","anho",-6.38139088424202,6.10793561601824,-18.3527247115272,5.5899429430432
"886","ran_vals","distrito_nombre2","60103-Chomes","anho",-2.5882006932002,6.10793561601824,-14.5595345204854,9.38313313408502
"887","ran_vals","distrito_nombre2","60104-Lepanto","anho",0.231840040528577,6.10793561601824,-11.7394937867566,12.2031738678138
"888","ran_vals","distrito_nombre2","60105-Paquera","anho",3.96918207104105,6.10793561601824,-8.00215175624417,15.9405158983263
"889","ran_vals","distrito_nombre2","60106-Manzanillo","anho",-1.47746315707601,6.10793561601824,-13.4487969843612,10.4938706702092
"890","ran_vals","distrito_nombre2","60107-Guacimal","anho",-3.21281835427154,6.10793561601824,-15.1841521815568,8.75851547301369
"891","ran_vals","distrito_nombre2","60108-Barranca","anho",-1.78510435116697,6.10793561601824,-13.7564381784522,10.1862294761183
"892","ran_vals","distrito_nombre2","60111-Cóbano","anho",2.00327463938549,6.10793561601824,-9.96805918789974,13.9746084666707
"893","ran_vals","distrito_nombre2","60112-Chacarita","anho",2.57719126043006,6.10793561601824,-9.39414256685517,14.5485250877153
"894","ran_vals","distrito_nombre2","60113-Chira","anho",-9.26160100747921,6.10793561601824,-21.2329348347644,2.70973281980601
"895","ran_vals","distrito_nombre2","60114-Acapulco","anho",-1.04746656704339,6.10793561601824,-13.0188003943286,10.9238672602418
"896","ran_vals","distrito_nombre2","60115-El Roble","anho",-2.84408368849587,6.10793561601824,-14.8154175157811,9.12725013878935
"897","ran_vals","distrito_nombre2","60116-Arancibia","anho",-10.6582262827306,6.10793561601824,-22.6295601100158,1.31310754455462
"898","ran_vals","distrito_nombre2","60201-Espíritu Santo","anho",-3.38820288826073,6.10793561601824,-15.3595367155459,8.5831309390245
"899","ran_vals","distrito_nombre2","60202-San Juan Grande","anho",1.04750037453909,6.10793561601824,-10.9238334527461,13.0188342018243
"900","ran_vals","distrito_nombre2","60203-Macacona","anho",2.47864725788027,6.10793561601824,-9.49268656940496,14.4499810851655
"901","ran_vals","distrito_nombre2","60204-San Rafael","anho",-1.28683016127435,6.10793561601824,-13.2581639885596,10.6845036660109
"902","ran_vals","distrito_nombre2","60205-San Jerónimo","anho",-0.315720965535026,6.10793561601824,-12.2870547928202,11.6556128617502
"903","ran_vals","distrito_nombre2","60206-Caldera","anho",2.19483634408259,6.53289134169917,-10.6093954005613,14.9990680887265
"904","ran_vals","distrito_nombre2","60301-Buenos Aires","anho",-2.81140417857827,6.10793561601824,-14.7827380058635,9.15992964870695
"905","ran_vals","distrito_nombre2","60302-Volcán","anho",9.4805931893321,6.10793561601824,-2.49074063795313,21.4519270166173
"906","ran_vals","distrito_nombre2","60303-Potrero Grande","anho",3.19203964321517,6.10793561601824,-8.77929418407005,15.1633734705004
"907","ran_vals","distrito_nombre2","60304-Boruca","anho",-3.10294171001263,6.10793561601824,-15.0742755372979,8.86839211727259
"908","ran_vals","distrito_nombre2","60305-Pilas","anho",-7.74944483642098,6.10793561601824,-19.7207786637062,4.22188899086425
"909","ran_vals","distrito_nombre2","60306-Colinas","anho",-5.82890768238837,6.10793561601824,-17.8002415096736,6.14242614489685
"910","ran_vals","distrito_nombre2","60307-Chánguena","anho",-9.07411054347999,6.10793561601824,-21.0454443707652,2.89722328380524
"911","ran_vals","distrito_nombre2","60308-Biolley","anho",-9.56865540223076,6.10793561601824,-21.539989229516,2.40267842505446
"912","ran_vals","distrito_nombre2","60309-Brunka","anho",17.0720093752171,6.10793561601824,5.10067554793185,29.0433432025023
"913","ran_vals","distrito_nombre2","60401-Miramar","anho",10.9477471429244,6.10793561601824,-1.02358668436084,22.9190809702096
"914","ran_vals","distrito_nombre2","60402-La Unión","anho",7.52768227136644,6.10793561601824,-4.44365155591879,19.4990160986517
"915","ran_vals","distrito_nombre2","60403-San Isidro","anho",7.1306303205188,6.10793561601824,-4.84070350676642,19.101964147804
"916","ran_vals","distrito_nombre2","60501-Puerto Cortés","anho",-2.98159454178398,6.10793561601824,-14.9529283690692,8.98973928550125
"917","ran_vals","distrito_nombre2","60502-Palmar","anho",6.98249003641528,6.10793561601824,-4.98884379086994,18.9538238637005
"918","ran_vals","distrito_nombre2","60503-Sierpe","anho",-0.685905767852755,6.10793561601824,-12.657239595138,11.2854280594325
"919","ran_vals","distrito_nombre2","60504-Bahía Ballena","anho",8.76110562948062,6.10793561601824,-3.2102281978046,20.7324394567658
"920","ran_vals","distrito_nombre2","60505-Piedras Blancas","anho",-0.774608775717108,6.10793561601824,-12.7459426030023,11.1967250515681
"921","ran_vals","distrito_nombre2","60506-Bahía Drake","anho",-3.42857418662318,6.10793561601824,-15.3999080139084,8.54275964066204
"922","ran_vals","distrito_nombre2","60601-Quepos","anho",-0.679453526477508,6.10793561601824,-12.6507873537627,11.2918803008077
"923","ran_vals","distrito_nombre2","60602-Savegre","anho",2.39216811013133,6.10793561601824,-9.57916571715389,14.3635019374166
"924","ran_vals","distrito_nombre2","60603-Naranjito","anho",8.77430254395528,6.10793561601824,-3.19703128332995,20.7456363712405
"925","ran_vals","distrito_nombre2","60701-Golfito","anho",0.626876362046479,6.10793561601824,-11.3444574652387,12.5982101893317
"926","ran_vals","distrito_nombre2","60703-Guaycará","anho",-0.473406896279483,6.10793561601824,-12.4447407235647,11.4979269310057
"927","ran_vals","distrito_nombre2","60704-Pavón","anho",-5.12868385882036,6.10793561601824,-17.1000176861056,6.84264996846486
"928","ran_vals","distrito_nombre2","60801-San Vito","anho",1.91678999937304,6.10793561601824,-10.0545438279122,13.8881238266583
"929","ran_vals","distrito_nombre2","60802-Sabalito","anho",-0.620874695153896,6.10793561601824,-12.5922085224391,11.3504591321313
"930","ran_vals","distrito_nombre2","60803-Aguabuena","anho",-0.489584734478917,6.10793561601824,-12.4609185617641,11.4817490928063
"931","ran_vals","distrito_nombre2","60804-Limoncito","anho",-1.16090499343608,6.10793561601824,-13.1322388207213,10.8104288338491
"932","ran_vals","distrito_nombre2","60805-Pittier","anho",-4.82013833518236,6.10793561601824,-16.7914721624676,7.15119549210286
"933","ran_vals","distrito_nombre2","60806-Gutiérrez Braun","anho",11.8856721950716,6.53289134169917,-0.918559549572295,24.6899039397156
"934","ran_vals","distrito_nombre2","60901-Parrita","anho",0.771328033966274,6.10793561601824,-11.2000057933189,12.7426618612515
"935","ran_vals","distrito_nombre2","61001-Corredor","anho",2.40996314193445,6.10793561601824,-9.56137068535077,14.3812969692197
"936","ran_vals","distrito_nombre2","61002-La Cuesta","anho",-4.04956530976562,6.10793561601824,-16.0208991370508,7.92176851751961
"937","ran_vals","distrito_nombre2","61003-Canoas","anho",-3.63003791236277,6.10793561601824,-15.601371739648,8.34129591492245
"938","ran_vals","distrito_nombre2","61004-Laurel","anho",-1.4779297507605,6.10793561601824,-13.4492635780457,10.4934040765247
"939","ran_vals","distrito_nombre2","61101-Jacó","anho",-0.565637400178475,6.10793561601824,-12.5369712274637,11.4056964271067
"940","ran_vals","distrito_nombre2","61102-Tárcoles","anho",4.47450506824551,6.10793561601824,-7.49682875903972,16.4458388955307
"941","ran_vals","distrito_nombre2","61201-Monteverde","anho",0.560504674507636,6.10793561601824,-11.4108291527776,12.5318385017929
"942","ran_vals","distrito_nombre2","61301-Puerto Jiménez","anho",-0.923022895041484,6.10793561601824,-12.8943567223267,11.0483109322437
"943","ran_vals","distrito_nombre2","70101-Limón","anho",7.43748593383769,6.10793561601824,-4.53384789344753,19.4088197611229
"944","ran_vals","distrito_nombre2","70102-Valle La Estrella","anho",-0.668560394250118,6.10793561601824,-12.6398942215353,11.3027734330351
"945","ran_vals","distrito_nombre2","70103-Río Blanco","anho",-1.84581686405625,6.10793561601824,-13.8171506913415,10.125516963229
"946","ran_vals","distrito_nombre2","70104-Matama","anho",4.66908761599036,6.10793561601824,-7.30224621129486,16.6404214432756
"947","ran_vals","distrito_nombre2","70201-Guápiles","anho",-1.89644680185706,6.10793561601824,-13.8677806291423,10.0748870254282
"948","ran_vals","distrito_nombre2","70202-Jiménez","anho",-0.956765127222234,6.10793561601824,-12.9280989545075,11.014568700063
"949","ran_vals","distrito_nombre2","70203-Rita","anho",1.66105276013928,6.10793561601824,-10.3102810671459,13.6323865874245
"950","ran_vals","distrito_nombre2","70204-Roxana","anho",-1.04155550641674,6.10793561601824,-13.012889333702,10.9297783208685
"951","ran_vals","distrito_nombre2","70205-Cariari","anho",1.89803095191041,6.10793561601824,-10.0733028753748,13.8693647791956
"952","ran_vals","distrito_nombre2","70206-Colorado","anho",-7.06392754353863,6.10793561601824,-19.0352613708239,4.9074062837466
"953","ran_vals","distrito_nombre2","70207-La Colonia","anho",6.87089789004385,6.10793561601824,-5.10043593724138,18.8422317173291
"954","ran_vals","distrito_nombre2","70301-Siquirres","anho",5.88279825161772,6.10793561601824,-6.0885355756675,17.8541320789029
"955","ran_vals","distrito_nombre2","70302-Pacuarito","anho",-3.46383568314001,6.10793561601824,-15.4351695104252,8.50749814414521
"956","ran_vals","distrito_nombre2","70303-Florida","anho",-0.518541569719282,6.10793561601824,-12.4898753970045,11.4527922575659
"957","ran_vals","distrito_nombre2","70304-Germania","anho",-4.96172734369603,6.10793561601824,-16.9330611709813,7.00960648358919
"958","ran_vals","distrito_nombre2","70305-El Cairo","anho",-0.530529182842353,6.10793561601824,-12.5018630101276,11.4408046444429
"959","ran_vals","distrito_nombre2","70306-Alegría","anho",-2.2796996055954,6.10793561601824,-14.2510334328806,9.69163422168983
"960","ran_vals","distrito_nombre2","70307-Reventazón","anho",-3.69435565428861,6.74358776223632,-16.9115447948568,9.52283348627963
"961","ran_vals","distrito_nombre2","70401-Bratsi","anho",3.6404788935026,6.10793561601824,-8.33085493378262,15.6118127207878
"962","ran_vals","distrito_nombre2","70402-Sixaola","anho",-2.98299195964998,6.10793561601824,-14.9543257869352,8.98834186763524
"963","ran_vals","distrito_nombre2","70403-Cahuita","anho",-1.26603784031149,6.10793561601824,-13.2373716675967,10.7052959869737
"964","ran_vals","distrito_nombre2","70404-Telire","anho",0.0357701150741837,6.10793561601824,-11.935563712211,12.0071039423594
"965","ran_vals","distrito_nombre2","70501-Matina","anho",-0.679021612954934,6.10793561601824,-12.6503554402402,11.2923122143303
"966","ran_vals","distrito_nombre2","70502-Batán","anho",0.366833407226784,6.10793561601824,-11.6045004200584,12.338167234512
"967","ran_vals","distrito_nombre2","70503-Carrandí","anho",-1.91913499360562,6.10793561601824,-13.8904688208908,10.0521988336796
"968","ran_vals","distrito_nombre2","70601-Guácimo","anho",-1.61012782737114,6.10793561601824,-13.5814616546564,10.3612059999141
"969","ran_vals","distrito_nombre2","70602-Mercedes","anho",-5.87497037847997,6.10793561601824,-17.8463042057652,6.09636344880525
"970","ran_vals","distrito_nombre2","70603-Pocora","anho",1.41298625417183,6.10793561601824,-10.5583475731134,13.3843200814571
"971","ran_vals","distrito_nombre2","70604-Río Jiménez","anho",-3.15401198176865,6.10793561601824,-15.1253458090539,8.81732184551657
"972","ran_vals","distrito_nombre2","70605-Duacarí","anho",0.926509343832619,6.10793561601824,-11.0448244834526,12.8978431711178
