cod_canton,cod_distrito,anho,defunciones_hombres,defunciones_mujeres,defunciones_total
101,10101,2013,46,34,80
101,10102,2013,49,44,93
101,10103,2013,82,77,159
101,10104,2013,82,73,155
101,10105,2013,63,60,123
101,10106,2013,61,69,130
101,10107,2013,77,56,133
101,10108,2013,26,30,56
101,10109,2013,179,169,348
101,10110,2013,167,157,324
101,10111,2013,112,120,232
102,10201,2013,44,41,85
102,10202,2013,51,39,90
102,10203,2013,73,60,133
103,10301,2013,146,117,263
103,10302,2013,83,71,154
103,10303,2013,40,26,66
103,10304,2013,51,35,86
103,10305,2013,33,20,53
103,10306,2013,14,8,22
103,10307,2013,38,21,59
103,10308,2013,6,6,12
103,10309,2013,6,4,10
103,10310,2013,31,16,47
103,10311,2013,52,28,80
103,10312,2013,30,45,75
103,10313,2013,43,32,75
104,10401,2013,46,20,66
104,10402,2013,18,12,30
104,10403,2013,11,9,20
104,10404,2013,3,3,6
104,10405,2013,4,4,8
104,10406,2013,3,6,9
104,10407,2013,2,0,2
104,10408,2013,9,8,17
104,10409,2013,5,7,12
105,10501,2013,25,15,40
105,10502,2013,7,4,11
105,10503,2013,2,1,3
106,10601,2013,75,63,138
106,10602,2013,5,4,9
106,10603,2013,15,9,24
106,10604,2013,9,12,21
106,10605,2013,1,3,4
106,10606,2013,3,1,4
106,10607,2013,15,17,32
107,10701,2013,28,43,71
107,10702,2013,4,16,20
107,10703,2013,10,12,22
107,10704,2013,0,1,1
107,10705,2013,0,1,1
107,10706,2013,4,1,5
108,10801,2013,100,112,212
108,10802,2013,7,5,12
108,10803,2013,35,40,75
108,10804,2013,42,24,66
108,10805,2013,77,59,136
108,10806,2013,6,2,8
108,10807,2013,57,32,89
109,10901,2013,32,28,60
109,10902,2013,6,7,13
109,10903,2013,27,21,48
109,10904,2013,30,17,47
109,10905,2013,17,17,34
109,10906,2013,5,5,10
110,11001,2013,45,26,71
110,11002,2013,23,29,52
110,11003,2013,7,4,11
110,11004,2013,54,30,84
110,11005,2013,47,59,106
111,11101,2013,55,31,86
111,11102,2013,29,19,48
111,11103,2013,26,23,49
111,11104,2013,39,27,66
111,11105,2013,14,2,16
112,11201,2013,37,15,52
112,11202,2013,8,7,15
112,11203,2013,7,3,10
112,11204,2013,7,2,9
112,11205,2013,3,4,7
113,11301,2013,78,76,154
113,11302,2013,34,26,60
113,11303,2013,24,44,68
113,11304,2013,56,34,90
113,11305,2013,27,19,46
114,11401,2013,87,95,182
114,11402,2013,10,7,17
114,11403,2013,48,25,73
115,11501,2013,84,90,174
115,11502,2013,36,40,76
115,11503,2013,7,8,15
115,11504,2013,13,18,31
116,11601,2013,4,7,11
116,11602,2013,0,1,1
116,11603,2013,4,1,5
116,11604,2013,0,0,0
116,11605,2013,1,1,2
117,11701,2013,17,20,37
117,11702,2013,0,1,1
117,11703,2013,3,4,7
118,11801,2013,65,71,136
118,11802,2013,24,18,42
118,11803,2013,9,12,21
118,11804,2013,31,35,66
119,11901,2013,122,96,218
119,11902,2013,22,14,36
119,11903,2013,83,52,135
119,11904,2013,19,12,31
119,11905,2013,16,16,32
119,11906,2013,16,8,24
119,11907,2013,22,12,34
119,11908,2013,18,12,30
119,11909,2013,5,5,10
119,11910,2013,9,6,15
119,11911,2013,10,15,25
120,12001,2013,6,10,16
120,12002,2013,3,1,4
120,12003,2013,4,3,7
120,12004,2013,3,2,5
120,12005,2013,5,4,9
120,12006,2013,0,2,2
201,20101,2013,185,148,333
201,20102,2013,92,83,175
201,20103,2013,13,15,28
201,20104,2013,56,38,94
201,20105,2013,49,36,85
201,20106,2013,20,26,46
201,20107,2013,18,10,28
201,20108,2013,50,23,73
201,20109,2013,28,29,57
201,20110,2013,56,58,114
201,20111,2013,25,28,53
201,20112,2013,31,23,54
201,20113,2013,11,18,29
201,20114,2013,1,3,4
202,20201,2013,41,34,75
202,20202,2013,9,3,12
202,20203,2013,34,30,64
202,20204,2013,13,10,23
202,20205,2013,7,10,17
202,20206,2013,17,12,29
202,20207,2013,3,8,11
202,20208,2013,14,6,20
202,20209,2013,8,3,11
202,20210,2013,6,6,12
202,20211,2013,11,4,15
202,20212,2013,0,0,0
202,20213,2013,21,13,34
203,20301,2013,57,50,107
203,20302,2013,20,12,32
203,20303,2013,20,19,39
203,20304,2013,31,23,54
203,20305,2013,19,22,41
203,20306,2013,18,17,35
203,20307,2013,20,9,29
203,20308,2013,12,8,20
204,20401,2013,8,7,15
204,20402,2013,1,1,2
204,20403,2013,10,3,13
204,20404,2013,2,0,2
205,20501,2013,34,26,60
205,20502,2013,5,10,15
205,20503,2013,11,2,13
205,20504,2013,5,7,12
205,20505,2013,6,8,14
205,20506,2013,7,8,15
205,20507,2013,9,4,13
205,20508,2013,0,1,1
206,20601,2013,58,40,98
206,20602,2013,4,6,10
206,20603,2013,7,10,17
206,20604,2013,13,5,18
206,20605,2013,4,6,10
206,20606,2013,8,5,13
206,20607,2013,6,5,11
206,20608,2013,13,12,25
207,20701,2013,18,19,37
207,20702,2013,23,23,46
207,20703,2013,15,20,35
207,20704,2013,7,4,11
207,20705,2013,4,1,5
207,20706,2013,15,9,24
207,20707,2013,14,10,24
208,20801,2013,20,25,45
208,20802,2013,6,9,15
208,20803,2013,7,9,16
208,20804,2013,15,18,33
208,20805,2013,4,3,7
209,20901,2013,29,28,57
209,20902,2013,8,3,11
209,20903,2013,5,1,6
209,20904,2013,8,12,20
209,20905,2013,6,5,11
210,21001,2013,123,69,192
210,21002,2013,20,19,39
210,21003,2013,0,1,1
210,21004,2013,42,26,68
210,21005,2013,16,17,33
210,21006,2013,36,17,53
210,21007,2013,22,15,37
210,21008,2013,18,6,24
210,21009,2013,12,5,17
210,21010,2013,1,2,3
210,21011,2013,13,7,20
210,21012,2013,6,4,10
210,21013,2013,26,15,41
211,21101,2013,19,15,34
211,21102,2013,2,5,7
211,21103,2013,4,2,6
211,21104,2013,0,1,1
211,21105,2013,3,1,4
211,21106,2013,0,3,3
211,21107,2013,2,0,2
212,21201,2013,19,19,38
212,21202,2013,4,8,12
212,21203,2013,0,0,0
212,21204,2013,6,3,9
212,21205,2013,2,1,3
213,21301,2013,32,14,46
213,21302,2013,4,5,9
213,21303,2013,17,8,25
213,21304,2013,14,7,21
213,21305,2013,11,6,17
213,21306,2013,5,6,11
213,21307,2013,4,2,6
213,21308,2013,5,7,12
214,21401,2013,29,13,42
214,21402,2013,4,2,6
214,21403,2013,16,8,24
214,21404,2013,5,2,7
215,21501,2013,18,18,36
215,21502,2013,6,4,10
215,21503,2013,0,0,0
215,21504,2013,3,7,10
301,30101,2013,68,69,137
301,30102,2013,40,30,70
301,30103,2013,51,51,102
301,30104,2013,57,55,112
301,30105,2013,36,25,61
301,30106,2013,24,27,51
301,30107,2013,21,23,44
301,30108,2013,10,12,22
301,30109,2013,11,15,26
301,30110,2013,6,3,9
301,30111,2013,18,8,26
302,30201,2013,58,51,109
302,30202,2013,12,9,21
302,30203,2013,18,12,30
302,30204,2013,11,9,20
302,30205,2013,24,16,40
303,30301,2013,44,45,89
303,30302,2013,45,35,80
303,30303,2013,15,11,26
303,30304,2013,15,29,44
303,30305,2013,37,23,60
303,30306,2013,21,10,31
303,30307,2013,11,9,20
303,30308,2013,26,14,40
304,30401,2013,14,14,28
304,30402,2013,11,8,19
304,30403,2013,7,1,8
305,30501,2013,87,88,175
305,30502,2013,19,16,35
305,30503,2013,0,1,1
305,30504,2013,8,11,19
305,30505,2013,12,4,16
305,30506,2013,16,10,26
305,30507,2013,5,7,12
305,30508,2013,7,6,13
305,30509,2013,11,11,22
305,30510,2013,5,1,6
305,30511,2013,17,9,26
305,30512,2013,8,6,14
306,30601,2013,16,15,31
306,30602,2013,12,4,16
306,30603,2013,5,4,9
307,30701,2013,79,50,129
307,30702,2013,11,21,32
307,30703,2013,5,2,7
307,30704,2013,7,10,17
307,30705,2013,7,3,10
308,30801,2013,56,42,98
308,30802,2013,12,8,20
308,30803,2013,13,10,23
308,30804,2013,0,0,0
401,40101,2013,86,88,174
401,40102,2013,76,54,130
401,40103,2013,90,82,172
401,40104,2013,36,42,78
401,40105,2013,1,2,3
402,40201,2013,19,13,32
402,40202,2013,17,13,30
402,40203,2013,15,7,22
402,40204,2013,11,7,18
402,40205,2013,16,9,25
402,40206,2013,14,11,25
403,40301,2013,34,33,67
403,40302,2013,10,11,21
403,40303,2013,20,13,33
403,40304,2013,6,11,17
403,40305,2013,13,20,33
403,40306,2013,23,12,35
403,40307,2013,4,11,15
403,40308,2013,13,6,19
404,40401,2013,14,16,30
404,40402,2013,10,7,17
404,40403,2013,19,17,36
404,40404,2013,18,14,32
404,40405,2013,10,10,20
404,40406,2013,7,6,13
405,40501,2013,20,26,46
405,40502,2013,29,22,51
405,40503,2013,12,14,26
405,40504,2013,24,9,33
405,40505,2013,14,7,21
406,40601,2013,27,21,48
406,40602,2013,19,13,32
406,40603,2013,14,0,14
406,40604,2013,4,5,9
407,40701,2013,32,15,47
407,40702,2013,18,24,42
407,40703,2013,4,12,16
408,40801,2013,30,23,53
408,40802,2013,9,13,22
408,40803,2013,13,10,23
409,40901,2013,49,50,99
409,40902,2013,3,10,13
410,41001,2013,49,30,79
410,41002,2013,25,15,40
410,41003,2013,51,32,83
410,41004,2013,4,1,5
410,41005,2013,1,0,1
501,50101,2013,130,113,243
501,50102,2013,6,4,10
501,50103,2013,1,2,3
501,50104,2013,6,5,11
501,50105,2013,8,3,11
502,50201,2013,92,55,147
502,50202,2013,22,6,28
502,50203,2013,24,20,44
502,50204,2013,15,5,20
502,50205,2013,10,3,13
502,50206,2013,8,7,15
502,50207,2013,7,5,12
503,50301,2013,72,55,127
503,50302,2013,9,4,13
503,50303,2013,24,16,40
503,50304,2013,13,9,22
503,50305,2013,11,11,22
503,50306,2013,4,3,7
503,50307,2013,11,9,20
503,50308,2013,8,6,14
503,50309,2013,18,13,31
504,50401,2013,35,22,57
504,50402,2013,6,3,9
504,50403,2013,9,3,12
504,50404,2013,6,0,6
505,50501,2013,38,16,54
505,50502,2013,9,10,19
505,50503,2013,38,27,65
505,50504,2013,25,16,41
506,50601,2013,67,49,116
506,50602,2013,1,3,4
506,50603,2013,2,2,4
506,50604,2013,7,4,11
506,50605,2013,1,1,2
507,50701,2013,28,27,55
507,50702,2013,4,4,8
507,50703,2013,4,4,8
507,50704,2013,18,9,27
508,50801,2013,22,20,42
508,50802,2013,5,4,9
508,50803,2013,4,5,9
508,50804,2013,2,4,6
508,50805,2013,3,2,5
508,50806,2013,1,1,2
508,50807,2013,9,0,9
509,50901,2013,10,4,14
509,50902,2013,6,3,9
509,50903,2013,2,1,3
509,50904,2013,6,4,10
509,50905,2013,4,1,5
509,50906,2013,4,2,6
510,51001,2013,29,21,50
510,51002,2013,10,9,19
510,51003,2013,1,3,4
510,51004,2013,1,2,3
511,51101,2013,14,5,19
511,51102,2013,2,1,3
511,51103,2013,0,0,0
511,51104,2013,0,0,0
601,60101,2013,52,37,89
601,60102,2013,8,7,15
601,60103,2013,20,18,38
601,60104,2013,36,21,57
601,60105,2013,18,4,22
601,60106,2013,11,7,18
601,60107,2013,2,0,2
601,60108,2013,82,40,122
612,61201,2013,8,8,16
601,60110,2013,1,0,1
601,60111,2013,20,9,29
601,60112,2013,56,46,102
601,60113,2013,6,0,6
601,60114,2013,1,0,1
601,60115,2013,38,34,72
601,60116,2013,3,0,3
602,60201,2013,41,35,76
602,60202,2013,10,9,19
602,60203,2013,13,9,22
602,60204,2013,4,2,6
602,60205,2013,1,2,3
603,60301,2013,46,25,71
603,60302,2013,6,3,9
603,60303,2013,13,4,17
603,60304,2013,5,6,11
603,60305,2013,3,3,6
603,60306,2013,4,1,5
603,60307,2013,0,3,3
603,60308,2013,5,1,6
603,60309,2013,6,1,7
604,60401,2013,21,19,40
604,60402,2013,2,0,2
604,60403,2013,4,6,10
605,60501,2013,29,14,43
605,60502,2013,35,18,53
605,60503,2013,9,2,11
605,60504,2013,8,4,12
605,60505,2013,13,3,16
605,60506,2013,0,1,1
606,60601,2013,47,28,75
606,60602,2013,15,4,19
606,60603,2013,7,3,10
607,60701,2013,49,28,77
613,61301,2013,19,8,27
607,60703,2013,35,14,49
607,60704,2013,10,11,21
608,60801,2013,44,23,67
608,60802,2013,26,17,43
608,60803,2013,12,16,28
608,60804,2013,8,6,14
608,60805,2013,7,4,11
609,60901,2013,38,22,60
610,61001,2013,62,33,95
610,61002,2013,10,12,22
610,61003,2013,27,23,50
610,61004,2013,21,13,34
611,61101,2013,38,7,45
611,61102,2013,10,12,22
701,70101,2013,214,140,354
701,70102,2013,36,16,52
701,70103,2013,19,10,29
701,70104,2013,18,11,29
702,70201,2013,84,56,140
702,70202,2013,18,11,29
702,70203,2013,49,24,73
702,70204,2013,26,16,42
702,70205,2013,91,55,146
702,70206,2013,5,3,8
702,70207,2013,9,8,17
703,70301,2013,81,47,128
703,70302,2013,12,12,24
703,70303,2013,2,1,3
703,70304,2013,10,3,13
703,70305,2013,16,6,22
703,70306,2013,10,10,20
704,70401,2013,15,11,26
704,70402,2013,23,14,37
704,70403,2013,31,11,42
704,70404,2013,9,7,16
705,70501,2013,17,10,27
705,70502,2013,39,26,65
705,70503,2013,29,15,44
706,70601,2013,63,24,87
706,70602,2013,3,4,7
706,70603,2013,13,7,20
706,70604,2013,31,8,39
706,70605,2013,7,2,9
101,10101,2014,39,27,66
101,10102,2014,52,37,89
101,10103,2014,72,54,126
101,10104,2014,59,53,112
101,10105,2014,76,69,145
101,10106,2014,52,50,102
101,10107,2014,76,72,148
101,10108,2014,32,38,70
101,10109,2014,209,169,378
101,10110,2014,175,159,334
101,10111,2014,127,106,233
102,10201,2014,41,44,85
102,10202,2014,55,44,99
102,10203,2014,77,74,151
103,10301,2014,146,119,265
103,10302,2014,111,71,182
103,10303,2014,51,47,98
103,10304,2014,45,39,84
103,10305,2014,27,25,52
103,10306,2014,9,6,15
103,10307,2014,32,28,60
103,10308,2014,12,11,23
103,10309,2014,10,6,16
103,10310,2014,33,26,59
103,10311,2014,60,52,112
103,10312,2014,40,36,76
103,10313,2014,49,22,71
104,10401,2014,39,30,69
104,10402,2014,10,7,17
104,10403,2014,13,7,20
104,10404,2014,4,2,6
104,10405,2014,4,7,11
104,10406,2014,7,5,12
104,10407,2014,3,0,3
104,10408,2014,14,13,27
104,10409,2014,2,4,6
105,10501,2014,22,18,40
105,10502,2014,7,3,10
105,10503,2014,2,7,9
106,10601,2014,74,61,135
106,10602,2014,8,5,13
106,10603,2014,14,12,26
106,10604,2014,16,5,21
106,10605,2014,3,2,5
106,10606,2014,1,4,5
106,10607,2014,17,8,25
107,10701,2014,42,37,79
107,10702,2014,8,6,14
107,10703,2014,13,13,26
107,10704,2014,3,2,5
107,10705,2014,0,2,2
107,10706,2014,1,2,3
108,10801,2014,113,95,208
108,10802,2014,5,10,15
108,10803,2014,38,49,87
108,10804,2014,33,30,63
108,10805,2014,66,61,127
108,10806,2014,8,6,14
108,10807,2014,58,36,94
109,10901,2014,43,23,66
109,10902,2014,8,9,17
109,10903,2014,27,23,50
109,10904,2014,16,13,29
109,10905,2014,22,11,33
109,10906,2014,4,3,7
110,11001,2014,43,33,76
110,11002,2014,40,21,61
110,11003,2014,5,2,7
110,11004,2014,44,29,73
110,11005,2014,71,45,116
111,11101,2014,64,44,108
111,11102,2014,21,15,36
111,11103,2014,23,14,37
111,11104,2014,38,50,88
111,11105,2014,15,15,30
112,11201,2014,25,24,49
112,11202,2014,10,7,17
112,11203,2014,7,5,12
112,11204,2014,4,3,7
112,11205,2014,4,12,16
113,11301,2014,98,92,190
113,11302,2014,32,34,66
113,11303,2014,34,37,71
113,11304,2014,49,35,84
113,11305,2014,27,34,61
114,11401,2014,94,95,189
114,11402,2014,17,6,23
114,11403,2014,43,27,70
115,11501,2014,86,73,159
115,11502,2014,43,31,74
115,11503,2014,9,11,20
115,11504,2014,19,15,34
116,11601,2014,0,4,4
116,11602,2014,0,1,1
116,11603,2014,2,1,3
116,11604,2014,1,2,3
116,11605,2014,0,3,3
117,11701,2014,19,14,33
117,11702,2014,0,1,0
117,11703,2014,1,1,2
118,11801,2014,76,89,165
118,11802,2014,32,21,53
118,11803,2014,8,9,17
118,11804,2014,35,28,63
119,11901,2014,130,118,248
119,11902,2014,17,17,34
119,11903,2014,81,55,136
119,11904,2014,15,8,23
119,11905,2014,16,11,27
119,11906,2014,27,17,44
119,11907,2014,23,11,34
119,11908,2014,20,16,36
119,11909,2014,4,2,6
119,11910,2014,9,4,13
119,11911,2014,12,10,22
120,12001,2014,16,13,29
120,12002,2014,1,4,5
120,12003,2014,2,8,10
120,12004,2014,7,2,9
120,12005,2014,2,3,5
120,12006,2014,3,2,5
201,20101,2014,165,183,348
201,20102,2014,109,62,171
201,20103,2014,28,9,37
201,20104,2014,54,48,102
201,20105,2014,52,30,82
201,20106,2014,44,24,68
201,20107,2014,17,18,35
201,20108,2014,68,29,97
201,20109,2014,38,27,65
201,20110,2014,70,44,114
201,20111,2014,21,13,34
201,20112,2014,34,19,53
201,20113,2014,22,13,35
201,20114,2014,9,5,14
202,20201,2014,53,36,89
202,20202,2014,12,7,19
202,20203,2014,36,29,65
202,20204,2014,14,19,33
202,20205,2014,8,8,16
202,20206,2014,19,10,29
202,20207,2014,13,3,16
202,20208,2014,12,13,25
202,20209,2014,8,13,21
202,20210,2014,8,6,14
202,20211,2014,5,8,13
202,20212,2014,0,0,0
202,20213,2014,8,10,18
203,20301,2014,58,54,112
203,20302,2014,17,15,32
203,20303,2014,14,10,24
203,20304,2014,44,28,72
203,20305,2014,22,20,42
203,20306,2014,18,14,32
203,20307,2014,23,20,43
203,20308,2014,13,16,29
204,20401,2014,6,8,14
204,20402,2014,2,1,3
204,20403,2014,6,4,10
204,20404,2014,1,1,2
205,20501,2014,26,29,55
205,20502,2014,10,11,21
205,20503,2014,6,5,11
205,20504,2014,2,4,6
205,20505,2014,4,7,11
205,20506,2014,3,2,5
205,20507,2014,2,0,2
205,20508,2014,3,3,6
206,20601,2014,47,43,90
206,20602,2014,12,4,16
206,20603,2014,6,6,12
206,20604,2014,9,13,22
206,20605,2014,7,7,14
206,20606,2014,8,4,12
206,20607,2014,7,6,13
206,20608,2014,8,6,14
207,20701,2014,20,14,34
207,20702,2014,28,21,49
207,20703,2014,15,6,21
207,20704,2014,8,8,16
207,20705,2014,2,6,8
207,20706,2014,8,14,22
207,20707,2014,19,12,31
208,20801,2014,22,17,39
208,20802,2014,8,6,14
208,20803,2014,8,9,17
208,20804,2014,18,12,30
208,20805,2014,14,2,16
209,20901,2014,33,28,61
209,20902,2014,2,4,6
209,20903,2014,7,3,10
209,20904,2014,13,11,24
209,20905,2014,7,8,15
210,21001,2014,111,81,192
210,21002,2014,31,20,51
210,21003,2014,2,1,3
210,21004,2014,39,26,65
210,21005,2014,14,18,32
210,21006,2014,32,27,59
210,21007,2014,31,16,47
210,21008,2014,14,6,20
210,21009,2014,10,9,19
210,21010,2014,1,2,3
210,21011,2014,26,10,36
210,21012,2014,14,0,14
210,21013,2014,22,20,42
211,21101,2014,24,18,42
211,21102,2014,2,2,4
211,21103,2014,5,4,9
211,21104,2014,1,1,2
211,21105,2014,0,1,1
211,21106,2014,1,1,2
211,21107,2014,2,2,4
212,21201,2014,32,16,48
212,21202,2014,6,13,19
212,21203,2014,1,0,1
212,21204,2014,10,7,17
212,21205,2014,6,3,9
213,21301,2014,40,15,55
213,21302,2014,16,15,31
213,21303,2014,28,10,38
213,21304,2014,15,12,27
213,21305,2014,9,9,18
213,21306,2014,9,4,13
213,21307,2014,14,7,21
213,21308,2014,2,3,5
214,21401,2014,37,15,52
214,21402,2014,4,5,9
214,21403,2014,11,3,14
214,21404,2014,6,4,10
215,21501,2014,19,13,32
215,21502,2014,9,5,14
215,21503,2014,2,0,2
215,21504,2014,5,5,10
301,30101,2014,66,70,136
301,30102,2014,23,39,62
301,30103,2014,64,41,105
301,30104,2014,57,55,112
301,30105,2014,48,40,88
301,30106,2014,25,28,53
301,30107,2014,27,22,49
301,30108,2014,12,9,21
301,30109,2014,18,18,36
301,30110,2014,10,9,19
301,30111,2014,11,8,19
302,30201,2014,74,48,122
302,30202,2014,10,14,24
302,30203,2014,26,19,45
302,30204,2014,17,5,22
302,30205,2014,26,13,39
303,30301,2014,38,38,76
303,30302,2014,20,27,47
303,30303,2014,17,12,29
303,30304,2014,22,20,42
303,30305,2014,34,28,62
303,30306,2014,22,12,34
303,30307,2014,13,8,21
303,30308,2014,25,10,35
304,30401,2014,20,18,38
304,30402,2014,13,11,24
304,30403,2014,10,5,15
305,30501,2014,112,62,174
305,30502,2014,19,18,37
305,30503,2014,1,0,1
305,30504,2014,9,11,20
305,30505,2014,14,7,21
305,30506,2014,14,5,19
305,30507,2014,7,3,10
305,30508,2014,6,6,12
305,30509,2014,11,6,17
305,30510,2014,4,1,5
305,30511,2014,16,14,30
305,30512,2014,7,4,11
306,30601,2014,16,13,29
306,30602,2014,13,13,26
306,30603,2014,6,4,10
307,30701,2014,72,54,126
307,30702,2014,18,21,39
307,30703,2014,3,3,6
307,30704,2014,11,8,19
307,30705,2014,6,5,11
308,30801,2014,63,42,105
308,30802,2014,22,16,38
308,30803,2014,10,9,19
308,30804,2014,0,1,1
401,40101,2014,80,83,163
401,40102,2014,64,52,116
401,40103,2014,106,84,190
401,40104,2014,51,37,88
401,40105,2014,0,1,1
402,40201,2014,12,17,29
402,40202,2014,28,25,53
402,40203,2014,14,11,25
402,40204,2014,5,7,12
402,40205,2014,7,11,18
402,40206,2014,16,7,23
403,40301,2014,31,31,62
403,40302,2014,6,16,22
403,40303,2014,10,17,27
403,40304,2014,3,1,4
403,40305,2014,14,19,33
403,40306,2014,18,18,36
403,40307,2014,9,5,14
403,40308,2014,5,7,12
404,40401,2014,17,21,38
404,40402,2014,12,8,20
404,40403,2014,15,19,34
404,40404,2014,17,15,32
404,40405,2014,5,6,11
404,40406,2014,7,6,13
405,40501,2014,27,31,58
405,40502,2014,16,25,41
405,40503,2014,21,11,32
405,40504,2014,26,21,47
405,40505,2014,20,8,28
406,40601,2014,24,20,44
406,40602,2014,14,11,25
406,40603,2014,6,4,10
406,40604,2014,9,1,10
407,40701,2014,33,15,48
407,40702,2014,10,12,22
407,40703,2014,9,8,17
408,40801,2014,35,20,55
408,40802,2014,11,8,19
408,40803,2014,19,12,31
409,40901,2014,66,54,120
409,40902,2014,7,7,14
410,41001,2014,51,20,71
410,41002,2014,19,5,24
410,41005,2014,0,0,0
410,41003,2014,54,46,100
410,41004,2014,2,0,2
501,50101,2014,156,117,273
501,50102,2014,7,6,13
501,50103,2014,6,1,7
501,50104,2014,10,1,11
501,50105,2014,9,5,14
502,50201,2014,85,61,146
502,50202,2014,14,14,28
502,50203,2014,28,21,49
502,50204,2014,17,14,31
502,50205,2014,3,4,7
502,50206,2014,5,6,11
502,50207,2014,3,10,13
503,50301,2014,73,54,127
503,50302,2014,3,4,7
503,50303,2014,23,16,39
503,50304,2014,17,9,26
503,50305,2014,6,7,13
503,50306,2014,3,3,6
503,50307,2014,12,7,19
503,50308,2014,11,6,17
503,50309,2014,27,6,33
504,50401,2014,43,20,63
504,50402,2014,7,5,12
504,50403,2014,8,6,14
504,50404,2014,9,4,13
505,50501,2014,34,17,51
505,50502,2014,18,11,29
505,50503,2014,44,22,66
505,50504,2014,24,18,42
506,50601,2014,58,48,106
506,50602,2014,6,3,9
506,50603,2014,3,4,7
506,50604,2014,11,4,15
506,50605,2014,0,1,1
507,50701,2014,27,21,48
507,50702,2014,2,2,4
507,50703,2014,0,3,3
507,50704,2014,13,9,22
508,50801,2014,36,27,63
508,50802,2014,4,4,8
508,50803,2014,3,4,7
508,50804,2014,4,4,8
508,50805,2014,2,0,2
508,50806,2014,6,1,7
508,50807,2014,9,4,13
509,50901,2014,12,7,19
509,50902,2014,8,13,21
509,50903,2014,3,2,5
509,50904,2014,3,7,10
509,50905,2014,1,2,3
509,50906,2014,10,1,11
510,51001,2014,25,11,36
510,51002,2014,13,11,24
510,51003,2014,6,2,8
510,51004,2014,3,2,5
511,51101,2014,13,9,22
511,51102,2014,3,1,4
511,51103,2014,3,0,3
511,51104,2014,4,1,5
601,60101,2014,41,36,77
601,60102,2014,2,7,9
601,60103,2014,18,11,29
601,60104,2014,30,26,56
601,60105,2014,12,8,20
601,60106,2014,5,4,9
601,60107,2014,5,4,9
601,60108,2014,102,71,173
612,61201,2014,8,2,10
601,60110,2014,0,0,0
601,60111,2014,18,13,31
601,60112,2014,68,69,137
601,60113,2014,3,3,6
601,60114,2014,4,3,7
601,60116,2014,0,0,0
601,60115,2014,46,31,77
602,60201,2014,46,48,94
602,60202,2014,16,11,27
602,60203,2014,14,14,28
602,60204,2014,4,2,6
602,60205,2014,6,1,7
603,60301,2014,39,22,61
603,60302,2014,7,7,14
603,60303,2014,14,10,24
603,60304,2014,9,10,19
603,60305,2014,5,3,8
603,60306,2014,1,1,2
603,60307,2014,3,4,7
603,60308,2014,3,5,8
603,60309,2014,10,2,12
604,60401,2014,41,26,67
604,60402,2014,2,3,5
604,60403,2014,5,7,12
605,60501,2014,33,24,57
605,60502,2014,39,14,53
605,60503,2014,9,3,12
605,60504,2014,10,2,12
605,60505,2014,12,8,20
605,60506,2014,0,1,1
606,60601,2014,56,36,92
606,60602,2014,10,2,12
606,60603,2014,12,6,18
607,60701,2014,35,25,60
613,61301,2014,14,14,28
607,60703,2014,42,25,67
607,60704,2014,19,6,25
608,60801,2014,37,24,61
608,60802,2014,29,16,45
608,60803,2014,18,10,28
608,60804,2014,8,5,13
608,60805,2014,6,3,9
609,60901,2014,45,27,72
610,61001,2014,41,29,70
610,61002,2014,15,8,23
610,61003,2014,35,21,56
610,61004,2014,21,8,29
611,61101,2014,30,14,44
611,61102,2014,12,8,20
701,70101,2014,222,147,369
701,70102,2014,28,11,39
701,70103,2014,10,6,16
701,70104,2014,21,12,33
702,70201,2014,100,47,147
702,70202,2014,30,13,43
702,70203,2014,54,30,84
702,70204,2014,28,13,41
702,70205,2014,84,55,139
702,70206,2014,7,1,8
702,70207,2014,10,12,22
703,70301,2014,87,47,134
703,70302,2014,14,7,21
703,70303,2014,2,2,4
703,70304,2014,7,5,12
703,70305,2014,17,10,27
703,70306,2014,7,8,15
704,70401,2014,16,11,27
704,70402,2014,25,9,34
704,70403,2014,21,13,34
704,70404,2014,11,7,18
705,70501,2014,21,11,32
705,70502,2014,44,18,62
705,70503,2014,17,8,25
706,70601,2014,56,24,80
706,70602,2014,3,1,4
706,70603,2014,8,13,21
706,70604,2014,27,12,39
706,70605,2014,10,8,18
101,10101,2016,29,33,62
101,10102,2016,45,38,83
101,10103,2016,113,92,205
101,10104,2016,75,67,142
101,10105,2016,60,62,122
101,10106,2016,63,62,125
101,10107,2016,86,65,151
101,10108,2016,35,27,62
101,10109,2016,222,180,402
101,10110,2016,159,147,306
101,10111,2016,129,107,236
102,10201,2016,64,51,115
102,10202,2016,68,49,117
102,10203,2016,80,58,138
103,10301,2016,132,141,273
103,10302,2016,100,82,182
103,10303,2016,51,40,91
103,10304,2016,42,58,100
103,10305,2016,41,29,70
103,10306,2016,17,12,29
103,10307,2016,28,21,49
103,10308,2016,3,6,9
103,10309,2016,7,7,14
103,10310,2016,28,27,55
103,10311,2016,41,32,73
103,10312,2016,43,52,95
103,10313,2016,46,44,90
104,10401,2016,47,26,73
104,10402,2016,15,9,24
104,10403,2016,19,12,31
104,10404,2016,1,4,5
104,10405,2016,3,2,5
104,10406,2016,9,4,13
104,10407,2016,0,3,3
104,10408,2016,11,7,18
104,10409,2016,6,6,12
105,10501,2016,31,21,52
105,10502,2016,12,5,17
105,10503,2016,3,5,8
106,10601,2016,78,71,149
106,10602,2016,5,5,10
106,10603,2016,21,12,33
106,10604,2016,15,15,30
106,10605,2016,4,2,6
106,10606,2016,6,0,6
106,10607,2016,25,8,33
107,10701,2016,37,36,73
107,10702,2016,17,6,23
107,10703,2016,15,10,25
107,10704,2016,0,0,0
107,10705,2016,2,6,8
107,10706,2016,0,1,1
107,10707,2016,2,1,3
108,10801,2016,138,129,267
108,10802,2016,13,5,18
108,10803,2016,42,49,91
108,10804,2016,27,25,52
108,10805,2016,72,58,130
108,10806,2016,6,8,14
108,10807,2016,51,42,93
109,10901,2016,39,21,60
109,10902,2016,13,6,19
109,10903,2016,41,38,79
109,10904,2016,17,14,31
109,10905,2016,25,14,39
109,10906,2016,6,4,10
110,11001,2016,37,36,73
110,11002,2016,34,18,52
110,11003,2016,6,3,9
110,11004,2016,59,46,105
110,11005,2016,64,63,127
111,11101,2016,53,47,100
111,11102,2016,24,14,38
111,11103,2016,30,27,57
111,11104,2016,51,46,97
111,11105,2016,16,10,26
112,11201,2016,31,29,60
112,11202,2016,10,7,17
112,11203,2016,14,8,22
112,11204,2016,2,2,4
112,11205,2016,5,6,11
113,11301,2016,94,84,178
113,11302,2016,28,33,61
113,11303,2016,20,28,48
113,11304,2016,50,23,73
113,11305,2016,29,25,54
114,11401,2016,111,126,237
114,11402,2016,20,10,30
114,11403,2016,46,26,72
115,11501,2016,71,64,135
115,11502,2016,36,33,69
115,11503,2016,7,5,12
115,11504,2016,26,20,46
116,11601,2016,5,3,8
116,11602,2016,6,0,6
116,11603,2016,3,5,8
116,11604,2016,1,0,1
116,11605,2016,5,3,8
117,11701,2016,14,16,30
117,11702,2016,0,1,1
117,11703,2016,0,3,3
118,11801,2016,101,73,174
118,11802,2016,37,36,73
118,11803,2016,9,14,23
118,11804,2016,54,29,83
119,11901,2016,139,121,260
119,11902,2016,19,12,31
119,11903,2016,75,70,145
119,11904,2016,20,11,31
119,11905,2016,23,13,36
119,11906,2016,14,15,29
119,11907,2016,12,18,30
119,11908,2016,31,17,48
119,11909,2016,10,10,20
119,11910,2016,8,3,11
119,11911,2016,11,6,17
119,11912,2016,1,1,2
120,12001,2016,11,4,15
120,12002,2016,4,3,7
120,12003,2016,8,9,17
120,12004,2016,2,1,3
120,12005,2016,7,4,11
120,12006,2016,1,3,4
201,20101,2016,197,194,391
201,20102,2016,108,97,205
201,20103,2016,18,13,31
201,20104,2016,63,63,126
201,20105,2016,45,36,81
201,20106,2016,44,37,81
201,20107,2016,20,13,33
201,20108,2016,72,37,109
201,20109,2016,38,40,78
201,20110,2016,66,59,125
201,20111,2016,26,13,39
201,20112,2016,33,31,64
201,20113,2016,22,11,33
201,20114,2016,6,5,11
202,20201,2016,70,43,113
202,20202,2016,11,14,25
202,20203,2016,40,38,78
202,20204,2016,14,14,28
202,20205,2016,11,14,25
202,20206,2016,24,13,37
202,20207,2016,16,4,20
202,20208,2016,13,13,26
202,20209,2016,13,6,19
202,20210,2016,3,4,7
202,20211,2016,7,4,11
202,20212,2016,3,1,4
202,20213,2016,17,11,28
203,20301,2016,54,54,108
203,20302,2016,15,13,28
203,20303,2016,26,12,38
203,20304,2016,39,22,61
203,20305,2016,26,10,36
203,20306,2016,15,11,26
203,20307,2016,27,18,45
203,20308,2016,12,16,28
204,20401,2016,7,8,15
204,20402,2016,2,1,3
204,20403,2016,5,3,8
204,20404,2016,6,6,12
205,20501,2016,40,37,77
205,20502,2016,10,6,16
205,20503,2016,8,4,12
205,20504,2016,5,6,11
205,20505,2016,17,9,26
205,20506,2016,4,9,13
205,20507,2016,6,10,16
205,20508,2016,2,2,4
206,20601,2016,70,54,124
206,20602,2016,15,8,23
206,20603,2016,3,7,10
206,20604,2016,14,11,25
206,20605,2016,8,13,21
206,20606,2016,11,2,13
206,20607,2016,7,9,16
206,20608,2016,10,6,16
207,20701,2016,29,15,44
207,20702,2016,27,16,43
207,20703,2016,14,14,28
207,20704,2016,3,0,3
207,20705,2016,4,7,11
207,20706,2016,9,14,23
207,20707,2016,9,11,20
208,20801,2016,23,25,48
208,20802,2016,10,3,13
208,20803,2016,15,10,25
208,20804,2016,24,11,35
208,20805,2016,5,0,5
209,20901,2016,36,20,56
209,20902,2016,3,4,7
209,20903,2016,6,5,11
209,20904,2016,15,13,28
209,20905,2016,7,4,11
210,21001,2016,104,91,195
210,21002,2016,43,35,78
210,21003,2016,0,0,0
210,21004,2016,48,38,86
210,21005,2016,32,16,48
210,21006,2016,38,26,64
210,21007,2016,29,19,48
210,21008,2016,16,5,21
210,21009,2016,22,11,33
210,21010,2016,1,2,3
210,21011,2016,24,16,40
210,21012,2016,6,6,12
210,21013,2016,35,23,58
211,21101,2016,20,23,43
211,21102,2016,1,1,2
211,21103,2016,1,4,5
211,21104,2016,0,3,3
211,21105,2016,2,2,4
211,21106,2016,3,1,4
211,21107,2016,2,2,4
212,21201,2016,23,16,39
212,21202,2016,12,8,20
212,21203,2016,0,2,2
212,21204,2016,13,5,18
212,21205,2016,4,3,7
213,21301,2016,42,19,61
213,21302,2016,5,5,10
213,21303,2016,27,18,45
213,21304,2016,18,11,29
213,21305,2016,11,6,17
213,21306,2016,9,8,17
213,21307,2016,10,5,15
213,21308,2016,5,3,8
214,21401,2016,33,20,53
214,21402,2016,6,3,9
214,21403,2016,13,9,22
214,21404,2016,6,2,8
215,21501,2016,23,16,39
215,21502,2016,7,3,10
215,21503,2016,3,1,4
215,21504,2016,9,7,16
301,30101,2016,88,74,162
301,30102,2016,42,36,78
301,30103,2016,36,41,77
301,30104,2016,75,64,139
301,30105,2016,66,40,106
301,30106,2016,44,32,76
301,30107,2016,36,24,60
301,30108,2016,17,13,30
301,30109,2016,30,21,51
301,30110,2016,11,7,18
301,30111,2016,8,10,18
302,30201,2016,60,47,107
302,30202,2016,15,9,24
302,30203,2016,18,13,31
302,30204,2016,12,13,25
302,30205,2016,26,26,52
303,30301,2016,52,49,101
303,30302,2016,36,30,66
303,30303,2016,16,18,34
303,30304,2016,35,23,58
303,30305,2016,38,33,71
303,30306,2016,39,16,55
303,30307,2016,12,11,23
303,30308,2016,16,16,32
304,30401,2016,20,19,39
304,30402,2016,16,4,20
304,30403,2016,11,10,21
305,30501,2016,103,66,169
305,30502,2016,19,23,42
305,30503,2016,1,2,3
305,30504,2016,8,5,13
305,30505,2016,21,7,28
305,30506,2016,16,6,22
305,30507,2016,3,5,8
305,30508,2016,3,8,11
305,30509,2016,12,20,32
305,30510,2016,7,3,10
305,30511,2016,23,10,33
305,30512,2016,8,11,19
306,30601,2016,15,12,27
306,30602,2016,18,10,28
306,30603,2016,7,2,9
307,30701,2016,58,60,118
307,30702,2016,17,27,44
307,30703,2016,3,0,3
307,30704,2016,10,6,16
307,30705,2016,6,4,10
308,30801,2016,73,45,118
308,30802,2016,30,17,47
308,30803,2016,13,15,28
308,30804,2016,0,0,0
401,40101,2016,93,94,187
401,40102,2016,70,66,136
401,40103,2016,123,119,242
401,40104,2016,52,44,96
401,40105,2016,4,1,5
402,40201,2016,18,18,36
402,40202,2016,22,17,39
402,40203,2016,14,12,26
402,40204,2016,5,6,11
402,40205,2016,10,20,30
402,40206,2016,12,11,23
403,40301,2016,30,33,63
403,40302,2016,14,18,32
403,40303,2016,19,16,35
403,40304,2016,6,6,12
403,40305,2016,24,8,32
403,40306,2016,28,19,47
403,40307,2016,8,10,18
403,40308,2016,6,8,14
404,40401,2016,28,24,52
404,40402,2016,14,6,20
404,40403,2016,15,15,30
404,40404,2016,23,16,39
404,40405,2016,9,10,19
404,40406,2016,13,6,19
405,40501,2016,40,30,70
405,40502,2016,33,31,64
405,40503,2016,10,14,24
405,40504,2016,34,18,52
405,40505,2016,15,8,23
406,40601,2016,24,24,48
406,40602,2016,21,19,40
406,40603,2016,10,3,13
406,40604,2016,3,5,8
407,40701,2016,35,29,64
407,40702,2016,26,9,35
407,40703,2016,20,13,33
408,40801,2016,28,30,58
408,40802,2016,7,10,17
408,40803,2016,9,2,11
409,40901,2016,75,67,142
409,40902,2016,5,2,7
410,41001,2016,41,22,63
410,41002,2016,21,8,29
410,41003,2016,79,45,124
410,41004,2016,2,1,3
410,41005,2016,3,1,4
501,50101,2016,183,104,287
501,50102,2016,9,3,12
501,50103,2016,5,4,9
501,50104,2016,6,4,10
501,50105,2016,2,7,9
502,50201,2016,100,84,184
502,50202,2016,21,21,42
502,50203,2016,26,25,51
502,50204,2016,12,13,25
502,50205,2016,11,2,13
502,50206,2016,17,4,21
502,50207,2016,10,8,18
503,50301,2016,98,71,169
503,50302,2016,4,3,7
503,50303,2016,28,21,49
503,50304,2016,18,8,26
503,50305,2016,10,11,21
503,50306,2016,3,1,4
503,50307,2016,6,9,15
503,50308,2016,24,14,38
503,50309,2016,18,9,27
504,50401,2016,43,28,71
504,50402,2016,8,6,14
504,50403,2016,6,8,14
504,50404,2016,5,2,7
505,50501,2016,39,21,60
505,50502,2016,21,13,34
505,50503,2016,56,17,73
505,50504,2016,25,20,45
506,50601,2016,77,51,128
506,50602,2016,6,1,7
506,50603,2016,9,3,12
506,50604,2016,12,3,15
506,50605,2016,1,1,2
507,50701,2016,37,25,62
507,50702,2016,6,4,10
507,50703,2016,4,5,9
507,50704,2016,13,6,19
508,50801,2016,26,18,44
508,50802,2016,7,8,15
508,50803,2016,10,5,15
508,50804,2016,6,2,8
508,50805,2016,3,2,5
508,50806,2016,10,3,13
508,50807,2016,10,5,15
509,50901,2016,15,5,20
509,50902,2016,3,3,6
509,50903,2016,5,3,8
509,50904,2016,6,2,8
509,50905,2016,3,0,3
509,50906,2016,7,8,15
510,51001,2016,30,17,47
510,51002,2016,12,8,20
510,51003,2016,5,1,6
510,51004,2016,8,7,15
511,51101,2016,17,9,26
511,51102,2016,1,0,1
511,51103,2016,3,1,4
511,51104,2016,2,1,3
601,60101,2016,59,37,96
601,60102,2016,10,6,16
601,60103,2016,14,13,27
601,60104,2016,20,26,46
601,60105,2016,16,9,25
601,60106,2016,7,5,12
601,60107,2016,1,1,2
601,60108,2016,87,77,164
612,61201,2016,13,5,18
601,60110,2016,0,0,0
601,60111,2016,20,11,31
601,60112,2016,68,45,113
601,60113,2016,5,3,8
601,60114,2016,5,6,11
601,60115,2016,52,31,83
601,60116,2016,2,0,2
602,60201,2016,57,41,98
602,60202,2016,11,6,17
602,60203,2016,14,11,25
602,60204,2016,11,1,12
602,60205,2016,3,0,3
602,60206,2016,5,2,7
603,60301,2016,60,37,97
603,60302,2016,7,8,15
603,60303,2016,13,9,22
603,60304,2016,10,3,13
603,60305,2016,2,2,4
603,60306,2016,2,2,4
603,60307,2016,2,3,5
603,60308,2016,4,8,12
603,60309,2016,0,0,0
604,60401,2016,34,13,47
604,60402,2016,2,1,3
604,60403,2016,6,8,14
605,60501,2016,29,16,45
605,60502,2016,55,19,74
605,60503,2016,9,2,11
605,60504,2016,15,2,17
605,60505,2016,16,7,23
605,60506,2016,4,1,5
606,60601,2016,65,40,105
606,60602,2016,12,4,16
606,60603,2016,8,8,16
607,60701,2016,33,28,61
613,61301,2016,27,13,40
607,60703,2016,43,19,62
607,60704,2016,23,9,32
608,60801,2016,38,15,53
608,60802,2016,26,17,43
608,60803,2016,17,8,25
608,60804,2016,18,12,30
608,60805,2016,4,2,6
608,60806,2016,9,3,12
609,60901,2016,53,41,94
610,61001,2016,48,32,80
610,61002,2016,15,8,23
610,61003,2016,30,22,52
610,61004,2016,25,20,45
611,61101,2016,39,21,60
611,61102,2016,11,10,21
701,70101,2016,238,170,408
701,70102,2016,31,22,53
701,70103,2016,19,6,25
701,70104,2016,25,12,37
702,70201,2016,99,67,166
702,70202,2016,24,17,41
702,70203,2016,56,40,96
702,70204,2016,30,15,45
702,70205,2016,111,73,184
702,70206,2016,9,5,14
702,70207,2016,10,5,15
703,70301,2016,92,54,146
703,70302,2016,25,9,34
703,70303,2016,4,3,7
703,70304,2016,9,4,13
703,70305,2016,18,12,30
703,70306,2016,12,8,20
704,70401,2016,26,11,37
704,70402,2016,30,5,35
704,70403,2016,31,17,48
704,70404,2016,10,9,19
705,70501,2016,19,13,32
705,70502,2016,55,29,84
705,70503,2016,27,14,41
706,70601,2016,50,34,84
706,70602,2016,7,3,10
706,70603,2016,9,14,23
706,70604,2016,18,11,29
706,70605,2016,13,8,21
101,10101,2017,50,56,106
101,10102,2017,59,36,95
101,10103,2017,98,67,165
101,10104,2017,81,53,134
101,10105,2017,64,74,138
101,10106,2017,67,77,144
101,10107,2017,89,68,157
101,10108,2017,39,23,62
101,10109,2017,229,190,419
101,10110,2017,177,187,364
101,10111,2017,132,115,247
102,10201,2017,67,68,135
102,10202,2017,56,53,109
102,10203,2017,89,64,153
103,10301,2017,133,152,285
103,10302,2017,98,94,192
103,10303,2017,47,38,85
103,10304,2017,45,46,91
103,10305,2017,26,28,54
103,10306,2017,13,6,19
103,10307,2017,26,24,50
103,10308,2017,14,10,24
103,10309,2017,10,4,14
103,10310,2017,27,37,64
103,10311,2017,53,44,97
103,10312,2017,38,36,74
103,10313,2017,45,47,92
104,10401,2017,39,27,66
104,10402,2017,18,12,30
104,10403,2017,17,11,28
104,10404,2017,5,2,7
104,10405,2017,5,2,7
104,10406,2017,8,4,12
104,10407,2017,0,0,0
104,10408,2017,11,5,16
104,10409,2017,11,2,13
105,10501,2017,33,26,59
105,10502,2017,9,9,18
105,10503,2017,3,6,9
106,10601,2017,86,78,164
106,10602,2017,7,6,13
106,10603,2017,13,14,27
106,10604,2017,15,17,32
106,10605,2017,6,3,9
106,10606,2017,1,1,2
106,10607,2017,18,20,38
107,10701,2017,51,32,83
107,10702,2017,18,7,25
107,10703,2017,9,7,16
107,10704,2017,0,1,1
107,10705,2017,1,2,3
107,10706,2017,1,1,2
107,10707,2017,2,2,4
108,10801,2017,159,134,293
108,10802,2017,11,9,20
108,10803,2017,66,50,116
108,10804,2017,24,32,56
108,10805,2017,79,79,158
108,10806,2017,8,4,12
108,10807,2017,68,53,121
109,10901,2017,37,40,77
109,10902,2017,7,7,14
109,10903,2017,37,31,68
109,10904,2017,14,18,32
109,10905,2017,33,18,51
109,10906,2017,5,3,8
110,11001,2017,65,39,104
110,11002,2017,24,27,51
110,11003,2017,3,5,8
110,11004,2017,52,37,89
110,11005,2017,61,52,113
111,11101,2017,68,63,131
111,11102,2017,19,7,26
111,11103,2017,25,22,47
111,11104,2017,54,42,96
111,11105,2017,21,16,37
112,11201,2017,34,21,55
112,11202,2017,4,3,7
112,11203,2017,11,6,17
112,11204,2017,7,1,8
112,11205,2017,7,0,7
113,11301,2017,100,111,211
113,11302,2017,33,27,60
113,11303,2017,30,29,59
113,11304,2017,41,29,70
113,11305,2017,29,25,54
114,11401,2017,111,99,210
114,11402,2017,17,15,32
114,11403,2017,48,21,69
115,11501,2017,95,99,194
115,11502,2017,35,31,66
115,11503,2017,6,6,12
115,11504,2017,17,12,29
116,11601,2017,5,5,10
116,11602,2017,0,1,1
116,11603,2017,3,3,6
116,11604,2017,1,1,2
116,11605,2017,3,1,4
117,11701,2017,17,17,34
117,11702,2017,1,0,1
117,11703,2017,4,3,7
118,11801,2017,83,94,177
118,11802,2017,26,31,57
118,11803,2017,11,15,26
118,11804,2017,30,34,64
119,11901,2017,139,146,285
119,11902,2017,12,11,23
119,11903,2017,104,79,183
119,11904,2017,11,9,20
119,11905,2017,31,8,39
119,11906,2017,15,11,26
119,11907,2017,19,9,28
119,11908,2017,22,13,35
119,11909,2017,10,2,12
119,11910,2017,13,7,20
119,11911,2017,17,9,26
119,11912,2017,1,2,3
120,12001,2017,11,12,23
120,12002,2017,2,2,4
120,12003,2017,11,4,15
120,12004,2017,3,4,7
120,12005,2017,9,2,11
120,12006,2017,6,2,8
201,20101,2017,244,206,450
201,20102,2017,93,74,167
201,20103,2017,17,20,37
201,20104,2017,77,53,130
201,20105,2017,46,40,86
201,20106,2017,36,35,71
201,20107,2017,27,9,36
201,20108,2017,51,31,82
201,20109,2017,26,26,52
201,20110,2017,60,62,122
201,20111,2017,24,14,38
201,20112,2017,34,26,60
201,20113,2017,17,9,26
201,20114,2017,3,2,5
202,20201,2017,50,44,94
202,20202,2017,12,7,19
202,20203,2017,30,42,72
202,20204,2017,23,9,32
202,20205,2017,10,10,20
202,20206,2017,19,14,33
202,20207,2017,6,6,12
202,20208,2017,16,6,22
202,20209,2017,19,15,34
202,20210,2017,6,5,11
202,20211,2017,5,7,12
202,20212,2017,0,2,2
202,20213,2017,10,16,26
202,20214,2017,9,0,9
203,20301,2017,66,52,118
203,20302,2017,18,15,33
203,20303,2017,19,19,38
203,20304,2017,42,30,72
203,20305,2017,14,18,32
203,20306,2017,19,7,26
203,20307,2017,25,17,42
203,20308,2017,16,16,32
204,20401,2017,16,7,23
204,20402,2017,2,1,3
204,20403,2017,10,6,16
204,20404,2017,0,1,1
205,20501,2017,32,27,59
205,20502,2017,12,9,21
205,20503,2017,10,6,16
205,20504,2017,3,6,9
205,20505,2017,10,11,21
205,20506,2017,5,2,7
205,20507,2017,4,3,7
205,20508,2017,2,3,5
206,20601,2017,52,51,103
206,20602,2017,15,5,20
206,20603,2017,9,6,15
206,20604,2017,7,10,17
206,20605,2017,11,6,17
206,20606,2017,10,7,17
206,20607,2017,9,12,21
206,20608,2017,8,8,16
207,20701,2017,22,14,36
207,20702,2017,31,19,50
207,20703,2017,14,19,33
207,20704,2017,8,6,14
207,20705,2017,5,5,10
207,20706,2017,13,16,29
207,20707,2017,14,15,29
208,20801,2017,36,19,55
208,20802,2017,6,10,16
208,20803,2017,12,11,23
208,20804,2017,29,20,49
208,20805,2017,3,2,5
209,20901,2017,35,29,64
209,20902,2017,8,6,14
209,20903,2017,6,2,8
209,20904,2017,22,8,30
209,20905,2017,4,2,6
210,21001,2017,117,99,216
210,21002,2017,51,36,87
210,21003,2017,2,0,2
210,21004,2017,52,35,87
210,21005,2017,20,16,36
210,21006,2017,36,17,53
210,21007,2017,29,21,50
210,21008,2017,27,16,43
210,21009,2017,18,7,25
210,21010,2017,4,3,7
210,21011,2017,22,20,42
210,21012,2017,8,6,14
210,21013,2017,42,15,57
211,21101,2017,25,19,44
211,21102,2017,5,4,9
211,21103,2017,3,2,5
211,21104,2017,0,1,1
211,21105,2017,1,3,4
211,21106,2017,1,0,1
211,21107,2017,4,2,6
212,21201,2017,21,25,46
212,21202,2017,16,15,31
212,21203,2017,1,1,2
212,21204,2017,11,6,17
212,21205,2017,4,4,8
213,21301,2017,50,24,74
213,21302,2017,13,4,17
213,21303,2017,15,14,29
213,21304,2017,22,13,35
213,21305,2017,10,9,19
213,21306,2017,10,3,13
213,21307,2017,7,10,17
213,21308,2017,7,3,10
214,21401,2017,38,18,56
214,21402,2017,5,2,7
214,21403,2017,12,9,21
214,21404,2017,2,1,3
215,21501,2017,25,7,32
215,21502,2017,6,5,11
215,21503,2017,1,1,2
215,21504,2017,8,7,15
301,30101,2017,120,96,216
301,30102,2017,28,27,55
301,30103,2017,54,36,90
301,30104,2017,64,52,116
301,30105,2017,70,66,136
301,30106,2017,50,26,76
301,30107,2017,37,22,59
301,30108,2017,14,10,24
301,30109,2017,33,17,50
301,30110,2017,16,8,24
301,30111,2017,12,7,19
302,30201,2017,61,53,114
302,30202,2017,12,7,19
302,30203,2017,19,18,37
302,30204,2017,18,11,29
302,30205,2017,34,25,59
303,30301,2017,63,69,132
303,30302,2017,42,41,83
303,30303,2017,16,14,30
303,30304,2017,27,22,49
303,30305,2017,35,35,70
303,30306,2017,19,8,27
303,30307,2017,9,4,13
303,30308,2017,26,11,37
304,30401,2017,14,13,27
304,30402,2017,6,7,13
304,30403,2017,13,8,21
305,30501,2017,106,85,191
305,30502,2017,29,17,46
305,30503,2017,1,1,2
305,30504,2017,12,9,21
305,30505,2017,20,13,33
305,30506,2017,16,9,25
305,30507,2017,9,1,10
305,30508,2017,4,4,8
305,30509,2017,21,11,32
305,30510,2017,3,1,4
305,30511,2017,21,13,34
305,30512,2017,17,7,24
306,30601,2017,13,11,24
306,30602,2017,14,12,26
306,30603,2017,5,5,10
307,30701,2017,83,68,151
307,30702,2017,24,9,33
307,30703,2017,7,6,13
307,30704,2017,11,6,17
307,30705,2017,3,5,8
308,30801,2017,73,61,134
308,30802,2017,24,25,49
308,30803,2017,17,11,28
308,30804,2017,2,0,2
401,40101,2017,97,86,183
401,40102,2017,68,61,129
401,40103,2017,102,104,206
401,40104,2017,44,52,96
401,40105,2017,2,1,3
402,40201,2017,25,26,51
402,40202,2017,29,20,49
402,40203,2017,15,17,32
402,40204,2017,10,5,15
402,40205,2017,19,14,33
402,40206,2017,14,11,25
403,40301,2017,49,47,96
403,40302,2017,6,8,14
403,40303,2017,17,16,33
403,40304,2017,12,5,17
403,40305,2017,17,20,37
403,40306,2017,17,16,33
403,40307,2017,2,8,10
403,40308,2017,13,6,19
404,40401,2017,28,33,61
404,40402,2017,15,12,27
404,40403,2017,13,17,30
404,40404,2017,23,18,41
404,40405,2017,8,10,18
404,40406,2017,8,6,14
405,40501,2017,51,29,80
405,40502,2017,31,23,54
405,40503,2017,8,13,21
405,40504,2017,16,25,41
405,40505,2017,14,9,23
406,40601,2017,35,21,56
406,40602,2017,16,10,26
406,40603,2017,5,7,12
406,40604,2017,4,4,8
407,40701,2017,30,22,52
407,40702,2017,21,9,30
407,40703,2017,11,15,26
408,40801,2017,42,33,75
408,40802,2017,8,6,14
408,40803,2017,10,9,19
409,40901,2017,74,59,133
409,40902,2017,5,1,6
410,41001,2017,65,28,93
410,41002,2017,36,15,51
410,41005,2017,0,0,0
410,41003,2017,54,33,87
410,41004,2017,1,0,1
501,50101,2017,165,112,277
501,50102,2017,15,11,26
501,50103,2017,3,2,5
501,50104,2017,2,5,7
501,50105,2017,5,4,9
502,50201,2017,100,73,173
502,50202,2017,16,23,39
502,50203,2017,35,31,66
502,50204,2017,14,9,23
502,50205,2017,7,5,12
502,50206,2017,14,9,23
502,50207,2017,8,5,13
503,50301,2017,88,62,150
503,50302,2017,10,4,14
503,50303,2017,18,15,33
503,50304,2017,16,7,23
503,50305,2017,15,10,25
503,50306,2017,6,2,8
503,50307,2017,13,15,28
503,50308,2017,18,7,25
503,50309,2017,16,10,26
504,50401,2017,44,22,66
504,50402,2017,12,9,21
504,50403,2017,9,5,14
504,50404,2017,3,1,4
505,50501,2017,30,19,49
505,50502,2017,15,10,25
505,50503,2017,65,37,102
505,50504,2017,33,16,49
506,50601,2017,69,63,132
506,50602,2017,1,0,1
506,50603,2017,6,3,9
506,50604,2017,8,3,11
506,50605,2017,2,0,2
507,50701,2017,41,33,74
507,50702,2017,6,2,8
507,50703,2017,5,4,9
507,50704,2017,22,12,34
508,50801,2017,36,25,61
508,50802,2017,9,3,12
508,50803,2017,2,3,5
508,50804,2017,3,1,4
508,50805,2017,2,0,2
508,50806,2017,6,3,9
508,50807,2017,12,3,15
509,50901,2017,13,7,20
509,50902,2017,5,1,6
509,50903,2017,1,2,3
509,50904,2017,3,5,8
509,50905,2017,4,1,5
509,50906,2017,6,10,16
510,51001,2017,34,22,56
510,51002,2017,19,10,29
510,51003,2017,1,3,4
510,51004,2017,7,8,15
511,51101,2017,19,9,28
511,51102,2017,1,0,1
511,51103,2017,3,1,4
511,51104,2017,3,1,4
601,60101,2017,55,40,95
601,60102,2017,6,6,12
601,60103,2017,17,11,28
601,60104,2017,28,22,50
601,60105,2017,14,10,24
601,60106,2017,6,3,9
601,60107,2017,1,1,2
601,60108,2017,100,70,170
612,61201,2017,8,4,12
601,60110,2017,0,0,0
601,60111,2017,27,14,41
601,60112,2017,60,42,102
601,60113,2017,4,5,9
601,60114,2017,4,1,5
601,60115,2017,39,29,68
601,60116,2017,1,0,1
602,60201,2017,53,39,92
602,60202,2017,16,10,26
602,60203,2017,17,4,21
602,60204,2017,1,1,2
602,60205,2017,1,2,3
602,60206,2017,6,6,12
603,60301,2017,56,38,94
603,60302,2017,10,5,15
603,60303,2017,21,8,29
603,60304,2017,13,4,17
603,60305,2017,5,2,7
603,60306,2017,0,1,1
603,60307,2017,1,0,1
603,60308,2017,3,2,5
603,60309,2017,4,7,11
604,60401,2017,28,25,53
604,60402,2017,4,4,8
604,60403,2017,7,8,15
605,60501,2017,28,21,49
605,60502,2017,39,27,66
605,60503,2017,7,9,16
605,60504,2017,16,10,26
605,60505,2017,10,12,22
605,60506,2017,1,1,2
606,60601,2017,73,34,107
606,60602,2017,9,4,13
606,60603,2017,10,6,16
607,60701,2017,39,22,61
613,61301,2017,25,13,38
607,60703,2017,37,29,66
607,60704,2017,12,4,16
608,60801,2017,30,16,46
608,60802,2017,28,19,47
608,60803,2017,17,15,32
608,60804,2017,8,6,14
608,60805,2017,2,2,4
608,60806,2017,8,10,18
609,60901,2017,56,36,92
610,61001,2017,53,47,100
610,61002,2017,19,9,28
610,61003,2017,28,15,43
610,61004,2017,18,12,30
611,61101,2017,46,18,64
611,61102,2017,17,11,28
701,70101,2017,258,169,427
701,70102,2017,28,20,48
701,70103,2017,18,9,27
701,70104,2017,30,12,42
702,70201,2017,120,76,196
702,70202,2017,33,18,51
702,70203,2017,55,50,105
702,70204,2017,30,23,53
702,70205,2017,121,69,190
702,70206,2017,5,2,7
702,70207,2017,5,5,10
703,70301,2017,78,68,146
703,70302,2017,20,10,30
703,70303,2017,7,4,11
703,70304,2017,13,7,20
703,70305,2017,20,11,31
703,70306,2017,9,5,14
704,70401,2017,23,17,40
704,70402,2017,16,9,25
704,70403,2017,38,15,53
704,70404,2017,11,11,22
705,70501,2017,25,9,34
705,70502,2017,58,26,84
705,70503,2017,22,12,34
706,70601,2017,74,40,114
706,70602,2017,2,3,5
706,70603,2017,22,13,35
706,70604,2017,26,16,42
706,70605,2017,15,9,24
101,10101,2018,36,36,72
101,10102,2018,68,56,124
101,10103,2018,107,73,180
101,10104,2018,80,53,133
101,10105,2018,61,58,119
101,10106,2018,67,69,136
101,10107,2018,87,61,148
101,10108,2018,42,26,68
101,10109,2018,213,177,390
101,10110,2018,203,167,370
101,10111,2018,135,114,249
102,10201,2018,63,60,123
102,10202,2018,58,50,108
102,10203,2018,88,59,147
103,10301,2018,141,118,259
103,10302,2018,111,87,198
103,10303,2018,60,36,96
103,10304,2018,39,42,81
103,10305,2018,36,27,63
103,10306,2018,15,4,19
103,10307,2018,33,24,57
103,10308,2018,10,10,20
103,10309,2018,7,6,13
103,10310,2018,28,24,52
103,10311,2018,69,55,124
103,10312,2018,50,39,89
103,10313,2018,52,47,99
104,10401,2018,30,17,47
104,10402,2018,20,10,30
104,10403,2018,19,10,29
104,10404,2018,5,6,11
104,10405,2018,7,5,12
104,10406,2018,3,5,8
104,10407,2018,3,3,6
104,10408,2018,11,11,22
104,10409,2018,13,4,17
105,10501,2018,31,21,52
105,10502,2018,12,8,20
105,10503,2018,7,1,8
106,10601,2018,83,83,166
106,10602,2018,10,6,16
106,10603,2018,21,11,32
106,10604,2018,21,12,33
106,10605,2018,5,2,7
106,10606,2018,1,1,2
106,10607,2018,28,15,43
107,10701,2018,40,38,78
107,10702,2018,13,13,26
107,10703,2018,11,11,22
107,10704,2018,1,0,1
107,10705,2018,2,4,6
107,10706,2018,2,3,5
107,10707,2018,0,4,4
108,10801,2018,158,140,298
108,10802,2018,6,15,21
108,10803,2018,57,46,103
108,10804,2018,34,32,66
108,10805,2018,85,65,150
108,10806,2018,8,9,17
108,10807,2018,66,43,109
109,10901,2018,30,34,64
109,10902,2018,12,12,24
109,10903,2018,38,20,58
109,10904,2018,26,16,42
109,10905,2018,30,20,50
109,10906,2018,4,2,6
110,11001,2018,41,25,66
110,11002,2018,28,28,56
110,11003,2018,11,8,19
110,11004,2018,56,30,86
110,11005,2018,87,62,149
111,11101,2018,50,51,101
111,11102,2018,18,13,31
111,11103,2018,27,21,48
111,11104,2018,47,66,113
111,11105,2018,21,16,37
112,11201,2018,41,20,61
112,11202,2018,10,5,15
112,11203,2018,10,10,20
112,11204,2018,11,3,14
112,11205,2018,5,3,8
113,11301,2018,90,99,189
113,11302,2018,33,25,58
113,11303,2018,37,25,62
113,11304,2018,52,38,90
113,11305,2018,36,25,61
114,11401,2018,114,111,225
114,11402,2018,15,17,32
114,11403,2018,53,41,94
115,11501,2018,87,85,172
115,11502,2018,35,35,70
115,11503,2018,11,4,15
115,11504,2018,21,20,41
116,11601,2018,2,4,6
116,11602,2018,2,4,6
116,11603,2018,2,4,6
116,11604,2018,0,1,1
116,11605,2018,9,3,12
117,11701,2018,10,15,25
117,11702,2018,2,0,2
117,11703,2018,4,4,8
118,11801,2018,78,86,164
118,11802,2018,39,23,62
118,11803,2018,14,16,30
118,11804,2018,55,26,81
119,11901,2018,122,93,215
119,11902,2018,13,10,23
119,11903,2018,84,72,156
119,11904,2018,15,7,22
119,11905,2018,34,21,55
119,11906,2018,17,6,23
119,11907,2018,14,11,25
119,11908,2018,24,18,42
119,11909,2018,6,6,12
119,11910,2018,7,6,13
119,11911,2018,13,9,22
119,11912,2018,5,6,11
120,12001,2018,8,6,14
120,12002,2018,0,4,4
120,12003,2018,6,2,8
120,12004,2018,5,2,7
120,12005,2018,2,5,7
120,12006,2018,2,4,6
201,20101,2018,218,209,427
201,20102,2018,105,99,204
201,20103,2018,16,17,33
201,20104,2018,81,59,140
201,20105,2018,48,39,87
201,20106,2018,39,32,71
201,20107,2018,33,6,39
201,20108,2018,79,37,116
201,20109,2018,46,32,78
201,20110,2018,60,52,112
201,20111,2018,20,16,36
201,20112,2018,43,26,69
201,20113,2018,21,22,43
201,20114,2018,4,3,7
202,20201,2018,63,49,112
202,20202,2018,17,14,31
202,20203,2018,48,40,88
202,20204,2018,20,19,39
202,20205,2018,10,9,19
202,20206,2018,23,17,40
202,20207,2018,7,5,12
202,20208,2018,9,13,22
202,20209,2018,13,15,28
202,20210,2018,7,6,13
202,20211,2018,7,9,16
202,20212,2018,0,0,0
202,20213,2018,18,16,34
202,20214,2018,8,2,10
203,20301,2018,73,44,117
203,20302,2018,14,17,31
203,20303,2018,26,10,36
203,20304,2018,40,31,71
203,20305,2018,22,18,40
203,20306,2018,22,15,37
203,20307,2018,24,29,53
203,20308,2018,19,16,35
204,20401,2018,9,4,13
204,20402,2018,1,0,1
204,20403,2018,6,8,14
204,20404,2018,1,1,2
205,20501,2018,47,34,81
205,20502,2018,7,9,16
205,20503,2018,9,5,14
205,20504,2018,6,4,10
205,20505,2018,8,10,18
205,20506,2018,4,5,9
205,20507,2018,10,7,17
205,20508,2018,2,3,5
206,20601,2018,44,36,80
206,20602,2018,14,4,18
206,20603,2018,6,9,15
206,20604,2018,8,7,15
206,20605,2018,12,6,18
206,20606,2018,12,10,22
206,20607,2018,12,6,18
206,20608,2018,10,6,16
207,20701,2018,27,17,44
207,20702,2018,36,23,59
207,20703,2018,12,17,29
207,20704,2018,6,7,13
207,20705,2018,4,5,9
207,20706,2018,15,13,28
207,20707,2018,11,13,24
208,20801,2018,31,30,61
208,20802,2018,9,7,16
208,20803,2018,9,13,22
208,20804,2018,26,10,36
208,20805,2018,8,4,12
209,20901,2018,40,31,71
209,20902,2018,4,6,10
209,20903,2018,2,0,2
209,20904,2018,20,11,31
209,20905,2018,2,2,4
210,21001,2018,133,104,237
210,21002,2018,43,34,77
210,21003,2018,0,2,2
210,21004,2018,49,35,84
210,21005,2018,16,26,42
210,21006,2018,46,29,75
210,21007,2018,29,25,54
210,21008,2018,15,12,27
210,21009,2018,15,8,23
210,21010,2018,4,2,6
210,21011,2018,28,23,51
210,21012,2018,4,8,12
210,21013,2018,36,24,60
211,21101,2018,17,11,28
211,21102,2018,2,1,3
211,21103,2018,4,2,6
211,21104,2018,1,0,1
211,21105,2018,2,4,6
211,21106,2018,2,0,2
211,21107,2018,6,4,10
212,21201,2018,34,21,55
212,21202,2018,11,15,26
212,21203,2018,1,0,1
212,21204,2018,10,8,18
212,21205,2018,4,1,5
213,21301,2018,43,21,64
213,21302,2018,12,11,23
213,21303,2018,18,14,32
213,21304,2018,17,6,23
213,21305,2018,12,8,20
213,21306,2018,10,4,14
213,21307,2018,11,7,18
213,21308,2018,6,6,12
214,21401,2018,34,16,50
214,21402,2018,7,5,12
214,21403,2018,21,5,26
214,21404,2018,5,1,6
215,21501,2018,28,18,46
215,21502,2018,5,4,9
215,21503,2018,1,1,2
215,21504,2018,11,11,22
301,30101,2018,78,80,158
301,30102,2018,49,27,76
301,30103,2018,62,40,102
301,30104,2018,64,64,128
301,30105,2018,67,51,118
301,30106,2018,41,35,76
301,30107,2018,32,18,50
301,30108,2018,18,6,24
301,30109,2018,34,23,57
301,30110,2018,22,14,36
301,30111,2018,11,10,21
302,30201,2018,58,71,129
302,30202,2018,17,10,27
302,30203,2018,19,21,40
302,30204,2018,13,17,30
302,30205,2018,33,23,56
303,30301,2018,46,51,97
303,30302,2018,50,31,81
303,30303,2018,17,12,29
303,30304,2018,31,16,47
303,30305,2018,57,32,89
303,30306,2018,31,17,48
303,30307,2018,13,17,30
303,30308,2018,24,14,38
304,30401,2018,20,18,38
304,30402,2018,17,8,25
304,30403,2018,9,12,21
305,30501,2018,85,82,167
305,30502,2018,23,16,39
305,30503,2018,3,2,5
305,30504,2018,14,11,25
305,30505,2018,13,11,24
305,30506,2018,11,11,22
305,30507,2018,4,7,11
305,30508,2018,5,6,11
305,30509,2018,12,17,29
305,30510,2018,6,3,9
305,30511,2018,13,11,24
305,30512,2018,9,9,18
306,30601,2018,13,12,25
306,30602,2018,21,14,35
306,30603,2018,8,5,13
307,30701,2018,93,67,160
307,30702,2018,34,23,57
307,30703,2018,9,2,11
307,30704,2018,13,7,20
307,30705,2018,8,8,16
308,30801,2018,71,64,135
308,30802,2018,25,18,43
308,30803,2018,10,12,22
308,30804,2018,0,1,1
401,40101,2018,111,87,198
401,40102,2018,60,43,103
401,40103,2018,138,102,240
401,40104,2018,50,55,105
401,40105,2018,2,0,2
402,40201,2018,26,20,46
402,40202,2018,27,18,45
402,40203,2018,21,9,30
402,40204,2018,12,10,22
402,40205,2018,30,16,46
402,40206,2018,16,12,28
403,40301,2018,36,29,65
403,40302,2018,21,16,37
403,40303,2018,17,12,29
403,40304,2018,9,9,18
403,40305,2018,24,9,33
403,40306,2018,28,24,52
403,40307,2018,3,9,12
403,40308,2018,13,16,29
404,40401,2018,17,13,30
404,40402,2018,14,13,27
404,40403,2018,15,13,28
404,40404,2018,30,20,50
404,40405,2018,15,11,26
404,40406,2018,15,7,22
405,40501,2018,40,21,61
405,40502,2018,38,43,81
405,40503,2018,23,10,33
405,40504,2018,27,16,43
405,40505,2018,7,4,11
406,40601,2018,27,25,52
406,40602,2018,15,16,31
406,40603,2018,12,6,18
406,40604,2018,10,1,11
407,40701,2018,34,24,58
407,40702,2018,17,21,38
407,40703,2018,21,9,30
408,40801,2018,49,25,74
408,40802,2018,8,8,16
408,40803,2018,18,13,31
409,40901,2018,61,63,124
409,40902,2018,11,8,19
410,41001,2018,58,30,88
410,41002,2018,32,17,49
410,41003,2018,64,36,100
410,41004,2018,1,1,2
410,41005,2018,1,0,1
501,50101,2018,187,121,308
501,50102,2018,5,3,8
501,50103,2018,6,3,9
501,50104,2018,8,4,12
501,50105,2018,7,1,8
502,50201,2018,88,78,166
502,50202,2018,25,24,49
502,50203,2018,32,20,52
502,50204,2018,13,5,18
502,50205,2018,9,8,17
502,50206,2018,18,6,24
502,50207,2018,9,4,13
503,50301,2018,79,64,143
503,50302,2018,5,6,11
503,50303,2018,29,14,43
503,50304,2018,10,10,20
503,50305,2018,27,6,33
503,50306,2018,3,3,6
503,50307,2018,19,13,32
503,50308,2018,16,4,20
503,50309,2018,31,11,42
504,50401,2018,45,21,66
504,50402,2018,6,11,17
504,50403,2018,5,3,8
504,50404,2018,0,1,1
505,50501,2018,31,28,59
505,50502,2018,11,14,25
505,50503,2018,52,26,78
505,50504,2018,21,18,39
506,50601,2018,89,44,133
506,50602,2018,5,1,6
506,50603,2018,6,5,11
506,50604,2018,13,4,17
506,50605,2018,3,2,5
507,50701,2018,36,28,64
507,50702,2018,6,4,10
507,50703,2018,6,0,6
507,50704,2018,18,10,28
508,50801,2018,34,24,58
508,50802,2018,5,6,11
508,50803,2018,6,5,11
508,50804,2018,4,3,7
508,50805,2018,3,2,5
508,50806,2018,6,5,11
508,50807,2018,7,6,13
509,50901,2018,5,9,14
509,50902,2018,6,3,9
509,50903,2018,4,4,8
509,50904,2018,8,2,10
509,50905,2018,6,4,10
509,50906,2018,15,13,28
510,51001,2018,26,18,44
510,51002,2018,21,5,26
510,51003,2018,3,5,8
510,51004,2018,5,8,13
511,51101,2018,14,8,22
511,51102,2018,1,2,3
511,51103,2018,3,6,9
511,51104,2018,2,2,4
511,51105,2018,2,3,5
601,60101,2018,37,31,68
601,60102,2018,8,4,12
601,60103,2018,18,15,33
601,60104,2018,23,23,46
601,60105,2018,21,18,39
601,60106,2018,12,6,18
601,60107,2018,3,2,5
601,60108,2018,100,63,163
612,61201,2018,6,5,11
601,60110,2018,0,0,0
601,60111,2018,17,9,26
601,60112,2018,69,43,112
601,60113,2018,3,2,5
601,60114,2018,5,2,7
601,60115,2018,41,34,75
601,60116,2018,1,1,2
602,60201,2018,48,54,102
602,60202,2018,13,11,24
602,60203,2018,8,6,14
602,60204,2018,6,1,7
602,60205,2018,1,2,3
602,60206,2018,4,4,8
603,60301,2018,49,38,87
603,60302,2018,13,9,22
603,60303,2018,15,7,22
603,60304,2018,9,8,17
603,60305,2018,1,3,4
603,60306,2018,1,1,2
603,60307,2018,3,2,5
603,60308,2018,3,1,4
603,60309,2018,10,4,14
604,60401,2018,30,30,60
604,60402,2018,1,1,2
604,60403,2018,10,8,18
605,60501,2018,31,20,51
605,60502,2018,60,20,80
605,60503,2018,4,5,9
605,60504,2018,12,7,19
605,60505,2018,22,9,31
605,60506,2018,2,1,3
606,60601,2018,67,36,103
606,60602,2018,14,2,16
606,60603,2018,15,6,21
607,60701,2018,36,24,60
613,61301,2018,32,12,44
607,60703,2018,46,25,71
607,60704,2018,12,10,22
608,60801,2018,42,35,77
608,60802,2018,29,19,48
608,60803,2018,16,14,30
608,60804,2018,17,9,26
608,60805,2018,3,5,8
608,60806,2018,12,3,15
609,60901,2018,45,21,66
610,61001,2018,57,34,91
610,61002,2018,14,13,27
610,61003,2018,39,17,56
610,61004,2018,22,11,33
611,61101,2018,67,26,93
611,61102,2018,25,11,36
701,70101,2018,244,159,403
701,70102,2018,47,25,72
701,70103,2018,27,11,38
701,70104,2018,34,13,47
702,70201,2018,97,83,180
702,70202,2018,24,14,38
702,70203,2018,70,48,118
702,70204,2018,37,23,60
702,70205,2018,135,70,205
702,70206,2018,6,7,13
702,70207,2018,11,11,22
703,70301,2018,100,65,165
703,70302,2018,16,9,25
703,70303,2018,6,4,10
703,70304,2018,7,11,18
703,70305,2018,22,10,32
703,70306,2018,13,8,21
704,70401,2018,27,13,40
704,70402,2018,27,15,42
704,70403,2018,46,17,63
704,70404,2018,12,16,28
705,70501,2018,26,22,48
705,70502,2018,55,34,89
705,70503,2018,24,19,43
706,70601,2018,58,33,91
706,70602,2018,3,4,7
706,70603,2018,15,12,27
706,70604,2018,20,16,36
706,70605,2018,19,8,27
101,10101,2019,38,42,80
101,10102,2019,56,37,93
101,10103,2019,106,82,188
101,10104,2019,70,66,136
101,10105,2019,71,80,151
101,10106,2019,76,62,138
101,10107,2019,74,73,147
101,10108,2019,41,41,82
101,10109,2019,207,189,396
101,10110,2019,175,146,321
101,10111,2019,128,119,247
102,10201,2019,44,78,122
102,10202,2019,76,49,125
102,10203,2019,81,78,159
103,10301,2019,145,143,288
103,10302,2019,96,92,188
103,10303,2019,43,38,81
103,10304,2019,50,45,95
103,10305,2019,31,41,72
103,10306,2019,13,8,21
103,10307,2019,30,36,66
103,10308,2019,13,4,17
103,10309,2019,8,10,18
103,10310,2019,27,25,52
103,10311,2019,56,53,109
103,10312,2019,34,45,79
103,10313,2019,43,45,88
104,10401,2019,48,38,86
104,10402,2019,19,15,34
104,10403,2019,12,15,27
104,10404,2019,6,1,7
104,10405,2019,6,5,11
104,10406,2019,6,8,14
104,10407,2019,1,1,2
104,10408,2019,10,6,16
104,10409,2019,6,4,10
105,10501,2019,36,17,53
105,10502,2019,8,7,15
105,10503,2019,4,6,10
106,10601,2019,101,72,173
106,10602,2019,6,6,12
106,10603,2019,24,17,41
106,10604,2019,16,11,27
106,10605,2019,2,1,3
106,10606,2019,0,2,2
106,10607,2019,16,16,32
107,10701,2019,49,40,89
107,10702,2019,17,12,29
107,10703,2019,15,15,30
107,10704,2019,2,1,3
107,10705,2019,4,1,5
107,10706,2019,0,2,2
107,10707,2019,2,1,3
108,10801,2019,123,144,267
108,10802,2019,7,5,12
108,10803,2019,65,47,112
108,10804,2019,37,54,91
108,10805,2019,84,72,156
108,10806,2019,3,9,12
108,10807,2019,86,56,142
109,10901,2019,47,24,71
109,10902,2019,6,8,14
109,10903,2019,44,21,65
109,10904,2019,21,15,36
109,10905,2019,26,18,44
109,10906,2019,6,7,13
110,11001,2019,55,42,97
110,11002,2019,23,23,46
110,11003,2019,5,4,9
110,11004,2019,41,48,89
110,11005,2019,79,74,153
111,11101,2019,73,44,117
111,11102,2019,23,21,44
111,11103,2019,37,31,68
111,11104,2019,53,45,98
111,11105,2019,28,15,43
112,11201,2019,20,21,41
112,11202,2019,6,9,15
112,11203,2019,16,7,23
112,11204,2019,7,7,14
112,11205,2019,7,2,9
113,11301,2019,80,88,168
113,11302,2019,44,21,65
113,11303,2019,34,43,77
113,11304,2019,52,41,93
113,11305,2019,34,27,61
114,11401,2019,119,121,240
114,11402,2019,13,14,27
114,11403,2019,56,45,101
115,11501,2019,79,98,177
115,11502,2019,40,44,84
115,11503,2019,12,8,20
115,11504,2019,25,21,46
116,11601,2019,6,9,15
116,11602,2019,8,3,11
116,11603,2019,5,2,7
116,11604,2019,1,3,4
116,11605,2019,1,3,4
117,11701,2019,26,11,37
117,11702,2019,4,1,5
117,11703,2019,2,10,12
118,11801,2019,94,83,177
118,11802,2019,41,34,75
118,11803,2019,16,9,25
118,11804,2019,36,29,65
119,11901,2019,154,106,260
119,11902,2019,10,10,20
119,11903,2019,100,68,168
119,11904,2019,22,18,40
119,11905,2019,21,17,38
119,11906,2019,17,12,29
119,11907,2019,19,12,31
119,11908,2019,30,8,38
119,11909,2019,5,6,11
119,11910,2019,6,3,9
119,11911,2019,16,8,24
119,11912,2019,5,1,6
120,12001,2019,16,12,28
120,12002,2019,3,0,3
120,12003,2019,3,8,11
120,12004,2019,6,6,12
120,12005,2019,2,1,3
120,12006,2019,6,5,11
201,20101,2019,245,210,455
201,20102,2019,124,81,205
201,20103,2019,25,13,38
201,20104,2019,73,51,124
201,20105,2019,50,45,95
201,20106,2019,42,28,70
201,20107,2019,25,18,43
201,20108,2019,62,54,116
201,20109,2019,35,25,60
201,20110,2019,56,58,114
201,20111,2019,29,15,44
201,20112,2019,34,29,63
201,20113,2019,26,19,45
201,20114,2019,3,5,8
202,20201,2019,45,41,86
202,20202,2019,14,9,23
202,20203,2019,35,25,60
202,20204,2019,25,16,41
202,20205,2019,11,11,22
202,20206,2019,23,11,34
202,20207,2019,12,10,22
202,20208,2019,16,13,29
202,20209,2019,16,7,23
202,20210,2019,9,3,12
202,20211,2019,5,7,12
202,20212,2019,0,0,0
202,20213,2019,10,17,27
202,20214,2019,6,6,12
203,20301,2019,60,56,116
203,20302,2019,16,18,34
203,20303,2019,23,18,41
203,20304,2019,36,23,59
203,20305,2019,19,14,33
203,20307,2019,22,29,51
203,20308,2019,20,19,39
204,20401,2019,11,5,16
204,20402,2019,1,1,2
204,20403,2019,6,3,9
204,20404,2019,6,3,9
205,20501,2019,35,36,71
205,20502,2019,12,17,29
205,20503,2019,11,9,20
205,20504,2019,6,8,14
205,20505,2019,6,8,14
205,20506,2019,8,2,10
205,20507,2019,9,4,13
205,20508,2019,2,1,3
206,20601,2019,54,46,100
206,20602,2019,7,8,15
206,20603,2019,6,11,17
206,20604,2019,8,9,17
206,20605,2019,16,10,26
206,20606,2019,6,7,13
206,20607,2019,3,7,10
206,20608,2019,14,17,31
207,20701,2019,17,17,34
207,20702,2019,35,24,59
207,20703,2019,23,23,46
207,20704,2019,8,6,14
207,20705,2019,7,4,11
207,20706,2019,17,11,28
207,20707,2019,16,9,25
208,20801,2019,34,32,66
208,20802,2019,11,5,16
208,20803,2019,9,16,25
208,20804,2019,22,12,34
208,20805,2019,8,2,10
209,20901,2019,34,26,60
209,20902,2019,3,4,7
209,20903,2019,4,5,9
209,20904,2019,15,10,25
209,20905,2019,8,1,9
210,21001,2019,119,109,228
210,21002,2019,27,32,59
210,21003,2019,1,0,1
210,21004,2019,60,28,88
210,21005,2019,29,17,46
210,21006,2019,43,20,63
210,21007,2019,43,23,66
210,21008,2019,23,8,31
210,21009,2019,19,16,35
210,21010,2019,7,2,9
210,21011,2019,26,14,40
210,21012,2019,6,4,10
210,21013,2019,39,20,59
211,21101,2019,19,15,34
211,21102,2019,6,4,10
211,21103,2019,3,1,4
211,21104,2019,2,3,5
211,21105,2019,3,1,4
211,21106,2019,3,1,4
211,21107,2019,2,3,5
212,21201,2019,29,35,64
212,21202,2019,14,13,27
212,21203,2019,2,1,3
212,21204,2019,11,4,15
212,21205,2019,5,0,5
213,21301,2019,38,22,60
213,21302,2019,10,13,23
213,21303,2019,20,21,41
213,21304,2019,18,11,29
213,21305,2019,13,8,21
213,21306,2019,9,4,13
213,21307,2019,8,6,14
213,21308,2019,11,9,20
214,21401,2019,47,22,69
214,21402,2019,4,0,4
214,21403,2019,12,9,21
214,21404,2019,5,4,9
215,21501,2019,23,17,40
215,21502,2019,3,3,6
215,21503,2019,1,2,3
215,21504,2019,13,10,23
216,21601,2019,21,9,30
216,21602,2019,2,2,4
216,21603,2019,5,1,6
301,30101,2019,68,80,148
301,30102,2019,57,37,94
301,30103,2019,59,38,97
301,30104,2019,63,67,130
301,30105,2019,50,60,110
301,30106,2019,44,35,79
301,30107,2019,38,25,63
301,30108,2019,18,13,31
301,30109,2019,39,26,65
301,30110,2019,9,9,18
301,30111,2019,14,14,28
302,30201,2019,83,67,150
302,30202,2019,18,18,36
302,30203,2019,34,29,63
302,30204,2019,17,13,30
302,30205,2019,31,33,64
303,30301,2019,60,46,106
303,30302,2019,39,42,81
303,30303,2019,14,13,27
303,30304,2019,28,28,56
303,30305,2019,39,25,64
303,30306,2019,26,20,46
303,30307,2019,10,10,20
303,30308,2019,28,12,40
304,30401,2019,32,19,51
304,30402,2019,24,14,38
304,30403,2019,8,11,19
305,30501,2019,101,88,189
305,30502,2019,26,19,45
305,30503,2019,0,1,1
305,30504,2019,11,9,20
305,30505,2019,15,11,26
305,30506,2019,12,5,17
305,30507,2019,6,5,11
305,30508,2019,8,6,14
305,30509,2019,18,11,29
305,30510,2019,8,2,10
305,30511,2019,14,12,26
305,30512,2019,11,12,23
306,30601,2019,12,15,27
306,30602,2019,24,10,34
306,30603,2019,9,8,17
307,30701,2019,93,71,164
307,30702,2019,16,16,32
307,30703,2019,6,4,10
307,30704,2019,13,7,20
307,30705,2019,9,6,15
308,30801,2019,68,68,136
308,30802,2019,25,15,40
308,30803,2019,12,14,26
308,30804,2019,2,1,3
401,40101,2019,101,86,187
401,40102,2019,71,80,151
401,40103,2019,110,101,211
401,40104,2019,51,49,100
401,40105,2019,2,1,3
402,40201,2019,19,23,42
402,40202,2019,30,18,48
402,40203,2019,15,14,29
402,40204,2019,14,7,21
402,40205,2019,22,23,45
402,40206,2019,19,15,34
403,40301,2019,44,32,76
403,40302,2019,17,16,33
403,40303,2019,18,18,36
403,40304,2019,3,6,9
403,40305,2019,15,19,34
403,40306,2019,23,22,45
403,40307,2019,12,5,17
403,40308,2019,14,5,19
404,40401,2019,30,25,55
404,40402,2019,13,12,25
404,40403,2019,32,15,47
404,40404,2019,23,19,42
404,40405,2019,11,4,15
404,40406,2019,13,6,19
405,40501,2019,44,36,80
405,40502,2019,38,30,68
405,40503,2019,15,14,29
405,40504,2019,24,22,46
405,40505,2019,9,11,20
406,40601,2019,33,25,58
406,40602,2019,16,15,31
406,40603,2019,4,6,10
406,40604,2019,8,6,14
407,40701,2019,29,26,55
407,40702,2019,26,20,46
407,40703,2019,12,12,24
408,40801,2019,23,21,44
408,40802,2019,13,12,25
408,40803,2019,20,18,38
409,40901,2019,63,52,115
409,40902,2019,10,14,24
410,41001,2019,63,29,92
410,41002,2019,32,15,47
410,41003,2019,64,36,100
410,41004,2019,3,3,6
410,41005,2019,0,0,0
501,50101,2019,164,119,283
501,50102,2019,8,7,15
501,50103,2019,7,1,8
501,50104,2019,12,5,17
501,50105,2019,6,2,8
502,50201,2019,115,81,196
502,50202,2019,16,20,36
502,50203,2019,27,26,53
502,50204,2019,16,4,20
502,50205,2019,12,6,18
502,50206,2019,15,10,25
502,50207,2019,6,9,15
503,50301,2019,78,72,150
503,50302,2019,7,5,12
503,50303,2019,32,19,51
503,50304,2019,20,12,32
503,50305,2019,7,8,15
503,50306,2019,9,4,13
503,50307,2019,27,16,43
503,50308,2019,20,13,33
503,50309,2019,25,9,34
504,50401,2019,42,30,72
504,50402,2019,6,7,13
504,50403,2019,9,4,13
504,50404,2019,5,2,7
505,50501,2019,30,26,56
505,50502,2019,15,14,29
505,50503,2019,54,39,93
505,50504,2019,35,25,60
506,50601,2019,77,59,136
506,50602,2019,4,2,6
506,50603,2019,5,3,8
506,50604,2019,6,6,12
506,50605,2019,2,3,5
507,50701,2019,43,29,72
507,50702,2019,6,2,8
507,50703,2019,4,4,8
507,50704,2019,17,10,27
508,50801,2019,17,23,40
508,50802,2019,5,1,6
508,50803,2019,7,1,8
508,50804,2019,6,2,8
508,50805,2019,5,0,5
508,50806,2019,2,6,8
508,50807,2019,13,6,19
509,50901,2019,14,7,21
509,50902,2019,3,5,8
509,50903,2019,6,3,9
509,50904,2019,8,3,11
509,50905,2019,3,3,6
509,50906,2019,7,5,12
510,51001,2019,33,22,55
510,51002,2019,24,13,37
510,51003,2019,6,0,6
510,51004,2019,6,3,9
511,51101,2019,8,7,15
511,51102,2019,1,1,2
511,51103,2019,3,4,7
511,51104,2019,2,1,3
511,51105,2019,1,3,4
601,60101,2019,45,44,89
601,60102,2019,15,4,19
601,60103,2019,24,4,28
601,60104,2019,28,21,49
601,60105,2019,23,14,37
601,60106,2019,7,7,14
601,60107,2019,5,1,6
601,60108,2019,96,76,172
612,61201,2019,9,10,19
601,60110,2019,0,0,0
601,60111,2019,26,9,35
601,60112,2019,74,53,127
601,60113,2019,4,3,7
601,60114,2019,5,6,11
601,60115,2019,50,36,86
601,60116,2019,1,0,1
602,60201,2019,54,45,99
602,60202,2019,16,12,28
602,60203,2019,15,8,23
602,60204,2019,0,3,3
602,60205,2019,4,2,6
602,60206,2019,7,4,11
603,60301,2019,47,43,90
603,60302,2019,14,7,21
603,60303,2019,10,5,15
603,60304,2019,6,9,15
603,60305,2019,1,1,2
603,60306,2019,1,0,1
603,60307,2019,3,4,7
603,60308,2019,2,0,2
603,60309,2019,6,7,13
604,60401,2019,46,20,66
604,60402,2019,2,0,2
604,60403,2019,10,3,13
605,60501,2019,28,23,51
605,60502,2019,29,22,51
605,60503,2019,7,3,10
605,60504,2019,16,4,20
605,60505,2019,8,14,22
605,60506,2019,4,0,4
606,60601,2019,70,43,113
606,60602,2019,6,6,12
606,60603,2019,15,9,24
607,60701,2019,51,33,84
613,61301,2019,32,21,53
607,60703,2019,47,32,79
607,60704,2019,16,9,25
608,60801,2019,28,23,51
608,60802,2019,35,20,55
608,60803,2019,26,13,39
608,60804,2019,11,7,18
608,60805,2019,8,5,13
608,60806,2019,3,4,7
609,60901,2019,40,41,81
610,61001,2019,75,36,111
610,61002,2019,16,8,24
610,61003,2019,42,23,65
610,61004,2019,40,9,49
611,61101,2019,46,23,69
611,61102,2019,26,12,38
701,70101,2019,253,137,390
701,70102,2019,37,27,64
701,70103,2019,22,10,32
701,70104,2019,18,14,32
702,70201,2019,100,66,166
702,70202,2019,27,19,46
702,70203,2019,70,47,117
702,70204,2019,30,23,53
702,70205,2019,109,70,179
702,70206,2019,2,3,5
702,70207,2019,8,10,18
703,70301,2019,103,62,165
703,70302,2019,29,18,47
703,70303,2019,1,2,3
703,70304,2019,6,4,10
703,70305,2019,20,11,31
703,70306,2019,12,8,20
703,70307,2019,6,3,9
704,70401,2019,24,16,40
704,70402,2019,32,17,49
704,70403,2019,45,19,64
704,70404,2019,18,12,30
705,70501,2019,28,17,45
705,70502,2019,48,30,78
705,70503,2019,34,11,45
706,70601,2019,49,49,98
706,70602,2019,0,2,2
706,70603,2019,25,11,36
706,70604,2019,24,19,43
706,70605,2019,15,12,27
101,10101,2020,58,50,108
101,10102,2020,42,42,84
101,10103,2020,123,87,210
101,10104,2020,86,60,146
101,10105,2020,96,70,166
101,10106,2020,82,76,158
101,10107,2020,133,90,223
101,10108,2020,49,36,85
101,10109,2020,267,211,478
101,10110,2020,201,207,408
101,10111,2020,141,113,254
102,10201,2020,56,49,105
102,10202,2020,71,49,120
102,10203,2020,89,87,176
103,10301,2020,166,137,303
103,10302,2020,132,97,229
103,10303,2020,55,45,100
103,10304,2020,41,48,89
103,10305,2020,51,31,82
103,10306,2020,8,13,21
103,10307,2020,36,24,60
103,10308,2020,14,9,23
103,10309,2020,11,8,19
103,10310,2020,33,34,67
103,10311,2020,50,64,114
103,10312,2020,54,54,108
103,10313,2020,66,44,110
104,10401,2020,35,37,72
104,10402,2020,23,22,45
104,10403,2020,10,10,20
104,10404,2020,2,7,9
104,10405,2020,5,3,8
104,10406,2020,7,2,9
104,10407,2020,4,5,9
104,10408,2020,13,8,21
104,10409,2020,5,5,10
105,10501,2020,40,28,68
105,10502,2020,8,11,19
105,10503,2020,4,3,7
106,10601,2020,110,85,195
106,10602,2020,6,7,13
106,10603,2020,20,16,36
106,10604,2020,16,23,39
106,10605,2020,3,3,6
106,10606,2020,3,1,4
106,10607,2020,25,23,48
107,10701,2020,64,49,113
107,10702,2020,13,9,22
107,10703,2020,14,11,25
107,10704,2020,0,1,1
107,10705,2020,3,2,5
107,10706,2020,3,0,3
107,10707,2020,4,4,8
108,10801,2020,152,135,287
108,10802,2020,16,8,24
108,10803,2020,66,49,115
108,10804,2020,40,35,75
108,10805,2020,85,91,176
108,10806,2020,15,3,18
108,10807,2020,81,66,147
109,10901,2020,53,23,76
109,10902,2020,15,9,24
109,10903,2020,34,34,68
109,10904,2020,23,20,43
109,10905,2020,23,21,44
109,10906,2020,3,4,7
110,11001,2020,51,45,96
110,11002,2020,36,24,60
110,11003,2020,11,6,17
110,11004,2020,68,38,106
110,11005,2020,94,68,162
111,11101,2020,56,49,105
111,11102,2020,28,23,51
111,11103,2020,39,26,65
111,11104,2020,61,55,116
111,11105,2020,14,18,32
112,11201,2020,23,28,51
112,11202,2020,9,6,15
112,11203,2020,13,4,17
112,11204,2020,13,2,15
112,11205,2020,6,4,10
113,11301,2020,105,102,207
113,11302,2020,35,24,59
113,11303,2020,35,41,76
113,11304,2020,48,38,86
113,11305,2020,39,41,80
114,11401,2020,124,108,232
114,11402,2020,18,9,27
114,11403,2020,41,49,90
115,11501,2020,86,85,171
115,11502,2020,33,45,78
115,11503,2020,5,10,15
115,11504,2020,23,23,46
116,11601,2020,5,4,9
116,11602,2020,1,1,2
116,11603,2020,7,3,10
116,11604,2020,2,1,3
116,11605,2020,4,3,7
117,11701,2020,26,21,47
117,11702,2020,0,3,3
117,11703,2020,1,4,5
118,11801,2020,91,99,190
118,11802,2020,38,32,70
118,11803,2020,17,7,24
118,11804,2020,54,42,96
119,11901,2020,159,100,259
119,11902,2020,22,12,34
119,11903,2020,109,79,188
119,11904,2020,23,13,36
119,11905,2020,15,15,30
119,11906,2020,17,16,33
119,11907,2020,13,12,25
119,11908,2020,26,22,48
119,11909,2020,8,2,10
119,11910,2020,15,9,24
119,11911,2020,8,9,17
119,11912,2020,3,0,3
120,12001,2020,13,11,24
120,12002,2020,5,3,8
120,12003,2020,1,5,6
120,12004,2020,4,5,9
120,12005,2020,3,4,7
120,12006,2020,3,4,7
201,20101,2020,255,204,459
201,20102,2020,131,81,212
201,20103,2020,22,15,37
201,20104,2020,88,49,137
201,20105,2020,60,54,114
201,20106,2020,40,32,72
201,20107,2020,18,17,35
201,20108,2020,79,41,120
201,20109,2020,32,35,67
201,20110,2020,79,62,141
201,20111,2020,29,17,46
201,20112,2020,37,30,67
201,20113,2020,25,26,51
201,20114,2020,4,4,8
202,20201,2020,64,44,108
202,20202,2020,19,13,32
202,20203,2020,50,41,91
202,20204,2020,17,17,34
202,20205,2020,15,10,25
202,20206,2020,19,20,39
202,20207,2020,17,11,28
202,20208,2020,21,11,32
202,20209,2020,21,19,40
202,20210,2020,7,7,14
202,20211,2020,10,4,14
202,20212,2020,0,0,0
202,20213,2020,36,14,50
202,20214,2020,5,6,11
203,20301,2020,64,61,125
203,20302,2020,11,11,22
203,20303,2020,21,17,38
203,20304,2020,33,31,64
203,20305,2020,20,22,42
203,20307,2020,32,31,63
203,20308,2020,21,15,36
204,20401,2020,13,7,20
204,20402,2020,4,0,4
204,20403,2020,3,6,9
204,20404,2020,2,2,4
205,20501,2020,51,34,85
205,20502,2020,7,8,15
205,20503,2020,14,8,22
205,20504,2020,9,5,14
205,20505,2020,8,7,15
205,20506,2020,4,2,6
205,20507,2020,7,5,12
205,20508,2020,3,4,7
206,20601,2020,62,35,97
206,20602,2020,8,4,12
206,20603,2020,6,9,15
206,20604,2020,15,9,24
206,20605,2020,11,5,16
206,20606,2020,13,6,19
206,20607,2020,10,6,16
206,20608,2020,12,7,19
207,20701,2020,25,21,46
207,20702,2020,16,24,40
207,20703,2020,20,27,47
207,20704,2020,11,5,16
207,20705,2020,8,6,14
207,20706,2020,24,8,32
207,20707,2020,12,15,27
208,20801,2020,25,13,38
208,20802,2020,12,9,21
208,20803,2020,26,8,34
208,20804,2020,26,10,36
208,20805,2020,7,4,11
209,20901,2020,38,27,65
209,20902,2020,3,5,8
209,20903,2020,2,4,6
209,20904,2020,19,15,34
209,20905,2020,5,3,8
210,21001,2020,121,89,210
210,21002,2020,51,30,81
210,21003,2020,0,0,0
210,21004,2020,59,28,87
210,21005,2020,14,16,30
210,21006,2020,49,26,75
210,21007,2020,36,22,58
210,21008,2020,23,11,34
210,21009,2020,14,9,23
210,21010,2020,5,5,10
210,21011,2020,29,12,41
210,21012,2020,8,7,15
210,21013,2020,52,26,78
211,21101,2020,24,15,39
211,21102,2020,8,3,11
211,21103,2020,5,3,8
211,21104,2020,2,1,3
211,21105,2020,1,2,3
211,21106,2020,0,0,0
211,21107,2020,3,4,7
212,21201,2020,31,23,54
212,21202,2020,19,10,29
212,21203,2020,1,0,1
212,21204,2020,6,10,16
212,21205,2020,2,3,5
213,21301,2020,40,36,76
213,21302,2020,25,15,40
213,21303,2020,19,22,41
213,21304,2020,21,5,26
213,21305,2020,17,8,25
213,21306,2020,11,5,16
213,21307,2020,7,5,12
213,21308,2020,9,7,16
214,21401,2020,43,28,71
214,21402,2020,5,3,8
214,21403,2020,14,8,22
214,21404,2020,5,4,9
215,21501,2020,24,12,36
215,21502,2020,5,1,6
215,21503,2020,1,1,2
215,21504,2020,12,5,17
216,21601,2020,24,10,34
216,21602,2020,4,1,5
216,21603,2020,2,2,4
301,30101,2020,82,51,133
301,30102,2020,53,34,87
301,30103,2020,67,51,118
301,30104,2020,79,63,142
301,30105,2020,62,62,124
301,30106,2020,48,42,90
301,30107,2020,36,23,59
301,30108,2020,18,10,28
301,30109,2020,25,35,60
301,30110,2020,8,12,20
301,30111,2020,14,9,23
302,30201,2020,62,62,124
302,30202,2020,12,8,20
302,30203,2020,26,19,45
302,30204,2020,19,18,37
302,30205,2020,49,22,71
303,30301,2020,41,52,93
303,30302,2020,50,41,91
303,30303,2020,19,16,35
303,30304,2020,42,38,80
303,30305,2020,54,42,96
303,30306,2020,35,25,60
303,30307,2020,13,10,23
303,30308,2020,25,24,49
304,30401,2020,26,16,42
304,30402,2020,14,8,22
304,30403,2020,10,6,16
305,30501,2020,97,72,169
305,30502,2020,34,26,60
305,30503,2020,2,0,2
305,30504,2020,23,13,36
305,30505,2020,14,7,21
305,30506,2020,18,12,30
305,30507,2020,8,3,11
305,30508,2020,6,3,9
305,30509,2020,18,8,26
305,30510,2020,8,6,14
305,30511,2020,10,11,21
305,30512,2020,14,9,23
306,30601,2020,16,16,32
306,30602,2020,17,15,32
306,30603,2020,5,7,12
307,30701,2020,86,75,161
307,30702,2020,24,19,43
307,30703,2020,6,4,10
307,30704,2020,12,7,19
307,30705,2020,13,5,18
308,30801,2020,74,45,119
308,30802,2020,38,22,60
308,30803,2020,17,12,29
308,30804,2020,0,0,0
401,40101,2020,102,89,191
401,40102,2020,77,81,158
401,40103,2020,165,119,284
401,40104,2020,70,54,124
401,40105,2020,1,0,1
402,40201,2020,21,23,44
402,40202,2020,28,23,51
402,40203,2020,27,17,44
402,40204,2020,13,10,23
402,40205,2020,26,9,35
402,40206,2020,20,19,39
403,40301,2020,40,32,72
403,40302,2020,36,26,62
403,40303,2020,21,21,42
403,40304,2020,6,5,11
403,40305,2020,17,18,35
403,40306,2020,22,34,56
403,40307,2020,12,8,20
403,40308,2020,16,9,25
404,40401,2020,31,22,53
404,40402,2020,18,13,31
404,40403,2020,22,14,36
404,40404,2020,26,22,48
404,40405,2020,6,6,12
404,40406,2020,13,5,18
405,40501,2020,55,33,88
405,40502,2020,44,21,65
405,40503,2020,25,23,48
405,40504,2020,38,21,59
405,40505,2020,15,14,29
406,40601,2020,28,18,46
406,40602,2020,15,22,37
406,40603,2020,14,11,25
406,40604,2020,16,11,27
407,40701,2020,33,17,50
407,40702,2020,29,24,53
407,40703,2020,17,13,30
408,40801,2020,37,32,69
408,40802,2020,14,17,31
408,40803,2020,22,18,40
409,40901,2020,73,55,128
409,40902,2020,14,16,30
410,41001,2020,64,27,91
410,41002,2020,36,19,55
410,41003,2020,86,44,130
410,41004,2020,2,1,3
410,41005,2020,3,0,3
501,50101,2020,199,134,333
501,50102,2020,12,7,19
501,50103,2020,4,4,8
501,50104,2020,4,1,5
501,50105,2020,8,5,13
502,50201,2020,98,86,184
502,50202,2020,28,25,53
502,50203,2020,46,21,67
502,50204,2020,6,9,15
502,50205,2020,15,7,22
502,50206,2020,17,12,29
502,50207,2020,9,4,13
503,50301,2020,62,63,125
503,50302,2020,12,3,15
503,50303,2020,38,24,62
503,50304,2020,23,6,29
503,50305,2020,16,12,28
503,50306,2020,8,3,11
503,50307,2020,19,18,37
503,50308,2020,15,2,17
503,50309,2020,32,13,45
504,50401,2020,56,26,82
504,50402,2020,8,5,13
504,50403,2020,11,6,17
504,50404,2020,5,4,9
505,50501,2020,38,29,67
505,50502,2020,20,8,28
505,50503,2020,62,41,103
505,50504,2020,35,20,55
506,50601,2020,77,51,128
506,50602,2020,3,0,3
506,50603,2020,9,8,17
506,50604,2020,13,2,15
506,50605,2020,4,2,6
507,50701,2020,35,19,54
507,50702,2020,8,7,15
507,50703,2020,11,0,11
507,50704,2020,17,7,24
508,50801,2020,34,23,57
508,50802,2020,14,6,20
508,50803,2020,5,4,9
508,50804,2020,7,0,7
508,50805,2020,2,2,4
508,50806,2020,10,1,11
508,50807,2020,14,6,20
509,50901,2020,11,5,16
509,50902,2020,4,5,9
509,50903,2020,4,3,7
509,50904,2020,3,1,4
509,50905,2020,3,3,6
509,50906,2020,5,3,8
510,51001,2020,40,18,58
510,51002,2020,29,10,39
510,51003,2020,3,3,6
510,51004,2020,8,2,10
511,51101,2020,19,7,26
511,51102,2020,3,1,4
511,51103,2020,3,3,6
511,51104,2020,1,2,3
511,51105,2020,1,6,7
601,60101,2020,54,26,80
601,60102,2020,6,2,8
601,60103,2020,25,12,37
601,60104,2020,44,24,68
601,60105,2020,21,14,35
601,60106,2020,17,7,24
601,60107,2020,3,2,5
601,60108,2020,122,85,207
612,61201,2020,15,5,20
601,60110,2020,0,0,0
601,60111,2020,22,14,36
601,60112,2020,103,63,166
601,60113,2020,5,3,8
601,60114,2020,2,4,6
601,60115,2020,52,32,84
601,60116,2020,1,0,1
602,60201,2020,55,53,108
602,60202,2020,15,8,23
602,60203,2020,18,12,30
602,60204,2020,7,3,10
602,60205,2020,3,2,5
602,60206,2020,5,3,8
603,60301,2020,70,59,129
603,60302,2020,13,4,17
603,60303,2020,26,18,44
603,60304,2020,5,9,14
603,60305,2020,5,5,10
603,60306,2020,1,5,6
603,60307,2020,2,1,3
603,60308,2020,3,3,6
603,60309,2020,9,6,15
604,60401,2020,40,29,69
604,60402,2020,1,1,2
604,60403,2020,10,12,22
605,60501,2020,27,17,44
605,60502,2020,56,15,71
605,60503,2020,14,4,18
605,60504,2020,15,4,19
605,60505,2020,15,8,23
605,60506,2020,0,1,1
606,60601,2020,85,34,119
606,60602,2020,11,6,17
606,60603,2020,12,6,18
607,60701,2020,38,22,60
613,61301,2020,28,15,43
607,60703,2020,44,25,69
607,60704,2020,14,8,22
608,60801,2020,38,26,64
608,60802,2020,40,21,61
608,60803,2020,13,15,28
608,60804,2020,12,7,19
608,60805,2020,8,3,11
608,60806,2020,8,3,11
609,60901,2020,59,25,84
610,61001,2020,82,46,128
610,61002,2020,8,16,24
610,61003,2020,41,16,57
610,61004,2020,37,24,61
611,61101,2020,37,17,54
611,61102,2020,29,11,40
701,70101,2020,244,181,425
701,70102,2020,50,29,79
701,70103,2020,33,9,42
701,70104,2020,20,16,36
702,70201,2020,118,72,190
702,70202,2020,24,23,47
702,70203,2020,83,44,127
702,70204,2020,35,33,68
702,70205,2020,119,76,195
702,70206,2020,4,4,8
702,70207,2020,17,8,25
703,70301,2020,94,68,162
703,70302,2020,20,11,31
703,70303,2020,4,4,8
703,70304,2020,13,7,20
703,70305,2020,16,10,26
703,70306,2020,16,11,27
703,70307,2020,1,1,2
704,70401,2020,45,22,67
704,70402,2020,28,14,42
704,70403,2020,49,21,70
704,70404,2020,29,20,49
705,70501,2020,31,23,54
705,70502,2020,66,48,114
705,70503,2020,30,19,49
706,70601,2020,64,43,107
706,70602,2020,0,1,1
706,70603,2020,27,15,42
706,70604,2020,21,15,36
706,70605,2020,12,5,17
101,10101,2021,47,32,79
101,10102,2021,74,58,132
101,10103,2021,148,99,247
101,10104,2021,92,81,173
101,10105,2021,110,90,200
101,10106,2021,87,85,172
101,10107,2021,106,86,192
101,10108,2021,58,63,121
101,10109,2021,268,223,491
101,10110,2021,255,234,489
101,10111,2021,151,153,304
102,10201,2021,63,54,117
102,10202,2021,69,75,144
102,10203,2021,98,88,186
103,10301,2021,155,151,306
103,10302,2021,137,113,250
103,10303,2021,71,55,126
103,10304,2021,47,50,97
103,10305,2021,49,42,91
103,10306,2021,9,6,15
103,10307,2021,34,34,68
103,10308,2021,14,11,25
103,10309,2021,9,10,19
103,10310,2021,49,35,84
103,10311,2021,94,55,149
103,10312,2021,58,58,116
103,10313,2021,68,47,115
104,10401,2021,48,39,87
104,10402,2021,17,20,37
104,10403,2021,20,17,37
104,10404,2021,3,2,5
104,10405,2021,5,9,14
104,10406,2021,11,4,15
104,10407,2021,4,0,4
104,10408,2021,15,14,29
104,10409,2021,10,10,20
105,10501,2021,44,29,73
105,10502,2021,5,16,21
105,10503,2021,5,1,6
106,10601,2021,119,104,223
106,10602,2021,13,11,24
106,10603,2021,23,17,40
106,10604,2021,25,7,32
106,10605,2021,3,1,4
106,10606,2021,3,3,6
106,10607,2021,29,19,48
107,10701,2021,68,48,116
107,10702,2021,15,12,27
107,10703,2021,18,16,34
107,10704,2021,1,1,2
107,10705,2021,4,3,7
107,10706,2021,1,1,2
107,10707,2021,4,2,6
108,10801,2021,167,173,340
108,10802,2021,5,9,14
108,10803,2021,71,65,136
108,10804,2021,57,47,104
108,10805,2021,117,85,202
108,10806,2021,21,14,35
108,10807,2021,88,55,143
109,10901,2021,59,49,108
109,10902,2021,15,11,26
109,10903,2021,56,35,91
109,10904,2021,30,21,51
109,10905,2021,26,20,46
109,10906,2021,10,11,21
110,11001,2021,51,62,113
110,11002,2021,43,30,73
110,11003,2021,18,7,25
110,11004,2021,56,65,121
110,11005,2021,89,67,156
111,11101,2021,73,52,125
111,11102,2021,22,18,40
111,11103,2021,44,38,82
111,11104,2021,97,55,152
111,11105,2021,33,18,51
112,11201,2021,34,26,60
112,11202,2021,6,5,11
112,11203,2021,14,7,21
112,11204,2021,3,9,12
112,11205,2021,9,5,14
113,11301,2021,119,104,223
113,11302,2021,43,25,68
113,11303,2021,26,51,77
113,11304,2021,60,53,113
113,11305,2021,33,36,69
114,11401,2021,150,126,276
114,11402,2021,25,17,42
114,11403,2021,52,57,109
115,11501,2021,91,113,204
115,11502,2021,40,45,85
115,11503,2021,6,11,17
115,11504,2021,38,26,64
116,11601,2021,10,2,12
116,11602,2021,1,1,2
116,11603,2021,8,5,13
116,11604,2021,5,2,7
116,11605,2021,10,2,12
117,11701,2021,11,13,24
117,11702,2021,3,0,3
117,11703,2021,8,4,12
118,11801,2021,143,105,248
118,11802,2021,40,39,79
118,11803,2021,32,28,60
118,11804,2021,69,43,112
119,11901,2021,195,161,356
119,11902,2021,27,16,43
119,11903,2021,131,97,228
119,11904,2021,19,18,37
119,11905,2021,26,18,44
119,11906,2021,21,16,37
119,11907,2021,22,9,31
119,11908,2021,36,24,60
119,11909,2021,12,7,19
119,11910,2021,6,6,12
119,11911,2021,13,16,29
119,11912,2021,5,4,9
120,12001,2021,7,14,21
120,12002,2021,2,4,6
120,12003,2021,5,1,6
120,12004,2021,1,2,3
120,12005,2021,7,5,12
120,12006,2021,7,4,11
201,20101,2021,289,275,564
201,20102,2021,141,112,253
201,20103,2021,28,13,41
201,20104,2021,111,90,201
201,20105,2021,68,58,126
201,20106,2021,53,47,100
201,20107,2021,26,22,48
201,20108,2021,102,55,157
201,20109,2021,40,44,84
201,20110,2021,94,79,173
201,20111,2021,32,23,55
201,20112,2021,56,38,94
201,20113,2021,23,23,46
201,20114,2021,7,7,14
202,20201,2021,71,77,148
202,20202,2021,24,18,42
202,20203,2021,57,41,98
202,20204,2021,29,22,51
202,20205,2021,17,9,26
202,20206,2021,29,22,51
202,20207,2021,19,12,31
202,20208,2021,20,13,33
202,20209,2021,19,21,40
202,20210,2021,10,3,13
202,20211,2021,6,7,13
202,20212,2021,1,1,2
202,20213,2021,31,23,54
202,20214,2021,9,12,21
203,20301,2021,72,78,150
203,20302,2021,19,17,36
203,20303,2021,27,19,46
203,20304,2021,43,31,74
203,20305,2021,35,21,56
203,20307,2021,43,26,69
203,20308,2021,24,16,40
204,20401,2021,13,8,21
204,20402,2021,3,1,4
204,20403,2021,4,6,10
204,20404,2021,7,5,12
205,20501,2021,46,31,77
205,20502,2021,8,17,25
205,20503,2021,19,8,27
205,20504,2021,7,4,11
205,20505,2021,12,12,24
205,20506,2021,7,7,14
205,20507,2021,11,5,16
205,20508,2021,1,4,5
206,20601,2021,52,58,110
206,20602,2021,7,6,13
206,20603,2021,8,11,19
206,20604,2021,19,13,32
206,20605,2021,18,8,26
206,20606,2021,6,10,16
206,20607,2021,8,8,16
206,20608,2021,10,11,21
207,20701,2021,29,24,53
207,20702,2021,28,35,63
207,20703,2021,17,21,38
207,20704,2021,7,5,12
207,20705,2021,5,3,8
207,20706,2021,26,14,40
207,20707,2021,25,26,51
208,20801,2021,38,17,55
208,20802,2021,22,12,34
208,20803,2021,15,12,27
208,20804,2021,36,21,57
208,20805,2021,15,7,22
209,20901,2021,44,26,70
209,20902,2021,12,4,16
209,20903,2021,8,8,16
209,20904,2021,18,12,30
209,20905,2021,10,3,13
210,21001,2021,155,119,274
210,21002,2021,68,40,108
210,21003,2021,1,0,1
210,21004,2021,97,62,159
210,21005,2021,24,22,46
210,21006,2021,61,36,97
210,21007,2021,68,33,101
210,21008,2021,21,20,41
210,21009,2021,31,15,46
210,21010,2021,5,4,9
210,21011,2021,35,18,53
210,21012,2021,17,5,22
210,21013,2021,67,26,93
211,21101,2021,19,14,33
211,21102,2021,10,9,19
211,21103,2021,5,1,6
211,21104,2021,3,3,6
211,21105,2021,5,3,8
211,21106,2021,1,1,2
211,21107,2021,3,4,7
212,21201,2021,33,34,67
212,21202,2021,24,18,42
212,21203,2021,3,0,3
212,21204,2021,12,8,20
212,21205,2021,8,4,12
213,21301,2021,46,46,92
213,21302,2021,24,12,36
213,21303,2021,30,21,51
213,21304,2021,21,8,29
213,21305,2021,10,7,17
213,21306,2021,17,5,22
213,21307,2021,9,8,17
213,21308,2021,20,18,38
214,21401,2021,75,44,119
214,21402,2021,9,4,13
214,21403,2021,27,11,38
214,21404,2021,9,5,14
215,21501,2021,26,19,45
215,21502,2021,6,2,8
215,21503,2021,2,1,3
215,21504,2021,20,7,27
216,21601,2021,17,9,26
216,21602,2021,6,5,11
216,21603,2021,8,8,16
301,30101,2021,73,68,141
301,30102,2021,40,49,89
301,30103,2021,80,61,141
301,30104,2021,95,71,166
301,30105,2021,78,58,136
301,30106,2021,52,41,93
301,30107,2021,41,29,70
301,30108,2021,28,15,43
301,30109,2021,33,27,60
301,30110,2021,16,8,24
301,30111,2021,18,11,29
302,30201,2021,70,76,146
302,30202,2021,16,14,30
302,30203,2021,34,27,61
302,30204,2021,23,14,37
302,30205,2021,46,36,82
303,30301,2021,64,50,114
303,30302,2021,61,63,124
303,30303,2021,35,21,56
303,30304,2021,49,44,93
303,30305,2021,53,44,97
303,30306,2021,26,20,46
303,30307,2021,11,4,15
303,30308,2021,34,23,57
304,30401,2021,24,14,38
304,30402,2021,18,10,28
304,30403,2021,14,5,19
305,30501,2021,109,108,217
305,30502,2021,33,23,56
305,30503,2021,3,4,7
305,30504,2021,14,14,28
305,30505,2021,19,14,33
305,30506,2021,10,12,22
305,30507,2021,6,3,9
305,30508,2021,5,6,11
305,30509,2021,24,17,41
305,30510,2021,7,3,10
305,30511,2021,18,12,30
305,30512,2021,13,11,24
306,30601,2021,13,17,30
306,30602,2021,21,20,41
306,30603,2021,9,6,15
307,30701,2021,100,74,174
307,30702,2021,29,23,52
307,30703,2021,6,7,13
307,30704,2021,14,9,23
307,30705,2021,8,10,18
308,30801,2021,88,72,160
308,30802,2021,36,19,55
308,30803,2021,16,15,31
308,30804,2021,2,2,4
401,40101,2021,100,102,202
401,40102,2021,93,69,162
401,40103,2021,178,144,322
401,40104,2021,64,70,134
401,40105,2021,0,1,1
402,40201,2021,27,28,55
402,40202,2021,34,28,62
402,40203,2021,21,14,35
402,40204,2021,20,13,33
402,40205,2021,22,18,40
402,40206,2021,16,19,35
403,40301,2021,41,33,74
403,40302,2021,29,17,46
403,40303,2021,29,18,47
403,40304,2021,11,9,20
403,40305,2021,31,24,55
403,40306,2021,33,28,61
403,40307,2021,14,12,26
403,40308,2021,12,13,25
404,40401,2021,26,28,54
404,40402,2021,21,4,25
404,40403,2021,32,18,50
404,40404,2021,35,27,62
404,40405,2021,9,6,15
404,40406,2021,10,10,20
405,40501,2021,48,36,84
405,40502,2021,51,27,78
405,40503,2021,35,25,60
405,40504,2021,44,28,72
405,40505,2021,21,8,29
406,40601,2021,33,17,50
406,40602,2021,24,19,43
406,40603,2021,13,6,19
406,40604,2021,12,8,20
407,40701,2021,49,30,79
407,40702,2021,30,34,64
407,40703,2021,21,21,42
408,40801,2021,30,32,62
408,40802,2021,18,13,31
408,40803,2021,30,23,53
409,40901,2021,74,60,134
409,40902,2021,21,14,35
410,41001,2021,69,25,94
410,41002,2021,37,28,65
410,41003,2021,88,54,142
410,41004,2021,3,0,3
410,41005,2021,2,0,2
501,50101,2021,237,166,403
501,50102,2021,13,6,19
501,50103,2021,6,2,8
501,50104,2021,13,9,22
501,50105,2021,6,9,15
502,50201,2021,149,108,257
502,50202,2021,21,12,33
502,50203,2021,47,22,69
502,50204,2021,20,9,29
502,50205,2021,14,10,24
502,50206,2021,20,12,32
502,50207,2021,10,10,20
503,50301,2021,115,80,195
503,50302,2021,6,9,15
503,50303,2021,32,18,50
503,50304,2021,29,13,42
503,50305,2021,20,12,32
503,50306,2021,9,8,17
503,50307,2021,25,20,45
503,50308,2021,20,10,30
503,50309,2021,36,16,52
504,50401,2021,62,44,106
504,50402,2021,17,11,28
504,50403,2021,13,4,17
504,50404,2021,3,4,7
505,50501,2021,39,25,64
505,50502,2021,21,16,37
505,50503,2021,90,45,135
505,50504,2021,39,39,78
506,50601,2021,83,75,158
506,50602,2021,4,1,5
506,50603,2021,2,3,5
506,50604,2021,15,7,22
506,50605,2021,3,1,4
507,50701,2021,42,31,73
507,50702,2021,10,3,13
507,50703,2021,9,9,18
507,50704,2021,24,14,38
508,50801,2021,36,27,63
508,50802,2021,1,3,4
508,50803,2021,7,3,10
508,50804,2021,7,4,11
508,50805,2021,2,2,4
508,50806,2021,4,2,6
508,50807,2021,9,4,13
508,50808,2021,1,3,4
509,50901,2021,15,16,31
509,50902,2021,4,0,4
509,50903,2021,6,4,10
509,50904,2021,7,0,7
509,50905,2021,2,1,3
509,50906,2021,10,6,16
510,51001,2021,43,30,73
510,51002,2021,23,18,41
510,51003,2021,4,4,8
510,51004,2021,7,6,13
511,51101,2021,23,13,36
511,51102,2021,2,0,2
511,51103,2021,11,5,16
511,51104,2021,3,0,3
511,51105,2021,6,0,6
601,60101,2021,56,43,99
601,60102,2021,10,5,15
601,60103,2021,15,16,31
601,60104,2021,41,29,70
601,60105,2021,33,15,48
601,60106,2021,13,6,19
601,60107,2021,6,4,10
601,60108,2021,138,113,251
612,61201,2021,15,9,24
601,60110,2021,0,0,0
601,60111,2021,44,17,61
601,60112,2021,108,64,172
601,60113,2021,4,3,7
601,60114,2021,6,4,10
601,60115,2021,78,53,131
601,60116,2021,1,1,2
602,60201,2021,69,61,130
602,60202,2021,17,11,28
602,60203,2021,19,16,35
602,60204,2021,6,4,10
602,60205,2021,5,3,8
602,60206,2021,11,8,19
603,60301,2021,72,68,140
603,60302,2021,15,8,23
603,60303,2021,20,15,35
603,60304,2021,10,6,16
603,60305,2021,3,0,3
603,60306,2021,3,0,3
603,60307,2021,4,3,7
603,60308,2021,8,1,9
603,60309,2021,13,19,32
604,60401,2021,55,29,84
604,60402,2021,8,3,11
604,60403,2021,13,8,21
605,60501,2021,34,12,46
605,60502,2021,40,22,62
605,60503,2021,17,4,21
605,60504,2021,22,4,26
605,60505,2021,23,10,33
605,60506,2021,4,5,9
606,60601,2021,98,49,147
606,60602,2021,19,8,27
606,60603,2021,22,20,42
607,60701,2021,54,36,90
613,61301,2021,44,20,64
607,60703,2021,51,36,87
607,60704,2021,24,10,34
608,60801,2021,35,29,64
608,60802,2021,36,24,60
608,60803,2021,25,12,37
608,60804,2021,19,8,27
608,60805,2021,4,5,9
608,60806,2021,15,14,29
609,60901,2021,75,38,113
610,61001,2021,80,48,128
610,61002,2021,27,9,36
610,61003,2021,50,32,82
610,61004,2021,50,22,72
611,61101,2021,62,33,95
611,61102,2021,30,14,44
701,70101,2021,316,205,521
701,70102,2021,55,42,97
701,70103,2021,37,17,54
701,70104,2021,40,17,57
702,70201,2021,128,81,209
702,70202,2021,40,33,73
702,70203,2021,96,64,160
702,70204,2021,47,32,79
702,70205,2021,166,98,264
702,70206,2021,7,4,11
702,70207,2021,18,25,43
703,70301,2021,117,69,186
703,70302,2021,26,15,41
703,70303,2021,10,7,17
703,70304,2021,12,3,15
703,70305,2021,24,20,44
703,70306,2021,17,12,29
703,70307,2021,7,8,15
704,70401,2021,43,24,67
704,70402,2021,33,16,49
704,70403,2021,48,31,79
704,70404,2021,30,16,46
705,70501,2021,21,15,36
705,70502,2021,66,38,104
705,70503,2021,45,17,62
706,70601,2021,63,57,120
706,70602,2021,5,4,9
706,70603,2021,31,18,49
706,70604,2021,45,27,72
706,70605,2021,16,13,29
101,10101,2022,61,43,104
101,10102,2022,53,42,95
101,10103,2022,120,80,200
101,10104,2022,59,62,121
101,10105,2022,85,93,178
101,10106,2022,89,67,156
101,10107,2022,95,74,169
101,10108,2022,48,52,100
101,10109,2022,298,235,533
101,10110,2022,215,214,429
101,10111,2022,135,153,288
102,10201,2022,68,63,131
102,10202,2022,72,56,128
102,10203,2022,104,87,191
103,10301,2022,181,121,302
103,10302,2022,113,102,215
103,10303,2022,45,54,99
103,10304,2022,59,61,120
103,10305,2022,35,37,72
103,10306,2022,8,13,21
103,10307,2022,43,30,73
103,10308,2022,14,8,22
103,10309,2022,8,10,18
103,10310,2022,35,34,69
103,10311,2022,68,59,127
103,10312,2022,47,61,108
103,10313,2022,55,39,94
104,10401,2022,42,57,99
104,10402,2022,21,19,40
104,10403,2022,10,16,26
104,10404,2022,4,3,7
104,10405,2022,6,3,9
104,10406,2022,12,3,15
104,10407,2022,2,2,4
104,10408,2022,11,11,22
104,10409,2022,9,5,14
105,10501,2022,38,30,68
105,10502,2022,13,6,19
105,10503,2022,3,3,6
106,10601,2022,90,92,182
106,10602,2022,10,7,17
106,10603,2022,16,18,34
106,10604,2022,23,12,35
106,10605,2022,1,1,2
106,10606,2022,3,1,4
106,10607,2022,32,31,63
107,10701,2022,63,42,105
107,10702,2022,12,11,23
107,10703,2022,20,21,41
107,10704,2022,0,1,1
107,10705,2022,2,1,3
107,10706,2022,3,2,5
107,10707,2022,0,2,2
108,10801,2022,161,160,321
108,10802,2022,11,10,21
108,10803,2022,56,59,115
108,10804,2022,44,39,83
108,10805,2022,76,92,168
108,10806,2022,32,21,53
108,10807,2022,72,59,131
109,10901,2022,39,37,76
109,10902,2022,11,10,21
109,10903,2022,41,46,87
109,10904,2022,32,25,57
109,10905,2022,24,16,40
109,10906,2022,13,9,22
110,11001,2022,45,46,91
110,11002,2022,36,28,64
110,11003,2022,13,13,26
110,11004,2022,40,65,105
110,11005,2022,100,66,166
111,11101,2022,56,48,104
111,11102,2022,29,24,53
111,11103,2022,35,36,71
111,11104,2022,57,48,105
111,11105,2022,21,19,40
112,11201,2022,34,43,77
112,11202,2022,14,6,20
112,11203,2022,14,17,31
112,11204,2022,6,5,11
112,11205,2022,8,4,12
113,11301,2022,110,106,216
113,11302,2022,41,30,71
113,11303,2022,37,37,74
113,11304,2022,56,34,90
113,11305,2022,30,33,63
114,11401,2022,127,141,268
114,11402,2022,18,20,38
114,11403,2022,45,52,97
115,11501,2022,98,107,205
115,11502,2022,48,43,91
115,11503,2022,11,7,18
115,11504,2022,27,27,54
116,11601,2022,1,2,3
116,11602,2022,1,1,2
116,11603,2022,5,4,9
116,11604,2022,1,1,2
116,11605,2022,4,2,6
117,11701,2022,25,16,41
117,11702,2022,6,1,7
117,11703,2022,6,5,11
118,11801,2022,108,102,210
118,11802,2022,54,30,84
118,11803,2022,28,16,44
118,11804,2022,41,51,92
119,11901,2022,177,127,304
119,11902,2022,23,18,41
119,11903,2022,133,78,211
119,11904,2022,37,13,50
119,11905,2022,26,20,46
119,11906,2022,27,24,51
119,11907,2022,19,21,40
119,11908,2022,31,22,53
119,11909,2022,9,4,13
119,11910,2022,9,5,14
119,11911,2022,20,9,29
119,11912,2022,7,4,11
120,12001,2022,14,12,26
120,12002,2022,5,3,8
120,12003,2022,7,6,13
120,12004,2022,4,4,8
120,12005,2022,7,3,10
120,12006,2022,8,3,11
201,20101,2022,265,227,492
201,20102,2022,128,122,250
201,20103,2022,14,15,29
201,20104,2022,77,91,168
201,20105,2022,78,58,136
201,20106,2022,64,45,109
201,20107,2022,32,13,45
201,20108,2022,103,65,168
201,20109,2022,47,26,73
201,20110,2022,92,68,160
201,20111,2022,28,22,50
201,20112,2022,30,48,78
201,20113,2022,28,35,63
201,20114,2022,12,7,19
202,20201,2022,65,64,129
202,20202,2022,15,12,27
202,20203,2022,37,37,74
202,20204,2022,23,20,43
202,20205,2022,23,8,31
202,20206,2022,29,17,46
202,20207,2022,22,3,25
202,20208,2022,11,12,23
202,20209,2022,22,20,42
202,20210,2022,7,6,13
202,20211,2022,7,8,15
202,20212,2022,2,1,3
202,20213,2022,21,19,40
202,20214,2022,6,3,9
203,20301,2022,59,69,128
203,20302,2022,17,14,31
203,20303,2022,24,25,49
203,20304,2022,38,39,77
203,20305,2022,31,15,46
203,20307,2022,36,21,57
203,20308,2022,27,10,37
204,20401,2022,12,11,23
204,20402,2022,2,2,4
204,20403,2022,11,3,14
204,20404,2022,7,6,13
205,20501,2022,43,41,84
205,20502,2022,16,13,29
205,20503,2022,9,6,15
205,20504,2022,10,5,15
205,20505,2022,10,11,21
205,20506,2022,6,6,12
205,20507,2022,8,3,11
205,20508,2022,1,2,3
206,20601,2022,75,52,127
206,20602,2022,17,13,30
206,20603,2022,9,14,23
206,20604,2022,18,12,30
206,20605,2022,6,4,10
206,20606,2022,15,10,25
206,20607,2022,6,8,14
206,20608,2022,10,12,22
207,20701,2022,25,21,46
207,20702,2022,34,32,66
207,20703,2022,14,21,35
207,20704,2022,6,4,10
207,20705,2022,7,10,17
207,20706,2022,18,15,33
207,20707,2022,14,20,34
208,20801,2022,37,36,73
208,20802,2022,17,17,34
208,20803,2022,29,13,42
208,20804,2022,23,25,48
208,20805,2022,16,9,25
209,20901,2022,48,38,86
209,20902,2022,5,9,14
209,20903,2022,5,3,8
209,20904,2022,21,22,43
209,20905,2022,6,4,10
210,21001,2022,155,103,258
210,21002,2022,43,31,74
210,21003,2022,0,0,0
210,21004,2022,65,49,114
210,21005,2022,23,24,47
210,21006,2022,38,29,67
210,21007,2022,43,21,64
210,21008,2022,23,23,46
210,21009,2022,16,13,29
210,21010,2022,8,3,11
210,21011,2022,27,19,46
210,21012,2022,15,10,25
210,21013,2022,66,21,87
211,21101,2022,16,18,34
211,21102,2022,5,4,9
211,21103,2022,4,3,7
211,21104,2022,2,2,4
211,21105,2022,3,4,7
211,21106,2022,2,2,4
211,21107,2022,8,5,13
212,21201,2022,32,30,62
212,21202,2022,24,13,37
212,21203,2022,2,0,2
212,21204,2022,8,8,16
212,21205,2022,5,11,16
213,21301,2022,46,39,85
213,21302,2022,23,10,33
213,21303,2022,27,9,36
213,21304,2022,26,8,34
213,21305,2022,14,7,21
213,21306,2022,7,6,13
213,21307,2022,15,4,19
213,21308,2022,12,4,16
214,21401,2022,47,26,73
214,21402,2022,7,0,7
214,21403,2022,16,19,35
214,21404,2022,7,4,11
215,21501,2022,44,19,63
215,21502,2022,2,3,5
215,21503,2022,2,3,5
215,21504,2022,24,7,31
216,21601,2022,29,13,42
216,21602,2022,6,6,12
216,21603,2022,5,5,10
301,30101,2022,65,70,135
301,30102,2022,50,42,92
301,30103,2022,64,61,125
301,30104,2022,95,67,162
301,30105,2022,99,76,175
301,30106,2022,55,43,98
301,30107,2022,51,32,83
301,30108,2022,22,14,36
301,30109,2022,28,33,61
301,30110,2022,13,6,19
301,30111,2022,20,10,30
302,30201,2022,85,73,158
302,30202,2022,20,12,32
302,30203,2022,15,35,50
302,30204,2022,24,24,48
302,30205,2022,47,33,80
302,30206,2022,5,4,9
303,30301,2022,63,54,117
303,30302,2022,46,37,83
303,30303,2022,24,21,45
303,30304,2022,44,34,78
303,30305,2022,64,43,107
303,30306,2022,37,26,63
303,30307,2022,14,12,26
303,30308,2022,19,13,32
304,30401,2022,24,21,45
304,30402,2022,18,13,31
304,30403,2022,16,9,25
304,30404,2022,1,5,6
305,30501,2022,114,98,212
305,30502,2022,32,16,48
305,30503,2022,2,1,3
305,30504,2022,18,9,27
305,30505,2022,12,14,26
305,30506,2022,15,10,25
305,30507,2022,11,1,12
305,30508,2022,2,5,7
305,30509,2022,20,13,33
305,30510,2022,11,4,15
305,30511,2022,14,9,23
305,30512,2022,22,11,33
306,30601,2022,17,23,40
306,30602,2022,25,23,48
306,30603,2022,7,4,11
307,30701,2022,84,69,153
307,30702,2022,30,22,52
307,30703,2022,4,5,9
307,30704,2022,11,11,22
307,30705,2022,7,8,15
308,30801,2022,76,73,149
308,30802,2022,30,22,52
308,30803,2022,20,17,37
308,30804,2022,3,1,4
401,40101,2022,106,93,199
401,40102,2022,80,67,147
401,40103,2022,145,144,289
401,40104,2022,51,58,109
401,40105,2022,1,0,1
402,40201,2022,28,26,54
402,40202,2022,46,46,92
402,40203,2022,17,31,48
402,40204,2022,14,12,26
402,40205,2022,21,15,36
402,40206,2022,24,22,46
403,40301,2022,40,37,77
403,40302,2022,27,22,49
403,40303,2022,23,19,42
403,40304,2022,9,8,17
403,40305,2022,14,15,29
403,40306,2022,32,20,52
403,40307,2022,15,13,28
403,40308,2022,15,7,22
404,40401,2022,28,39,67
404,40402,2022,10,10,20
404,40403,2022,36,23,59
404,40404,2022,30,28,58
404,40405,2022,8,11,19
404,40406,2022,15,9,24
405,40501,2022,54,37,91
405,40502,2022,40,33,73
405,40503,2022,18,22,40
405,40504,2022,24,22,46
405,40505,2022,20,9,29
406,40601,2022,39,17,56
406,40602,2022,32,18,50
406,40603,2022,18,9,27
406,40604,2022,11,10,21
407,40701,2022,27,23,50
407,40702,2022,26,20,46
407,40703,2022,23,22,45
408,40801,2022,34,26,60
408,40802,2022,13,15,28
408,40803,2022,21,12,33
409,40901,2022,86,60,146
409,40902,2022,9,23,32
410,41001,2022,65,47,112
410,41002,2022,42,28,70
410,41003,2022,76,48,124
410,41004,2022,1,2,3
410,41005,2022,4,0,4
501,50101,2022,198,163,361
501,50102,2022,14,14,28
501,50103,2022,11,3,14
501,50104,2022,12,7,19
501,50105,2022,6,1,7
502,50201,2022,126,90,216
502,50202,2022,20,15,35
502,50203,2022,37,27,64
502,50204,2022,15,10,25
502,50205,2022,17,13,30
502,50206,2022,18,6,24
502,50207,2022,10,6,16
503,50301,2022,101,68,169
503,50302,2022,12,5,17
503,50303,2022,37,28,65
503,50304,2022,20,8,28
503,50305,2022,24,6,30
503,50306,2022,10,5,15
503,50307,2022,19,14,33
503,50308,2022,20,13,33
503,50309,2022,27,19,46
504,50401,2022,60,28,88
504,50402,2022,10,6,16
504,50403,2022,13,11,24
504,50404,2022,3,4,7
505,50501,2022,42,31,73
505,50502,2022,21,13,34
505,50503,2022,68,33,101
505,50504,2022,39,33,72
506,50601,2022,99,71,170
506,50602,2022,6,3,9
506,50603,2022,7,4,11
506,50604,2022,16,6,22
506,50605,2022,8,1,9
507,50701,2022,45,34,79
507,50702,2022,7,5,12
507,50703,2022,11,4,15
507,50704,2022,15,19,34
508,50801,2022,36,31,67
508,50802,2022,2,2,4
508,50803,2022,7,6,13
508,50804,2022,9,4,13
508,50805,2022,3,2,5
508,50806,2022,5,3,8
508,50807,2022,11,6,17
508,50808,2022,4,2,6
509,50901,2022,14,12,26
509,50902,2022,10,4,14
509,50903,2022,4,3,7
509,50904,2022,8,3,11
509,50905,2022,2,4,6
509,50906,2022,13,8,21
510,51001,2022,38,26,64
510,51002,2022,14,11,25
510,51003,2022,3,2,5
510,51004,2022,10,3,13
511,51101,2022,13,14,27
511,51102,2022,4,2,6
511,51103,2022,6,4,10
511,51104,2022,1,2,3
511,51105,2022,3,3,6
601,60101,2022,54,47,101
601,60102,2022,8,7,15
601,60103,2022,22,17,39
601,60104,2022,43,27,70
601,60105,2022,36,13,49
601,60106,2022,9,5,14
601,60107,2022,2,3,5
601,60108,2022,113,104,217
601,60110,2022,0,0,0
601,60111,2022,29,23,52
601,60112,2022,103,52,155
601,60113,2022,4,1,5
601,60114,2022,2,4,6
601,60115,2022,43,30,73
601,60116,2022,1,0,1
602,60201,2022,69,45,114
602,60202,2022,17,9,26
602,60203,2022,17,15,32
602,60204,2022,6,1,7
602,60205,2022,3,5,8
602,60206,2022,9,4,13
603,60301,2022,74,44,118
603,60302,2022,17,11,28
603,60303,2022,25,14,39
603,60304,2022,8,4,12
603,60305,2022,4,1,5
603,60306,2022,1,0,1
603,60307,2022,0,2,2
603,60308,2022,2,2,4
603,60309,2022,12,5,17
604,60401,2022,48,25,73
604,60402,2022,4,3,7
604,60403,2022,17,20,37
605,60501,2022,42,18,60
605,60502,2022,64,30,94
605,60503,2022,12,6,18
605,60504,2022,16,4,20
605,60505,2022,18,7,25
605,60506,2022,0,0,0
606,60601,2022,70,33,103
606,60602,2022,17,8,25
606,60603,2022,17,11,28
607,60701,2022,42,23,65
607,60703,2022,53,27,80
607,60704,2022,21,9,30
608,60801,2022,46,22,68
608,60802,2022,31,18,49
608,60803,2022,30,23,53
608,60804,2022,14,6,20
608,60805,2022,9,9,18
608,60806,2022,9,9,18
609,60901,2022,80,39,119
610,61001,2022,79,55,134
610,61002,2022,16,10,26
610,61003,2022,46,23,69
610,61004,2022,29,20,49
611,61101,2022,63,33,96
611,61102,2022,28,9,37
611,61103,2022,1,2,3
612,61201,2022,8,7,15
613,61301,2022,37,19,56
701,70101,2022,289,212,501
701,70102,2022,53,31,84
701,70103,2022,31,10,41
701,70104,2022,40,15,55
702,70201,2022,132,75,207
702,70202,2022,33,28,61
702,70203,2022,93,60,153
702,70204,2022,37,36,73
702,70205,2022,140,73,213
702,70206,2022,9,6,15
702,70207,2022,23,13,36
703,70301,2022,95,68,163
703,70302,2022,22,14,36
703,70303,2022,3,2,5
703,70304,2022,10,3,13
703,70305,2022,18,14,32
703,70306,2022,18,10,28
703,70307,2022,7,6,13
704,70401,2022,38,24,62
704,70402,2022,19,12,31
704,70403,2022,40,20,60
704,70404,2022,26,9,35
705,70501,2022,22,29,51
705,70502,2022,79,39,118
705,70503,2022,38,20,58
706,70601,2022,89,46,135
706,70602,2022,6,3,9
706,70603,2022,19,19,38
706,70604,2022,31,13,44
706,70605,2022,16,12,28
101,10101,2023,43,30,73
101,10102,2023,52,47,99
101,10103,2023,117,85,202
101,10104,2023,77,79,156
101,10105,2023,79,104,183
101,10106,2023,62,57,119
101,10107,2023,119,89,208
101,10108,2023,39,40,79
101,10109,2023,288,253,541
101,10110,2023,176,194,370
101,10111,2023,130,127,257
102,10201,2023,48,69,117
102,10202,2023,66,50,116
102,10203,2023,97,100,197
103,10301,2023,150,126,276
103,10302,2023,141,96,237
103,10303,2023,67,42,109
103,10304,2023,57,40,97
103,10305,2023,40,39,79
103,10306,2023,10,7,17
103,10307,2023,33,23,56
103,10308,2023,8,15,23
103,10309,2023,15,8,23
103,10310,2023,37,23,60
103,10311,2023,79,50,129
103,10312,2023,60,63,123
103,10313,2023,51,56,107
104,10401,2023,64,39,103
104,10402,2023,28,20,48
104,10403,2023,17,9,26
104,10404,2023,6,6,12
104,10405,2023,6,5,11
104,10406,2023,6,8,14
104,10407,2023,3,3,6
104,10408,2023,24,14,38
104,10409,2023,10,5,15
105,10501,2023,36,35,71
105,10502,2023,10,7,17
105,10503,2023,5,2,7
106,10601,2023,117,72,189
106,10602,2023,7,7,14
106,10603,2023,19,12,31
106,10604,2023,16,8,24
106,10605,2023,4,3,7
106,10606,2023,2,1,3
106,10607,2023,21,24,45
107,10701,2023,79,49,128
107,10702,2023,12,14,26
107,10703,2023,22,12,34
107,10704,2023,0,1,1
107,10705,2023,3,6,9
107,10706,2023,3,3,6
107,10707,2023,3,5,8
108,10801,2023,150,142,292
108,10802,2023,17,7,24
108,10803,2023,56,63,119
108,10804,2023,42,39,81
108,10805,2023,80,84,164
108,10806,2023,14,13,27
108,10807,2023,86,82,168
109,10901,2023,62,46,108
109,10902,2023,11,14,25
109,10903,2023,49,43,92
109,10904,2023,34,27,61
109,10905,2023,23,24,47
109,10906,2023,11,7,18
110,11001,2023,54,48,102
110,11002,2023,46,24,70
110,11003,2023,11,8,19
110,11004,2023,68,49,117
110,11005,2023,92,77,169
111,11101,2023,58,56,114
111,11102,2023,29,17,46
111,11103,2023,33,33,66
111,11104,2023,67,73,140
111,11105,2023,25,18,43
112,11201,2023,38,30,68
112,11202,2023,8,5,13
112,11203,2023,12,12,24
112,11204,2023,7,3,10
112,11205,2023,6,7,13
113,11301,2023,101,105,206
113,11302,2023,23,23,46
113,11303,2023,31,42,73
113,11304,2023,41,35,76
113,11305,2023,40,43,83
114,11401,2023,119,129,248
114,11402,2023,25,21,46
114,11403,2023,44,40,84
115,11501,2023,78,98,176
115,11502,2023,42,36,78
115,11503,2023,13,9,22
115,11504,2023,28,22,50
116,11601,2023,13,7,20
116,11602,2023,1,3,4
116,11603,2023,5,2,7
116,11604,2023,2,3,5
116,11605,2023,2,5,7
117,11701,2023,23,15,38
117,11702,2023,3,1,4
117,11703,2023,8,7,15
118,11801,2023,111,111,222
118,11802,2023,43,46,89
118,11803,2023,19,25,44
118,11804,2023,59,39,98
119,11901,2023,153,142,295
119,11902,2023,23,23,46
119,11903,2023,131,82,213
119,11904,2023,24,11,35
119,11905,2023,28,26,54
119,11906,2023,21,21,42
119,11907,2023,24,16,40
119,11908,2023,43,19,62
119,11909,2023,10,10,20
119,11910,2023,12,10,22
119,11911,2023,11,12,23
119,11912,2023,5,4,9
120,12001,2023,12,12,24
120,12002,2023,1,2,3
120,12003,2023,6,7,13
120,12004,2023,4,1,5
120,12005,2023,8,3,11
120,12006,2023,6,1,7
201,20101,2023,267,261,528
201,20102,2023,157,94,251
201,20103,2023,17,14,31
201,20104,2023,80,82,162
201,20105,2023,70,53,123
201,20106,2023,45,58,103
201,20107,2023,18,19,37
201,20108,2023,86,60,146
201,20109,2023,41,56,97
201,20110,2023,80,61,141
201,20111,2023,33,24,57
201,20112,2023,47,28,75
201,20113,2023,32,26,58
201,20114,2023,6,6,12
202,20201,2023,59,75,134
202,20202,2023,18,14,32
202,20203,2023,55,31,86
202,20204,2023,20,19,39
202,20205,2023,14,17,31
202,20206,2023,29,11,40
202,20207,2023,16,14,30
202,20208,2023,13,15,28
202,20209,2023,18,17,35
202,20210,2023,7,8,15
202,20211,2023,8,7,15
202,20212,2023,2,0,2
202,20213,2023,32,14,46
202,20214,2023,7,9,16
203,20301,2023,82,58,140
203,20302,2023,25,23,48
203,20303,2023,22,19,41
203,20304,2023,57,41,98
203,20305,2023,35,14,49
203,20307,2023,35,28,63
203,20308,2023,19,22,41
204,20401,2023,18,10,28
204,20402,2023,1,0,1
204,20403,2023,7,7,14
204,20404,2023,3,6,9
205,20501,2023,43,40,83
205,20502,2023,9,10,19
205,20503,2023,12,11,23
205,20504,2023,10,10,20
205,20505,2023,16,10,26
205,20506,2023,6,6,12
205,20507,2023,11,10,21
205,20508,2023,8,0,8
206,20601,2023,68,64,132
206,20602,2023,8,10,18
206,20603,2023,8,9,17
206,20604,2023,9,9,18
206,20605,2023,15,9,24
206,20606,2023,14,8,22
206,20607,2023,18,7,25
206,20608,2023,20,15,35
207,20701,2023,19,26,45
207,20702,2023,41,21,62
207,20703,2023,20,17,37
207,20704,2023,11,7,18
207,20705,2023,2,7,9
207,20706,2023,8,13,21
207,20707,2023,15,9,24
208,20801,2023,38,25,63
208,20802,2023,16,14,30
208,20803,2023,16,6,22
208,20804,2023,30,27,57
208,20805,2023,8,3,11
209,20901,2023,52,40,92
209,20902,2023,13,6,19
209,20903,2023,6,4,10
209,20904,2023,24,17,41
209,20905,2023,8,4,12
210,21001,2023,149,121,270
210,21002,2023,49,52,101
210,21003,2023,4,0,4
210,21004,2023,62,43,105
210,21005,2023,19,11,30
210,21006,2023,56,41,97
210,21007,2023,44,37,81
210,21008,2023,18,16,34
210,21009,2023,19,12,31
210,21010,2023,4,3,7
210,21011,2023,30,12,42
210,21012,2023,14,9,23
210,21013,2023,54,28,82
211,21101,2023,24,17,41
211,21102,2023,4,6,10
211,21103,2023,3,5,8
211,21104,2023,3,2,5
211,21105,2023,9,4,13
211,21106,2023,2,2,4
211,21107,2023,4,4,8
212,21201,2023,38,23,61
212,21202,2023,16,20,36
212,21203,2023,1,0,1
212,21204,2023,10,10,20
212,21205,2023,2,5,7
213,21301,2023,52,33,85
213,21302,2023,16,16,32
213,21303,2023,28,16,44
213,21304,2023,20,17,37
213,21305,2023,16,9,25
213,21306,2023,9,7,16
213,21307,2023,16,9,25
213,21308,2023,14,8,22
214,21401,2023,50,34,84
214,21402,2023,8,2,10
214,21403,2023,15,11,26
214,21404,2023,14,4,18
215,21501,2023,36,22,58
215,21502,2023,2,2,4
215,21503,2023,3,1,4
215,21504,2023,14,8,22
216,21601,2023,14,4,18
216,21602,2023,5,10,15
216,21603,2023,13,8,21
301,30101,2023,78,75,153
301,30102,2023,38,50,88
301,30103,2023,66,59,125
301,30104,2023,94,68,162
301,30105,2023,73,81,154
301,30106,2023,41,56,97
301,30107,2023,46,32,78
301,30108,2023,13,15,28
301,30109,2023,38,36,74
301,30110,2023,16,10,26
301,30111,2023,18,15,33
302,30201,2023,66,47,113
302,30202,2023,23,16,39
302,30203,2023,35,24,59
302,30204,2023,28,19,47
302,30205,2023,41,43,84
302,30206,2023,6,5,11
303,30301,2023,51,50,101
303,30302,2023,36,34,70
303,30303,2023,31,26,57
303,30304,2023,33,36,69
303,30305,2023,49,40,89
303,30306,2023,33,21,54
303,30307,2023,17,9,26
303,30308,2023,23,16,39
304,30401,2023,27,16,43
304,30402,2023,16,17,33
304,30403,2023,12,5,17
304,30404,2023,6,2,8
305,30501,2023,116,97,213
305,30502,2023,32,32,64
305,30503,2023,5,0,5
305,30504,2023,11,12,23
305,30505,2023,19,18,37
305,30506,2023,15,17,32
305,30507,2023,3,12,15
305,30508,2023,7,2,9
305,30509,2023,23,16,39
305,30510,2023,8,5,13
305,30511,2023,19,13,32
305,30512,2023,15,8,23
306,30601,2023,19,15,34
306,30602,2023,18,15,33
306,30603,2023,8,4,12
307,30701,2023,82,70,152
307,30702,2023,23,19,42
307,30703,2023,6,2,8
307,30704,2023,13,10,23
307,30705,2023,11,5,16
308,30801,2023,92,68,160
308,30802,2023,32,13,45
308,30803,2023,16,10,26
308,30804,2023,0,1,1
401,40101,2023,88,85,173
401,40102,2023,78,73,151
401,40103,2023,162,134,296
401,40104,2023,69,69,138
401,40105,2023,2,1,3
402,40201,2023,29,25,54
402,40202,2023,37,21,58
402,40203,2023,26,19,45
402,40204,2023,17,7,24
402,40205,2023,25,16,41
402,40206,2023,21,13,34
402,40207,2023,14,9,23
403,40301,2023,32,34,66
403,40302,2023,28,24,52
403,40303,2023,12,17,29
403,40304,2023,6,3,9
403,40305,2023,12,19,31
403,40306,2023,17,17,34
403,40307,2023,10,10,20
403,40308,2023,15,8,23
404,40401,2023,42,28,70
404,40402,2023,17,12,29
404,40403,2023,30,16,46
404,40404,2023,23,27,50
404,40405,2023,9,7,16
404,40406,2023,12,8,20
405,40501,2023,49,32,81
405,40502,2023,40,24,64
405,40503,2023,29,23,52
405,40504,2023,41,30,71
405,40505,2023,18,13,31
406,40601,2023,43,28,71
406,40602,2023,28,14,42
406,40603,2023,13,13,26
406,40604,2023,13,8,21
407,40701,2023,36,35,71
407,40702,2023,23,25,48
407,40703,2023,15,28,43
408,40801,2023,28,32,60
408,40802,2023,8,14,22
408,40803,2023,24,21,45
409,40901,2023,75,73,148
409,40902,2023,13,23,36
410,41001,2023,60,39,99
410,41002,2023,30,31,61
410,41003,2023,106,46,152
410,41004,2023,0,3,3
410,41005,2023,1,1,2
501,50101,2023,221,148,369
501,50102,2023,12,2,14
501,50103,2023,9,3,12
501,50104,2023,11,9,20
501,50105,2023,9,11,20
502,50201,2023,129,102,231
502,50202,2023,16,17,33
502,50203,2023,37,30,67
502,50204,2023,15,12,27
502,50205,2023,17,9,26
502,50206,2023,30,5,35
502,50207,2023,11,5,16
503,50301,2023,129,80,209
503,50302,2023,13,4,17
503,50303,2023,39,16,55
503,50304,2023,39,16,55
503,50305,2023,6,16,22
503,50306,2023,12,6,18
503,50307,2023,18,16,34
503,50308,2023,21,15,36
503,50309,2023,38,20,58
504,50401,2023,60,50,110
504,50402,2023,7,7,14
504,50403,2023,11,5,16
504,50404,2023,5,6,11
505,50501,2023,38,18,56
505,50502,2023,22,14,36
505,50503,2023,83,41,124
505,50504,2023,47,26,73
506,50601,2023,93,71,164
506,50602,2023,4,4,8
506,50603,2023,7,8,15
506,50604,2023,11,7,18
506,50605,2023,1,5,6
507,50701,2023,47,33,80
507,50702,2023,9,6,15
507,50703,2023,4,5,9
507,50704,2023,17,12,29
508,50801,2023,43,27,70
508,50802,2023,8,2,10
508,50803,2023,9,1,10
508,50804,2023,9,2,11
508,50805,2023,6,0,6
508,50806,2023,5,2,7
508,50807,2023,11,6,17
508,50808,2023,2,0,2
509,50901,2023,9,7,16
509,50902,2023,4,3,7
509,50903,2023,9,3,12
509,50904,2023,6,5,11
509,50905,2023,1,2,3
509,50906,2023,9,7,16
510,51001,2023,43,18,61
510,51002,2023,13,9,22
510,51003,2023,6,6,12
510,51004,2023,8,6,14
511,51101,2023,24,18,42
511,51102,2023,4,1,5
511,51103,2023,5,5,10
511,51104,2023,3,1,4
511,51105,2023,3,0,3
601,60101,2023,44,47,91
601,60102,2023,9,8,17
601,60103,2023,23,16,39
601,60104,2023,49,27,76
601,60105,2023,20,17,37
601,60106,2023,12,10,22
601,60107,2023,4,1,5
601,60108,2023,128,94,222
601,60110,2023,0,0,0
601,60111,2023,39,18,57
601,60112,2023,115,62,177
601,60113,2023,4,1,5
601,60114,2023,2,2,4
601,60115,2023,79,42,121
601,60116,2023,1,0,1
602,60201,2023,40,50,90
602,60202,2023,15,10,25
602,60203,2023,29,14,43
602,60204,2023,2,6,8
602,60205,2023,0,1,1
602,60206,2023,11,9,20
603,60301,2023,67,45,112
603,60302,2023,7,6,13
603,60303,2023,14,13,27
603,60304,2023,10,9,19
603,60305,2023,5,2,7
603,60306,2023,3,3,6
603,60307,2023,4,2,6
603,60308,2023,4,1,5
603,60309,2023,15,13,28
604,60401,2023,58,46,104
604,60402,2023,5,7,12
604,60403,2023,12,9,21
605,60501,2023,28,20,48
605,60502,2023,39,31,70
605,60503,2023,10,7,17
605,60504,2023,25,12,37
605,60505,2023,12,10,22
605,60506,2023,1,5,6
606,60601,2023,93,52,145
606,60602,2023,16,6,22
606,60603,2023,18,13,31
607,60701,2023,54,30,84
607,60703,2023,46,29,75
607,60704,2023,21,15,36
608,60801,2023,46,36,82
608,60802,2023,42,21,63
608,60803,2023,21,11,32
608,60804,2023,10,9,19
608,60805,2023,2,4,6
608,60806,2023,5,9,14
609,60901,2023,93,48,141
610,61001,2023,66,34,100
610,61002,2023,16,7,23
610,61003,2023,39,26,65
610,61004,2023,41,28,69
611,61101,2023,53,28,81
611,61102,2023,39,14,53
611,61103,2023,1,3,4
612,61201,2023,15,11,26
613,61301,2023,38,17,55
701,70101,2023,299,187,486
701,70102,2023,55,26,81
701,70103,2023,23,8,31
701,70104,2023,41,24,65
702,70201,2023,126,74,200
702,70202,2023,35,20,55
702,70203,2023,86,59,145
702,70204,2023,56,27,83
702,70205,2023,151,83,234
702,70206,2023,10,5,15
702,70207,2023,33,21,54
703,70301,2023,110,69,179
703,70302,2023,25,14,39
703,70303,2023,6,4,10
703,70304,2023,8,7,15
703,70305,2023,23,16,39
703,70306,2023,11,7,18
703,70307,2023,8,4,12
704,70401,2023,48,20,68
704,70402,2023,32,19,51
704,70403,2023,43,27,70
704,70404,2023,28,7,35
705,70501,2023,38,17,55
705,70502,2023,68,37,105
705,70503,2023,55,18,73
706,70601,2023,80,56,136
706,70602,2023,5,2,7
706,70603,2023,15,13,28
706,70604,2023,33,18,51
706,70605,2023,24,11,35
101,10101,2024,48,41,89
101,10102,2024,71,40,111
101,10103,2024,124,86,210
101,10104,2024,77,61,138
101,10105,2024,77,84,161
101,10106,2024,97,75,172
101,10107,2024,121,99,220
101,10108,2024,40,44,84
101,10109,2024,303,251,554
101,10110,2024,195,216,411
101,10111,2024,145,120,265
102,10201,2024,70,56,126
102,10202,2024,67,68,135
102,10203,2024,86,86,172
103,10301,2024,163,131,294
103,10302,2024,129,111,240
103,10303,2024,66,57,123
103,10304,2024,44,58,102
103,10305,2024,43,45,88
103,10306,2024,17,12,29
103,10307,2024,33,26,59
103,10308,2024,21,15,36
103,10309,2024,13,7,20
103,10310,2024,32,37,69
103,10311,2024,74,52,126
103,10312,2024,58,54,112
103,10313,2024,52,56,108
104,10401,2024,48,43,91
104,10402,2024,25,18,43
104,10403,2024,17,17,34
104,10404,2024,7,4,11
104,10405,2024,5,4,9
104,10406,2024,3,6,9
104,10407,2024,3,2,5
104,10408,2024,18,7,25
104,10409,2024,18,2,20
105,10501,2024,39,27,66
105,10502,2024,15,9,24
105,10503,2024,6,3,9
106,10601,2024,114,106,220
106,10602,2024,6,7,13
106,10603,2024,20,18,38
106,10604,2024,14,15,29
106,10605,2024,3,2,5
106,10606,2024,2,5,7
106,10607,2024,21,23,44
107,10701,2024,59,46,105
107,10702,2024,20,7,27
107,10703,2024,29,13,42
107,10704,2024,2,1,3
107,10705,2024,3,0,3
107,10706,2024,2,0,2
107,10707,2024,6,5,11
108,10801,2024,136,137,273
108,10802,2024,24,28,52
108,10803,2024,56,59,115
108,10804,2024,38,51,89
108,10805,2024,94,93,187
108,10806,2024,15,13,28
108,10807,2024,91,67,158
109,10901,2024,45,45,90
109,10902,2024,13,10,23
109,10903,2024,47,39,86
109,10904,2024,35,28,63
109,10905,2024,28,22,50
109,10906,2024,6,12,18
110,11001,2024,56,29,85
110,11002,2024,41,35,76
110,11003,2024,17,11,28
110,11004,2024,67,54,121
110,11005,2024,116,65,181
111,11101,2024,89,39,128
111,11102,2024,15,18,33
111,11103,2024,35,29,64
111,11104,2024,75,54,129
111,11105,2024,25,24,49
112,11201,2024,42,29,71
112,11202,2024,14,9,23
112,11203,2024,21,18,39
112,11204,2024,6,5,11
112,11205,2024,5,5,10
113,11301,2024,86,97,183
113,11302,2024,42,38,80
113,11303,2024,46,43,89
113,11304,2024,43,34,77
113,11305,2024,50,47,97
114,11401,2024,143,111,254
114,11402,2024,32,23,55
114,11403,2024,47,54,101
115,11501,2024,104,113,217
115,11502,2024,45,44,89
115,11503,2024,9,17,26
115,11504,2024,25,22,47
116,11601,2024,7,12,19
116,11602,2024,0,5,5
116,11603,2024,11,2,13
116,11604,2024,3,1,4
116,11605,2024,4,1,5
117,11701,2024,22,17,39
117,11702,2024,2,5,7
117,11703,2024,2,8,10
118,11801,2024,106,115,221
118,11802,2024,47,42,89
118,11803,2024,23,36,59
118,11804,2024,51,37,88
119,11901,2024,186,139,325
119,11902,2024,31,19,50
119,11903,2024,117,90,207
119,11904,2024,18,12,30
119,11905,2024,24,16,40
119,11906,2024,24,20,44
119,11907,2024,20,9,29
119,11908,2024,25,24,49
119,11909,2024,8,7,15
119,11910,2024,11,5,16
119,11911,2024,26,14,40
119,11912,2024,4,8,12
120,12001,2024,8,14,22
120,12002,2024,6,3,9
120,12003,2024,7,4,11
120,12004,2024,2,4,6
120,12005,2024,5,4,9
120,12006,2024,1,5,6
201,20101,2024,257,233,490
201,20102,2024,135,127,262
201,20103,2024,16,19,35
201,20104,2024,105,88,193
201,20105,2024,85,48,133
201,20106,2024,50,48,98
201,20107,2024,25,26,51
201,20108,2024,99,58,157
201,20109,2024,46,48,94
201,20110,2024,80,61,141
201,20111,2024,34,28,62
201,20112,2024,47,40,87
201,20113,2024,42,22,64
201,20114,2024,11,15,26
202,20201,2024,85,63,148
202,20202,2024,31,19,50
202,20203,2024,43,47,90
202,20204,2024,32,21,53
202,20205,2024,19,15,34
202,20206,2024,24,27,51
202,20207,2024,9,12,21
202,20208,2024,11,13,24
202,20209,2024,18,16,34
202,20210,2024,11,5,16
202,20211,2024,13,7,20
202,20212,2024,3,2,5
202,20213,2024,29,13,42
202,20214,2024,9,6,15
203,20301,2024,71,64,135
203,20302,2024,25,15,40
203,20303,2024,22,18,40
203,20304,2024,43,34,77
203,20305,2024,27,17,44
203,20307,2024,42,29,71
203,20308,2024,35,24,59
204,20401,2024,17,9,26
204,20402,2024,1,3,4
204,20403,2024,2,4,6
204,20404,2024,8,7,15
205,20501,2024,39,31,70
205,20502,2024,12,11,23
205,20503,2024,10,10,20
205,20504,2024,9,7,16
205,20505,2024,15,13,28
205,20506,2024,7,4,11
205,20507,2024,11,6,17
205,20508,2024,4,4,8
206,20601,2024,65,53,118
206,20602,2024,20,14,34
206,20603,2024,5,8,13
206,20604,2024,11,12,23
206,20605,2024,13,9,22
206,20606,2024,15,10,25
206,20607,2024,20,5,25
206,20608,2024,18,15,33
207,20701,2024,21,16,37
207,20702,2024,51,24,75
207,20703,2024,27,20,47
207,20704,2024,8,7,15
207,20705,2024,7,3,10
207,20706,2024,22,19,41
207,20707,2024,25,12,37
208,20801,2024,49,27,76
208,20802,2024,23,12,35
208,20803,2024,13,14,27
208,20804,2024,26,18,44
208,20805,2024,7,5,12
209,20901,2024,52,26,78
209,20902,2024,10,6,16
209,20903,2024,7,4,11
209,20904,2024,21,23,44
209,20905,2024,5,5,10
210,21001,2024,143,126,269
210,21002,2024,48,42,90
210,21003,2024,3,2,5
210,21004,2024,62,53,115
210,21005,2024,25,28,53
210,21006,2024,75,35,110
210,21007,2024,54,40,94
210,21008,2024,27,15,42
210,21009,2024,19,14,33
210,21010,2024,8,5,13
210,21011,2024,37,12,49
210,21012,2024,14,11,25
210,21013,2024,50,29,79
211,21101,2024,25,18,43
211,21102,2024,8,6,14
211,21103,2024,5,4,9
211,21104,2024,2,3,5
211,21105,2024,4,3,7
211,21106,2024,3,4,7
211,21107,2024,1,4,5
212,21201,2024,38,28,66
212,21202,2024,21,18,39
212,21203,2024,1,0,1
212,21204,2024,11,15,26
212,21205,2024,4,5,9
213,21301,2024,48,35,83
213,21302,2024,18,8,26
213,21303,2024,22,19,41
213,21304,2024,25,11,36
213,21305,2024,11,11,22
213,21306,2024,10,6,16
213,21307,2024,13,16,29
213,21308,2024,12,12,24
214,21401,2024,39,25,64
214,21402,2024,6,7,13
214,21403,2024,21,10,31
214,21404,2024,15,5,20
215,21501,2024,41,23,64
215,21502,2024,4,1,5
215,21503,2024,8,3,11
215,21504,2024,15,9,24
216,21601,2024,17,4,21
216,21602,2024,15,7,22
216,21603,2024,9,5,14
301,30101,2024,81,74,155
301,30102,2024,43,49,92
301,30103,2024,54,53,107
301,30104,2024,73,73,146
301,30105,2024,93,55,148
301,30106,2024,66,39,105
301,30107,2024,46,33,79
301,30108,2024,19,11,30
301,30109,2024,25,28,53
301,30110,2024,18,12,30
301,30111,2024,17,17,34
302,30201,2024,90,53,143
302,30202,2024,18,5,23
302,30203,2024,32,21,53
302,30204,2024,20,19,39
302,30205,2024,56,37,93
302,30206,2024,6,9,15
303,30301,2024,60,56,116
303,30302,2024,60,47,107
303,30303,2024,29,17,46
303,30304,2024,42,46,88
303,30305,2024,49,42,91
303,30306,2024,26,22,48
303,30307,2024,7,15,22
303,30308,2024,36,25,61
304,30401,2024,29,18,47
304,30402,2024,18,16,34
304,30403,2024,15,10,25
304,30404,2024,3,0,3
305,30501,2024,120,95,215
305,30502,2024,38,29,67
305,30503,2024,4,0,4
305,30504,2024,10,13,23
305,30505,2024,15,12,27
305,30506,2024,13,12,25
305,30507,2024,9,2,11
305,30508,2024,11,4,15
305,30509,2024,14,17,31
305,30510,2024,4,4,8
305,30511,2024,21,17,38
305,30512,2024,23,10,33
306,30601,2024,16,15,31
306,30602,2024,23,15,38
306,30603,2024,8,6,14
307,30701,2024,77,87,164
307,30702,2024,28,28,56
307,30703,2024,7,5,12
307,30704,2024,12,7,19
307,30705,2024,7,8,15
308,30801,2024,81,82,163
308,30802,2024,37,33,70
308,30803,2024,26,17,43
308,30804,2024,0,0,0
401,40101,2024,106,104,210
401,40102,2024,105,90,195
401,40103,2024,175,148,323
401,40104,2024,65,55,120
401,40105,2024,2,0,2
402,40201,2024,25,31,56
402,40202,2024,41,30,71
402,40203,2024,20,17,37
402,40204,2024,11,13,24
402,40205,2024,17,18,35
402,40206,2024,20,12,32
402,40207,2024,9,8,17
403,40301,2024,47,42,89
403,40302,2024,32,18,50
403,40303,2024,18,12,30
403,40304,2024,8,2,10
403,40305,2024,20,22,42
403,40306,2024,19,26,45
403,40307,2024,15,14,29
403,40308,2024,15,11,26
404,40401,2024,38,36,74
404,40402,2024,18,9,27
404,40403,2024,30,18,48
404,40404,2024,25,19,44
404,40405,2024,16,11,27
404,40406,2024,12,15,27
405,40501,2024,45,28,73
405,40502,2024,40,40,80
405,40503,2024,20,25,45
405,40504,2024,35,19,54
405,40505,2024,20,16,36
406,40601,2024,30,32,62
406,40602,2024,19,10,29
406,40603,2024,9,8,17
406,40604,2024,12,9,21
407,40701,2024,33,30,63
407,40702,2024,30,28,58
407,40703,2024,15,19,34
408,40801,2024,36,34,70
408,40802,2024,18,16,34
408,40803,2024,22,34,56
409,40901,2024,61,67,128
409,40902,2024,22,21,43
410,41001,2024,70,28,98
410,41002,2024,41,22,63
410,41003,2024,100,63,163
410,41004,2024,4,0,4
410,41005,2024,3,2,5
501,50101,2024,265,145,410
501,50102,2024,14,5,19
501,50103,2024,7,2,9
501,50104,2024,7,7,14
501,50105,2024,9,6,15
502,50201,2024,126,104,230
502,50202,2024,17,18,35
502,50203,2024,30,23,53
502,50204,2024,12,13,25
502,50205,2024,8,7,15
502,50206,2024,41,16,57
502,50207,2024,16,11,27
503,50301,2024,116,95,211
503,50302,2024,4,4,8
503,50303,2024,39,17,56
503,50304,2024,38,16,54
503,50305,2024,19,12,31
503,50306,2024,8,4,12
503,50307,2024,21,13,34
503,50308,2024,26,11,37
503,50309,2024,36,20,56
504,50401,2024,72,47,119
504,50402,2024,19,11,30
504,50403,2024,10,3,13
504,50404,2024,4,0,4
505,50501,2024,56,26,82
505,50502,2024,25,14,39
505,50503,2024,84,41,125
505,50504,2024,36,26,62
506,50601,2024,111,64,175
506,50602,2024,4,2,6
506,50603,2024,6,3,9
506,50604,2024,15,7,22
506,50605,2024,5,5,10
507,50701,2024,37,25,62
507,50702,2024,9,3,12
507,50703,2024,5,4,9
507,50704,2024,23,8,31
508,50801,2024,47,24,71
508,50802,2024,6,3,9
508,50803,2024,9,2,11
508,50804,2024,15,4,19
508,50805,2024,3,5,8
508,50806,2024,5,5,10
508,50807,2024,14,9,23
508,50808,2024,2,1,3
509,50901,2024,15,15,30
509,50902,2024,10,6,16
509,50903,2024,8,4,12
509,50904,2024,16,7,23
509,50905,2024,6,3,9
509,50906,2024,6,5,11
510,51001,2024,44,27,71
510,51002,2024,13,15,28
510,51003,2024,7,1,8
510,51004,2024,9,3,12
511,51101,2024,16,8,24
511,51102,2024,0,0,0
511,51103,2024,9,2,11
511,51104,2024,2,1,3
511,51105,2024,1,0,1
601,60101,2024,61,34,95
601,60102,2024,5,6,11
601,60103,2024,32,15,47
601,60104,2024,34,28,62
601,60105,2024,43,21,64
601,60106,2024,13,5,18
601,60107,2024,4,1,5
601,60108,2024,118,91,209
601,60110,2024,0,0,0
601,60111,2024,43,22,65
601,60112,2024,91,63,154
601,60113,2024,3,4,7
601,60114,2024,11,1,12
601,60115,2024,70,46,116
601,60116,2024,1,2,3
602,60201,2024,66,46,112
602,60202,2024,26,9,35
602,60203,2024,20,24,44
602,60204,2024,8,6,14
602,60205,2024,4,4,8
602,60206,2024,10,5,15
603,60301,2024,69,48,117
603,60302,2024,20,11,31
603,60303,2024,19,15,34
603,60304,2024,7,8,15
603,60305,2024,4,1,5
603,60306,2024,1,3,4
603,60307,2024,2,2,4
603,60308,2024,6,1,7
603,60309,2024,14,8,22
604,60401,2024,41,34,75
604,60402,2024,5,6,11
604,60403,2024,18,12,30
605,60501,2024,39,23,62
605,60502,2024,51,39,90
605,60503,2024,13,6,19
605,60504,2024,17,8,25
605,60505,2024,14,11,25
605,60506,2024,2,1,3
606,60601,2024,100,49,149
606,60602,2024,20,10,30
606,60603,2024,15,12,27
607,60701,2024,61,24,85
607,60703,2024,51,29,80
607,60704,2024,19,14,33
608,60801,2024,48,28,76
608,60802,2024,45,26,71
608,60803,2024,18,17,35
608,60804,2024,14,10,24
608,60805,2024,8,5,13
608,60806,2024,13,11,24
609,60901,2024,71,47,118
610,61001,2024,73,52,125
610,61002,2024,19,11,30
610,61003,2024,48,30,78
610,61004,2024,25,16,41
611,61101,2024,78,29,107
611,61102,2024,29,9,38
611,61103,2024,3,0,3
612,61201,2024,14,11,25
613,61301,2024,36,19,55
701,70101,2024,300,184,484
701,70102,2024,54,44,98
701,70103,2024,36,13,49
701,70104,2024,37,19,56
702,70201,2024,115,85,200
702,70202,2024,33,23,56
702,70203,2024,72,71,143
702,70204,2024,55,29,84
702,70205,2024,146,90,236
702,70206,2024,6,3,9
702,70207,2024,26,18,44
703,70301,2024,96,60,156
703,70302,2024,27,11,38
703,70303,2024,8,4,12
703,70304,2024,10,3,13
703,70305,2024,32,10,42
703,70306,2024,23,13,36
703,70307,2024,9,9,18
704,70401,2024,33,16,49
704,70402,2024,33,17,50
704,70403,2024,37,23,60
704,70404,2024,11,20,31
705,70501,2024,21,9,30
705,70502,2024,67,27,94
705,70503,2024,37,23,60
706,70601,2024,66,54,120
706,70602,2024,5,4,9
706,70603,2024,31,17,48
706,70604,2024,22,23,45
706,70605,2024,28,16,44
